doc_id,ground_truth,gt_bucket,best_mra,best_mra_quantiles,best_tiebreak_quantile,best_abs_quantile,best_abs_error,p90_p05_ratio,p90_p05_spread,iqr_p75_p25,median,question,pred_min,mra_min,abs_err_min,pred_p05,mra_p05,abs_err_p05,pred_p10,mra_p10,abs_err_p10,pred_p25,mra_p25,abs_err_p25,pred_median,mra_median,abs_err_median,pred_p75,mra_p75,abs_err_p75,pred_p90,mra_p90,abs_err_p90
228,0.9,<1m,0.3,median,median,median,0.3386816969229596,11.859206894216317,1.544876310003814,0.8976118604821048,0.5613183030770404,"Measuring from the closest point of each object, what is the distance between the table and the bathtub (in meters)?",0.004551218847242086,0.0,0.8954487811527579,0.14226419342158636,0.0,0.7577358065784137,0.2733213884083562,0.0,0.6266786115916438,0.4346553492113507,0.0,0.46534465078864934,0.5613183030770404,0.3,0.3386816969229596,1.3322672096934556,0.1,0.43226720969345556,1.6871405034254006,0.0,0.7871405034254005
229,0.7,<1m,0.6,p75,p75,p75,0.14802594757000653,7.671513935638623,1.675761986473487,0.20948502006623648,0.38162840427575706,"Measuring from the closest point of each object, what is the distance between the toilet and the table (in meters)?",0.001640303271382421,0.0,0.6983596967286175,0.251181666206484,0.0,0.44881833379351593,0.28217685200423576,0.0,0.4178231479957642,0.34248903236375694,0.0,0.357510967636243,0.38162840427575706,0.1,0.3183715957242429,0.5519740524299934,0.6,0.14802594757000653,1.926943652679971,0.0,1.226943652679971
230,4.2,>=3m,0.0,min|p05|p10|p25|median|p75|p90,p90,p90,2.332078786156939,7.969066940048493,1.6335247370791584,0.9869844042494164,1.4851264366757144,"Measuring from the closest point of each object, what is the distance between the bed and the toilet (in meters)?",0.09952943037286194,0.0,4.100470569627138,0.2343964767639026,0.0,3.9656035232360978,0.3145361664470897,0.0,3.8854638335529104,0.7998471324345139,0.0,3.4001528675654864,1.4851264366757144,0.0,2.7148735633242858,1.7868315366839302,0.0,2.4131684633160697,1.867921213843061,0.0,2.332078786156939
231,3.0,>=3m,0.0,min|p05|p10|p25|median|p75|p90,p90,p90,1.5658332143298013,4.7877335670908705,1.134616535938648,0.49393294533532583,1.1149486293121238,"Measuring from the closest point of each object, what is the distance between the table and the stove (in meters)?",0.0,0.0,3.0,0.2995502497315508,0.0,2.700449750268449,0.43021013899255633,0.0,2.5697898610074437,0.7879902609204421,0.0,2.2120097390795577,1.1149486293121238,0.0,1.8850513706878762,1.281923206255768,0.0,1.718076793744232,1.4341667856701987,0.0,1.5658332143298013
232,1.6,1-3m,0.3,p90,p90,p90,0.6098556659442301,3.692443777442311,0.7219901267785436,0.3156240584164128,0.6034669406023367,"Measuring from the closest point of each object, what is the distance between the stool and the fireplace (in meters)?",0.00876477107905917,0.0,1.5912352289209408,0.26815420727722633,0.0,1.3318457927227738,0.30070488755253216,0.0,1.2992951124474679,0.3837053038411217,0.0,1.2162946961588783,0.6034669406023367,0.0,0.9965330593976633,0.6993293622575345,0.0,0.9006706377424656,0.99014433405577,0.3,0.6098556659442301
233,1.4,1-3m,1.0,p75,p75,p75,0.0031315467845156597,1.4379273995373256,0.4549479285168232,0.2119895694641274,1.2900543918342493,"Measuring from the closest point of each object, what is the distance between the table and the sofa (in meters)?",0.8454730596572225,0.3,0.5545269403427774,1.0388660974341406,0.5,0.3611339025658593,1.0917172722425668,0.6,0.30828272775743315,1.1848788837513569,0.7,0.21512111624864305,1.2900543918342493,0.9,0.10994560816575061,1.3968684532154843,1.0,0.0031315467845156597,1.4938140259509638,0.9,0.09381402595096389
234,2.7,1-3m,0.0,min|p05|p10|p25|median|p75|p90,p90,p90,1.5526620575351466,4.07125540713792,0.8655236547998533,0.49168419026813726,0.7755066622968623,"Measuring from the closest point of each object, what is the distance between the chair and the sofa (in meters)?",0.002309523179178523,0.0,2.6976904768208216,0.2818142876650003,0.0,2.418185712335,0.3779442543671181,0.0,2.3220557456328823,0.5326229146490542,0.0,2.167377085350946,0.7755066622968623,0.0,1.924493337703138,1.0243071049171915,0.0,1.6756928950828087,1.1473379424648535,0.0,1.5526620575351466
235,0.4,<1m,1.0,p05,p05,p05,0.014823247724371769,3.5187654378342175,0.9701698910890848,0.555618750169009,0.9125331480232513,"Measuring from the closest point of each object, what is the distance between the fireplace and the sofa (in meters)?",0.11290358071289922,0.0,0.28709641928710083,0.38517675227562825,1.0,0.014823247724371769,0.49599618049159205,0.6,0.09599618049159203,0.682739694087389,0.0,0.28273969408738897,0.9125331480232513,0.0,0.5125331480232512,1.238358444256398,0.0,0.8383584442563979,1.355346643364713,0.0,0.955346643364713
236,2.6,1-3m,0.0,min|p05|p10|p25|median|p75|p90,p90,p90,1.3291299572329478,3.9398890948833802,0.9483051146279596,0.6943261794162601,0.5889206247096328,"Measuring from the closest point of each object, what is the distance between the fireplace and the table (in meters)?",0.11601802601736756,0.0,2.4839819739826323,0.32256492813909265,0.0,2.2774350718609075,0.3715024507879144,0.0,2.2284975492120855,0.4641581898128826,0.0,2.1358418101871175,0.5889206247096328,0.0,2.0110793752903673,1.1584843692291427,0.0,1.4415156307708574,1.2708700427670523,0.0,1.3291299572329478
237,3.6,>=3m,0.2,p75|p90,p90,p90,1.5005242484802004,5.525566615891015,1.7195191068054092,1.3034517126628191,1.4876824915728206,"Measuring from the closest point of each object, what is the distance between the fireplace and the chair (in meters)?",0.14401068753769872,0.0,3.4559893124623016,0.37995664471439056,0.0,3.2200433552856094,0.48880184217730427,0.0,3.1111981578226957,0.683994798659014,0.0,2.916005201340986,1.4876824915728206,0.0,2.1123175084271795,1.9874465113218331,0.2,1.612553488678167,2.0994757515197997,0.2,1.5005242484802004
238,2.4,1-3m,0.0,min|p05|p10|p25|median|p75|p90,p90,p90,1.3935267359270829,5.203232673582972,0.8130409639601768,0.5172291791504104,0.7397391860823316,"Measuring from the closest point of each object, what is the distance between the washer and the refrigerator (in meters)?",0.0007276506349876095,0.0,2.3992723493650123,0.1934323001127402,0.0,2.20656769988726,0.23053367568737185,0.0,2.169466324312628,0.3313003758060982,0.0,2.0686996241939015,0.7397391860823316,0.0,1.6602608139176684,0.8485295549565086,0.0,1.5514704450434913,1.006473264072917,0.0,1.3935267359270829
239,2.1,1-3m,0.6,p90,p90,p90,0.44155626110822754,13.682916879023667,1.5372383151100775,0.6305428081386653,0.6716268517375414,"Measuring from the closest point of each object, what is the distance between the table and the dishwasher (in meters)?",0.0030907002740324847,0.0,2.0969092997259677,0.1212054237816951,0.0,1.978794576218305,0.1619942872127829,0.0,1.9380057127872172,0.2834030972997317,0.0,1.8165969027002684,0.6716268517375414,0.0,1.4283731482624586,0.9139459054383969,0.0,1.1860540945616032,1.6584437388917725,0.6,0.44155626110822754
240,0.9,<1m,0.9,median,median,median,0.07123222263346052,8.412971006699882,1.1442603334522818,0.47426690191692944,0.8287677773665395,"Measuring from the closest point of each object, what is the distance between the table and the washer (in meters)?",0.0038250836843307366,0.0,0.8961749163156693,0.15435920799070887,0.0,0.7456407920092911,0.3090265711765538,0.0,0.5909734288234463,0.5991345597073439,0.4,0.30086544029265616,0.8287677773665395,0.9,0.07123222263346052,1.0734014616242733,0.7,0.17340146162427328,1.2986195414429906,0.2,0.3986195414429906
241,0.5,<1m,1.0,p05|p10,p10,p10,0.016606906909059638,2.5263995255801728,0.7298467099612302,0.4435966874798135,0.8229999408496387,"Measuring from the closest point of each object, what is the distance between the chair and the sofa (in meters)?",0.3633992415340412,0.5,0.13660075846595882,0.47814919864038946,1.0,0.02185080135961054,0.5166069069090596,1.0,0.016606906909059638,0.6244745904617236,0.6,0.1244745904617236,0.8229999408496387,0.0,0.3229999408496387,1.0680712779415371,0.0,0.5680712779415371,1.2079959086016197,0.0,0.7079959086016197
242,0.7,<1m,1.0,median,median,median,0.012988559093507601,3.8927331145803064,0.9426389015649046,0.43506035642715324,0.7129885590935076,"Measuring from the closest point of each object, what is the distance between the fireplace and the table (in meters)?",0.016049476609908526,0.0,0.6839505233900914,0.32586445559519506,0.0,0.3741355444048049,0.40507308902098105,0.2,0.2949269109790189,0.5572410563177301,0.6,0.14275894368226982,0.7129885590935076,1.0,0.012988559093507601,0.9923014127448834,0.2,0.2923014127448834,1.2685033571600997,0.0,0.5685033571600997
243,1.0,1-3m,1.0,p75,p75,p75,0.014646921712726524,1.5344703189480937,0.37624593158861286,0.18929837959484797,0.9166201019083915,"Measuring from the closest point of each object, what is the distance between the washer and the refrigerator (in meters)?",0.5432747021610594,0.1,0.45672529783894056,0.7039603851699627,0.5,0.29603961483003727,0.7501834105012407,0.6,0.2498165894987593,0.8253485421178786,0.7,0.17465145788212144,0.9166201019083915,0.9,0.0833798980916085,1.0146469217127265,1.0,0.014646921712726524,1.0802063167585756,0.9,0.08020631675857559
244,0.9,<1m,1.0,p90,p90,p90,0.005839136202490547,1.6307030061821666,0.3503491832384259,0.19756794417960044,0.6374803169820619,"Measuring from the closest point of each object, what is the distance between the stove and the washer (in meters)?",0.5295322797661403,0.2,0.37046772023385977,0.5554899529640647,0.3,0.34451004703593535,0.5604598510016682,0.3,0.33954014899833185,0.5778037432523981,0.3,0.3221962567476019,0.6374803169820619,0.5,0.26251968301793815,0.7753716874319986,0.8,0.12462831256800144,0.9058391362024906,1.0,0.005839136202490547
245,3.5,>=3m,0.0,min|p05|p10|p25|median|p75|p90,p90,p90,2.4824074675141246,8.819675338740732,0.9022149824737947,0.606101208561101,0.7645414872054714,"Measuring from the closest point of each object, what is the distance between the stool and the stove (in meters)?",0.003770584096981098,0.0,3.4962294159030187,0.11537755001208093,0.0,3.384622449987919,0.1594154881158088,0.0,3.3405845118841913,0.3607447327428933,0.0,3.1392552672571066,0.7645414872054714,0.0,2.7354585127945286,0.9668459413039943,0.0,2.533154058696006,1.0175925324858757,0.0,2.4824074675141246
246,0.4,<1m,0.7,median,median,median,0.07022102287250426,14.652503134881306,0.9334325063181387,0.4975307882658618,0.4702210228725043,"Measuring from the closest point of each object, what is the distance between the tv and the fireplace (in meters)?",0.0,0.0,0.4,0.06837079597024784,0.0,0.33162920402975216,0.10742225849126077,0.0,0.2925777415087393,0.31896594451388344,0.6,0.08103405548611659,0.4702210228725043,0.7,0.07022102287250426,0.8164967327797452,0.0,0.4164967327797452,1.0018033022883865,0.0,0.6018033022883865
247,2.9,1-3m,0.0,min|p05|p10|p25|median|p75|p90,p90,p90,2.0283052948984355,2.6483917534495967,0.5425535559622197,0.3390769672537138,0.5454433417667863,"Measuring from the closest point of each object, what is the distance between the toilet and the bed (in meters)?",0.2579859558489343,0.0,2.6420140441510656,0.3291411491393447,0.0,2.570858850860655,0.35128605276923586,0.0,2.5487139472307643,0.40649556623394806,0.0,2.4935044337660517,0.5454433417667863,0.0,2.3545566582332134,0.7455725334876618,0.0,2.154427466512338,0.8716947051015643,0.0,2.0283052948984355
248,1.4,1-3m,0.8,p75,p75,p75,0.1433592397865313,10.751474183328762,1.4935520143310397,1.2423624491817935,1.164684068946365,"Measuring from the closest point of each object, what is the distance between the toilet and the table (in meters)?",0.002357650334241674,0.0,1.3976423496657582,0.15316166420093016,0.0,1.2468383357990698,0.1915875274668313,0.0,1.2084124725331686,0.3009967906047378,0.0,1.0990032093952622,1.164684068946365,0.7,0.23531593105363502,1.5433592397865312,0.8,0.1433592397865313,1.6467136785319698,0.7,0.2467136785319699
249,2.4,1-3m,0.5,p90,p90,p90,0.7197331570492829,3.8619067614586413,1.245179476337008,0.8343215536535042,0.7873174951490179,"Measuring from the closest point of each object, what is the distance between the chair and the bed (in meters)?",0.3042205880051415,0.0,2.0957794119948585,0.4350873666137089,0.0,1.964912633386291,0.4798380752257766,0.0,1.9201619247742232,0.6036037791418694,0.0,1.7963962208581306,0.7873174951490179,0.0,1.6126825048509819,1.4379253327953736,0.2,0.9620746672046263,1.680266842950717,0.5,0.7197331570492829
250,3.7,>=3m,0.0,min|p05|p10|p25|median|p75|p90,p90,p90,2.5208580820324515,5.060493373846046,0.9461326378721212,0.5391421309931697,0.7077283714055358,"Measuring from the closest point of each object, what is the distance between the table and the bed (in meters)?",0.00215290881085163,0.0,3.6978470911891486,0.23300928009542762,0.0,3.4669907199045724,0.3045666555573937,0.0,3.3954333444426066,0.46575753387768176,0.0,3.2342424661223186,0.7077283714055358,0.0,2.992271628594464,1.0048996648708515,0.0,2.6951003351291485,1.1791419179675489,0.0,2.5208580820324515
251,1.2,1-3m,0.9,median,median,median,0.09253223531004662,8.282084611573753,2.08264000625591,0.8896559455595057,1.1074677646899533,"Measuring from the closest point of each object, what is the distance between the table and the chair (in meters)?",0.02004923823472384,0.0,1.179950761765276,0.2859950299047438,0.0,0.9140049700952562,0.3797103737799829,0.0,0.820289626220017,0.835074519483489,0.4,0.36492548051651097,1.1074677646899533,0.9,0.09253223531004662,1.7247304650429947,0.2,0.5247304650429947,2.368635036160654,0.0,1.168635036160654
252,3.6,>=3m,0.3,p90,p90,p90,1.360116873705811,1.2662551563719766,0.47097966712738715,0.22663471774399113,1.9811091913510532,"Measuring from the closest point of each object, what is the distance between the tv and the washer (in meters)?",1.6043457029090862,0.0,1.995654297090914,1.768903459166802,0.0,1.831096540833198,1.8028789260687141,0.1,1.797121073931286,1.877384419279326,0.1,1.722615580720674,1.9811091913510532,0.2,1.6188908086489469,2.104019137023317,0.2,1.4959808629766829,2.239883126294189,0.3,1.360116873705811
253,2.6,1-3m,0.0,min|p05|p10|p25|median|p75|p90,p90,p90,1.5634652634572335,3.5177798514343253,0.7418787943523723,0.46429784907511773,0.5687736069365765,"Measuring from the closest point of each object, what is the distance between the stool and the refrigerator (in meters)?",0.11626206618266988,0.0,2.48373793381733,0.29465594219039437,0.0,2.305344057809606,0.34791494206271245,0.0,2.2520850579372875,0.4790031675971407,0.0,2.1209968324028594,0.5687736069365765,0.0,2.031226393063424,0.9433010166722584,0.0,1.6566989833277417,1.0365347365427666,0.0,1.5634652634572335
254,3.5,>=3m,0.1,p90,p90,p90,1.739014265002885,7.2114458380884585,1.5167925767130752,1.0012818432858293,0.8773440737529539,"Measuring from the closest point of each object, what is the distance between the stool and the table (in meters)?",0.04583225598797985,0.0,3.45416774401202,0.24419315828403979,0.0,3.2558068417159602,0.3110963986729127,0.0,3.1889036013270875,0.5260713418198697,0.0,2.9739286581801303,0.8773440737529539,0.0,2.622655926247046,1.527353185105699,0.0,1.972646814894301,1.760985734997115,0.1,1.739014265002885
255,5.2,>=3m,0.0,min|p05|p10|p25|median|p75|p90,p90,p90,3.1032790893968416,3.014426815593315,1.4011588555693324,0.8795834762003034,1.0409762346799059,"Measuring from the closest point of each object, what is the distance between the refrigerator and the table (in meters)?",0.5340980650389506,0.0,4.66590193496105,0.6955620550338262,0.0,4.504437944966174,0.7341584837889542,0.0,4.465841516211046,0.9470603489089626,0.0,4.2529396510910376,1.0409762346799059,0.0,4.159023765320095,1.826643825109266,0.0,3.373356174890734,2.0967209106031586,0.0,3.1032790893968416
256,1.0,1-3m,0.7,median,median,median,0.16992217539639087,3.066708260143026,1.2802196141117632,1.0505203859086074,0.8300778246036091,"Measuring from the closest point of each object, what is the distance between the refrigerator and the stool (in meters)?",0.38395352290282597,0.0,0.6160464770971741,0.6194486366562284,0.3,0.3805513633437716,0.6747064201799313,0.4,0.3252935798200687,0.7440127367027736,0.5,0.25598726329722643,0.8300778246036091,0.7,0.16992217539639087,1.794533122611381,0.0,0.794533122611381,1.8996682507679916,0.0,0.8996682507679916
257,9.1,>=3m,0.0,min|p05|p10|p25|median|p75|p90,p90,p90,7.688921990158905,5.7343164632055075,1.1650019484839413,0.793629407740339,1.2245808831670417,"Measuring from the closest point of each object, what is the distance between the tv and the refrigerator (in meters)?",0.06429504623672211,0.0,9.035704953763277,0.2460760613571537,0.0,8.853923938642845,0.41030067507813384,0.0,8.689699324921866,0.5741520883651052,0.0,8.525847911634894,1.2245808831670417,0.0,7.875419116832958,1.3677814961054442,0.0,7.732218503894556,1.411078009841095,0.0,7.688921990158905
258,8.8,>=3m,0.0,min|p05|p10|p25|median|p75|p90,p90,p90,7.840649425347618,1.5236343166754542,0.32970436351579535,0.1640129575930941,0.8813968022173935,"Measuring from the closest point of each object, what is the distance between the tv and the stove (in meters)?",0.560824702390155,0.0,8.239175297609846,0.6296462111365868,0.0,8.170353788863414,0.654940362571642,0.0,8.145059637428359,0.7754020114993493,0.0,8.024597988500652,0.8813968022173935,0.0,7.918603197782607,0.9394149690924434,0.0,7.860585030907558,0.9593505746523822,0.0,7.840649425347618
259,5.5,>=3m,0.0,min|p05|p10|p25|median|p75|p90,p90,p90,2.9702364164288397,10.30537621396212,2.2842836000123126,1.104323998367375,1.4085523860468396,"Measuring from the closest point of each object, what is the distance between the chair and the tv (in meters)?",0.04363021883762085,0.0,5.456369781162379,0.2454799835588476,0.0,5.254520016441153,0.4693278333777461,0.0,5.030672166622254,1.0008297954002092,0.0,4.499170204599791,1.4085523860468396,0.0,4.091447613953161,2.105153793767584,0.0,3.394846206232416,2.5297635835711603,0.0,2.9702364164288397
260,1.0,1-3m,0.8,p90,p90,p90,0.1146707063732475,5.4583099417684595,0.7231308653455049,0.3101360639365236,0.5814004238769859,"Measuring from the closest point of each object, what is the distance between the stool and the bed (in meters)?",0.0021778105079586587,0.0,0.9978221894920414,0.16219842828124764,0.0,0.8378015717187524,0.2692869944482893,0.0,0.7307130055517107,0.4230376317220983,0.0,0.5769623682779017,0.5814004238769859,0.2,0.4185995761230141,0.7331736956586219,0.5,0.2668263043413781,0.8853292936267525,0.8,0.1146707063732475
261,0.9,<1m,1.0,median,median,median,0.03792192540660844,18.22373521278565,0.9722391772568209,0.6000140370981988,0.8620780745933916,"Measuring from the closest point of each object, what is the distance between the table and the stool (in meters)?",0.0,0.0,0.9,0.05644763840395672,0.0,0.8435523615960433,0.09272972621902002,0.0,0.80727027378098,0.36929765569915163,0.0,0.5307023443008484,0.8620780745933916,1.0,0.03792192540660844,0.9693116927973504,0.9,0.06931169279735039,1.0286868156607776,0.8,0.12868681566077755
262,1.0,1-3m,0.6,median,median,median,0.2437726710357424,8.984585017831357,2.378579237643536,0.9291139146883851,0.7562273289642576,"Measuring from the closest point of each object, what is the distance between the stool and the bed (in meters)?",0.005730593252679126,0.0,0.9942694067473209,0.2978964131926254,0.0,0.7021035868073746,0.3785452918465288,0.0,0.6214547081534711,0.49643216322003775,0.0,0.5035678367799623,0.7562273289642576,0.6,0.2437726710357424,1.4255460779084228,0.2,0.4255460779084228,2.6764756508361613,0.0,1.6764756508361613
263,2.8,1-3m,0.0,min|p05|p10|p25|median|p75|p90,p90,p90,1.7236525830477751,4.990502144233916,0.8606682356105537,0.5531706686459799,0.6841266771460388,"Measuring from the closest point of each object, what is the distance between the stool and the table (in meters)?",0.10940633292658727,0.0,2.6905936670734127,0.21567918134167102,0.0,2.5843208186583286,0.2454666103104254,0.0,2.5545333896895746,0.3742962985577892,0.0,2.4257037014422105,0.6841266771460388,0.0,2.115873322853961,0.927466967203769,0.0,1.8725330327962308,1.0763474169522247,0.0,1.7236525830477751
264,0.5,<1m,0.9,p25,p25,p25,0.03803194294919243,2.3869294207648126,0.5257509706221329,0.3097678162827884,0.7578193608006581,"Measuring from the closest point of each object, what is the distance between the washer and the stove (in meters)?",0.2487329718513003,0.0,0.2512670281486997,0.37907550503342213,0.6,0.12092449496657787,0.4248288871222442,0.7,0.0751711128777558,0.5380319429491924,0.9,0.03803194294919243,0.7578193608006581,0.0,0.25781936080065815,0.8477997592319808,0.0,0.3477997592319808,0.9048264756555551,0.0,0.4048264756555551
265,1.4,1-3m,0.9,p90,p90,p90,0.13770191493251271,7.811831394505566,1.1007101012362794,0.46167653872114556,0.8575089381368526,"Measuring from the closest point of each object, what is the distance between the refrigerator and the dishwasher (in meters)?",0.0015912597943975983,0.0,1.3984087402056022,0.16158798383120784,0.0,1.2384120161687922,0.23180898563835328,0.0,1.1681910143616467,0.5965006073587523,0.0,0.8034993926412476,0.8575089381368526,0.3,0.5424910618631473,1.0581771460798979,0.6,0.34182285392010203,1.2622980850674872,0.9,0.13770191493251271
266,0.9,<1m,0.7,p75,p75,p75,0.15447765357963417,3.899085943754817,0.8760058245297402,0.3666411817533622,0.44419551007053737,"Measuring from the closest point of each object, what is the distance between the fireplace and the tv (in meters)?",0.22036277447816016,0.0,0.6796372255218399,0.30216621429137813,0.0,0.5978337857086219,0.3284828154898702,0.0,0.5715171845101299,0.37888116466700367,0.0,0.5211188353329963,0.44419551007053737,0.0,0.45580448992946265,0.7455223464203659,0.7,0.15447765357963417,1.1781720388211183,0.4,0.2781720388211183
267,9.4,>=3m,0.0,min|p05|p10|p25|median|p75|p90,p90,p90,7.076631934483434,4.330021161226511,1.786796076834078,1.6439751162634249,0.7022119066861181,"Measuring from the closest point of each object, what is the distance between the stove and the tv (in meters)?",0.4639681150465526,0.0,8.936031884953447,0.5365719886824883,0.0,8.863428011317511,0.5624170825155235,0.0,8.837582917484477,0.6107502528057851,0.0,8.789249747194216,0.7022119066861181,0.0,8.697788093313882,2.25472536906921,0.0,7.145274630930791,2.3233680655165663,0.0,7.076631934483434
268,8.0,>=3m,0.0,min|p05|p10|p25|median|p75|p90,p90,p90,5.890291440990279,33.05868643277993,2.045891487411927,1.8777403473305458,1.092846819141938,"Measuring from the closest point of each object, what is the distance between the stove and the fireplace (in meters)?",0.0,0.0,8.0,0.06381707159779348,0.0,7.936182928402206,0.09348882940887278,0.0,7.906511170591127,0.15123914300557698,0.0,7.848760856994423,1.092846819141938,0.0,6.907153180858062,2.028979490336123,0.0,5.971020509663877,2.1097085590097207,0.0,5.890291440990279
269,1.2,1-3m,0.0,min|p05|p10|p25|median|p75|p90,p90,p90,0.6821789757679757,1.9745706497235516,0.2555761537815689,0.1310476012280251,0.3691825784659397,"Measuring from the closest point of each object, what is the distance between the fireplace and the sofa (in meters)?",0.18402982306331087,0.0,1.0159701769366891,0.26224487045045536,0.0,0.9377551295495445,0.27975514934833184,0.0,0.9202448506516681,0.3131582132614566,0.0,0.8868417867385434,0.3691825784659397,0.0,0.8308174215340602,0.4442058144894817,0.0,0.7557941855105182,0.5178210242320243,0.0,0.6821789757679757
270,1.7,1-3m,0.0,min|p05|p10|p25|median|p75|p90,p90,p90,1.2097903624371917,1.3649445508560742,0.1310671088385787,0.06272266581605374,0.4318151530698105,"Measuring from the closest point of each object, what is the distance between the tv and the fireplace (in meters)?",0.2974463881744663,0.0,1.4025536118255337,0.3591425287242296,0.0,1.3408574712757704,0.37289965605026626,0.0,1.3271003439497338,0.3999609457329728,0.0,1.3000390542670273,0.4318151530698105,0.0,1.2681848469301895,0.46268361154902654,0.0,1.2373163884509735,0.4902096375628083,0.0,1.2097903624371917
271,4.1,>=3m,0.0,min|p05|p10|p25|median|p75|p90,p90,p90,2.382358922448823,1.1919071656048774,0.27655478566744907,0.1298094168382249,1.5963008922126898,"Measuring from the closest point of each object, what is the distance between the stove and the sofa (in meters)?",1.3109626229494165,0.0,2.789037377050583,1.4410862918837273,0.0,2.6589137081162724,1.4758382942538393,0.0,2.62416170574616,1.5315657476884807,0.0,2.568434252311519,1.5963008922126898,0.0,2.50369910778731,1.6613751645267056,0.0,2.438624835473294,1.7176410775511763,0.0,2.382358922448823
272,5.8,>=3m,0.0,min|p05|p10|p25|median|p75|p90,p90,p90,4.433689954175266,6.21574236324226,1.1464955866694415,0.7506711963287729,0.9625580026876807,"Measuring from the closest point of each object, what is the distance between the stove and the fireplace (in meters)?",0.06283579088630585,0.0,5.737164209113694,0.21981445915529194,0.0,5.580185540844708,0.299875671331761,0.0,5.500124328668239,0.5627898411893435,0.0,5.237210158810656,0.9625580026876807,0.0,4.837441997312319,1.3134610375181164,0.0,4.486538962481884,1.3663100458247335,0.0,4.433689954175266
273,4.2,>=3m,0.0,min|p05|p10|p25|median|p75|p90,p90,p90,2.8024478960429775,7.934478335882346,1.2214154955001277,0.804570424693619,0.9727762087320806,"Measuring from the closest point of each object, what is the distance between the stool and the washer (in meters)?",0.10218327610070523,0.0,4.097816723899295,0.17613660845689472,0.0,4.023863391543106,0.20025050723490206,0.0,3.999749492765098,0.49468216866355125,0.0,3.705317831336449,0.9727762087320806,0.0,3.2272237912679196,1.2992525933571701,0.0,2.90074740664283,1.3975521039570225,0.0,2.8024478960429775
274,3.6,>=3m,0.0,min|p05|p10|p25|median|p75|p90,p90,p90,2.1203433043795754,5.82352656486112,1.2255741085247287,0.6833060494102425,0.9928801680974009,"Measuring from the closest point of each object, what is the distance between the stool and the dishwasher (in meters)?",0.028612244716031746,0.0,3.5713877552839683,0.254082587095696,0.0,3.345917412904304,0.37997703511168845,0.0,3.2200229648883116,0.5471610073975519,0.0,3.052838992602448,0.9928801680974009,0.0,2.607119831902599,1.2304670568077944,0.0,2.3695329431922056,1.4796566956204247,0.0,2.1203433043795754
275,3.5,>=3m,0.0,min|p05|p10|p25|median|p75|p90,p90,p90,1.9801444170279274,6.66242082544013,1.2917319590231653,0.9024822941318861,0.9543947262790469,"Measuring from the closest point of each object, what is the distance between the sofa and the bed (in meters)?",0.004273460299792727,0.0,3.495726539700207,0.22812362394890728,0.0,3.2718763760510927,0.3545980320780937,0.0,3.1454019679219063,0.47800997549496527,0.0,3.0219900245050346,0.9543947262790469,0.0,2.545605273720953,1.3804922696268513,0.0,2.1195077303731487,1.5198555829720726,0.0,1.9801444170279274
276,3.4,>=3m,0.0,min|p05|p10|p25|median|p75|p90,p90,p90,2.191293997793211,4.848184055315257,0.9593949223434663,0.38272394314926483,0.8407264882520367,"Measuring from the closest point of each object, what is the distance between the stool and the bed (in meters)?",0.0020497252713624695,0.0,3.3979502747286374,0.24931107986332252,0.0,3.1506889201366772,0.37123331519253633,0.0,3.0287666848074637,0.6266542485311233,0.0,2.7733457514688764,0.8407264882520367,0.0,2.5592735117479632,1.0093781916803881,0.0,2.3906218083196116,1.2087060022067888,0.0,2.191293997793211
277,1.6,1-3m,1.0,p90,p90,p90,0.011655027469775314,1.655124987771857,0.6379188810296211,0.31403097324145257,1.1669957791245942,"Measuring from the closest point of each object, what is the distance between the toilet and the bed (in meters)?",0.8755644935812061,0.1,0.724435506418794,0.9737361464401543,0.3,0.6262638535598458,1.0000025044932768,0.3,0.5999974955067233,1.057251814689077,0.4,0.5427481853109231,1.1669957791245942,0.5,0.4330042208754059,1.3712827879305296,0.8,0.2287172120694705,1.6116550274697754,1.0,0.011655027469775314
278,4.1,>=3m,0.0,min|p05|p10|p25|median|p75|p90,p90,p90,2.718562911679077,9.460158262813604,1.235410240783801,0.9224284300294276,0.37527166700099557,"Measuring from the closest point of each object, what is the distance between the tv and the sofa (in meters)?",0.02850652485518281,0.0,4.071493475144817,0.14602684753712153,0.0,3.9539731524628783,0.2823451688727939,0.0,3.817654831127206,0.34714892816306686,0.0,3.7528510718369326,0.37527166700099557,0.0,3.724728332999004,1.2695773581924945,0.0,2.8304226418075054,1.3814370883209226,0.0,2.718562911679077
279,1.0,1-3m,0.7,p90,p90,p90,0.1898445170199663,1.9970062232749106,0.4044704763246956,0.2090183808695466,0.6182665676870407,"Measuring from the closest point of each object, what is the distance between the chair and the sofa (in meters)?",0.023419110082499372,0.0,0.9765808899175006,0.4056850066553381,0.0,0.5943149933446619,0.4476827773797224,0.0,0.5523172226202776,0.5254817658935219,0.1,0.4745182341064781,0.6182665676870407,0.3,0.3817334323129593,0.7345001467630685,0.5,0.2654998532369315,0.8101554829800337,0.7,0.1898445170199663
280,0.4,<1m,0.9,p25,p25,p25,0.02470434316472353,11.8834723641728,1.3041622738127816,0.7074648716606695,0.761539949844606,"Measuring from the closest point of each object, what is the distance between the tv and the fireplace (in meters)?",0.0031507987098602056,0.0,0.39684920129013984,0.11982961229413702,0.0,0.280170387705863,0.19110028600926926,0.0,0.20889971399073076,0.42470434316472355,0.9,0.02470434316472353,0.761539949844606,0.0,0.361539949844606,1.132169214825393,0.0,0.732169214825393,1.4239918861069185,0.0,1.0239918861069186
281,4.9,>=3m,0.0,min|p05|p10|p25|median|p75|p90,p90,p90,3.6538923354896453,19.917400518709904,1.1835438945374717,0.459241817866641,0.24627468022590943,"Measuring from the closest point of each object, what is the distance between the washer and the fireplace (in meters)?",0.002360778292843919,0.0,4.8976392217071565,0.0625637699728834,0.0,4.837436230027117,0.09373382524260612,0.0,4.806266174757394,0.19385500864128305,0.0,4.706144991358717,0.24627468022590943,0.0,4.653725319774091,0.653096826507924,0.0,4.246903173492076,1.246107664510355,0.0,3.6538923354896453
282,4.0,>=3m,0.0,min|p05|p10|p25|median|p75|p90,p90,p90,2.6368628648760204,3.2127256137445155,0.9388440895889745,0.6023035388476374,1.021246834771293,"Measuring from the closest point of each object, what is the distance between the washer and the tv (in meters)?",0.36165932658344674,0.0,3.638340673416553,0.4242930455350054,0.0,3.5757069544649944,0.6073535750815162,0.0,3.3926464249184836,0.6724783018010596,0.0,3.3275216981989404,1.021246834771293,0.0,2.978753165228707,1.274781840648697,0.0,2.7252181593513027,1.3631371351239798,0.0,2.6368628648760204
283,4.3,>=3m,0.0,min|p05|p10|p25|median|p75|p90,p90,p90,2.270148025286391,11.362824298457706,1.8512122350329447,1.0676784384115168,1.0490038331838287,"Measuring from the closest point of each object, what is the distance between the dishwasher and the fireplace (in meters)?",0.0,0.0,4.3,0.17863973968066404,0.0,4.121360260319336,0.3139536171418963,0.0,3.9860463828581034,0.6412551027973575,0.0,3.6587448972026424,1.0490038331838287,0.0,3.2509961668161713,1.7089335412088742,0.0,2.5910664587911256,2.029851974713609,0.0,2.270148025286391
284,3.5,>=3m,0.2,p90,p90,p90,1.5385800148773365,6.1039248476070584,1.6400824794861704,1.1235336093572645,0.8763208932299997,"Measuring from the closest point of each object, what is the distance between the dishwasher and the tv (in meters)?",0.11016162748139768,0.0,3.3898383725186023,0.3213375056364931,0.0,3.1786624943635067,0.6485055515169743,0.0,2.8514944484830256,0.7086962218433255,0.0,2.7913037781566743,0.8763208932299997,0.0,2.62367910677,1.83222983120059,0.1,1.66777016879941,1.9614199851226635,0.2,1.5385800148773365
285,1.9,1-3m,0.2,p90,p90,p90,0.8028217018263861,2.192531862167813,0.5967621732791709,0.368374522913792,0.8616791946846255,"Measuring from the closest point of each object, what is the distance between the fireplace and the bed (in meters)?",0.014641279909740165,0.0,1.8853587200902597,0.5004161248944429,0.0,1.3995838751055572,0.5467113957237243,0.0,1.3532886042762757,0.6619560420686357,0.0,1.2380439579313642,0.8616791946846255,0.0,1.0383208053153745,1.0303305649824277,0.1,0.8696694350175722,1.0971782981736138,0.2,0.8028217018263861
286,0.5,<1m,1.0,p25,p25,p25,0.001280720942789637,12.14558938272767,1.261667514373703,0.45995893068826676,0.6816927285102802,"Measuring from the closest point of each object, what is the distance between the tv and the fireplace (in meters)?",0.002596312421294432,0.0,0.49740368757870557,0.11319881533846118,0.0,0.3868011846615388,0.32665756378603084,0.4,0.17334243621396916,0.5012807209427896,1.0,0.001280720942789637,0.6816927285102802,0.3,0.18169272851028018,0.9612396516310564,0.0,0.4612396516310564,1.3748663297121642,0.0,0.8748663297121642
287,1.3,1-3m,0.2,p90,p90,p90,0.5283033974905585,2.950785813050027,0.5101741974956424,0.18622895000471906,0.5610579289132209,"Measuring from the closest point of each object, what is the distance between the fireplace and the tv (in meters)?",0.016503183878166378,0.0,1.2834968161218336,0.26152240501379903,0.0,1.038477594986201,0.4094573966748391,0.0,0.8905426033251609,0.47518943024829574,0.0,0.8248105697517043,0.5610579289132209,0.0,0.7389420710867791,0.6614183802530148,0.1,0.6385816197469852,0.7716966025094415,0.2,0.5283033974905585
288,2.5,1-3m,0.2,p90,p90,p90,1.1145310062637475,4.261630576694297,1.0603659683090823,0.19261911724944358,1.2363293682773069,"Measuring from the closest point of each object, what is the distance between the sofa and the fireplace (in meters)?",0.18739884211191193,0.0,2.3126011578880883,0.3251030254271703,0.0,2.17489697457283,0.364071931395627,0.0,2.135928068604373,1.129615580651287,0.0,1.370384419348713,1.2363293682773069,0.0,1.2636706317226931,1.3222346979007307,0.1,1.1777653020992693,1.3854689937362525,0.2,1.1145310062637475
289,2.7,1-3m,0.0,min|p05|p10|p25|median|p75|p90,p90,p90,1.794406028383663,3.276314945511489,0.6291877082755708,0.3168401301252096,0.6694987445187853,"Measuring from the closest point of each object, what is the distance between the stool and the fireplace (in meters)?",0.0025904085248663884,0.0,2.6974095914751337,0.27640626334076634,0.0,2.423593736659234,0.41869540872111566,0.0,2.2813045912788845,0.5277979481017984,0.0,2.1722020518982017,0.6694987445187853,0.0,2.030501255481215,0.844638078227008,0.0,1.8553619217729922,0.9055939716163371,0.0,1.794406028383663
290,0.8,<1m,0.9,p75,p75,p75,0.042291087537665084,5.128524007298999,0.7169769553743323,0.3727129688079193,0.5480422219052681,"Measuring from the closest point of each object, what is the distance between the stool and the table (in meters)?",0.0,0.0,0.8,0.1736642330544178,0.0,0.6263357669455822,0.2365740939575359,0.0,0.5634259060424641,0.38499594365441564,0.0,0.4150040563455844,0.5480422219052681,0.4,0.25195777809473197,0.757708912462335,0.9,0.042291087537665084,0.8906411884287501,0.8,0.09064118842875002
291,2.7,1-3m,0.0,min|p05|p10|p25|median|p75|p90,p90,p90,1.7187220703811747,1.1509651311410918,0.12870828778617904,0.06252003553363006,0.9173132849929169,"Measuring from the closest point of each object, what is the distance between the tv and the washer (in meters)?",0.8170498675493947,0.0,1.8829501324506055,0.8525696418326464,0.0,1.8474303581673537,0.8630925728541939,0.0,1.8369074271458063,0.8874350267609565,0.0,1.8125649732390436,0.9173132849929169,0.0,1.7826867150070833,0.9499550622945866,0.0,1.7500449377054137,0.9812779296188254,0.0,1.7187220703811747
292,1.8,1-3m,0.8,median,median,median,0.2660350898044874,2.5440702156804167,1.5973043815862267,1.1524563215599446,1.5339649101955126,"Measuring from the closest point of each object, what is the distance between the bed and the toilet (in meters)?",0.9326036132246824,0.1,0.8673963867753176,1.0344765188559457,0.2,0.7655234811440543,1.0773733351012078,0.2,0.7226266648987922,1.18694878478301,0.4,0.61305121521699,1.5339649101955126,0.8,0.2660350898044874,2.3394051063429546,0.5,0.5394051063429546,2.6317809004421724,0.1,0.8317809004421723
293,2.0,1-3m,0.0,min|p05|p10|p25|median|p75|p90,p90,p90,1.1770337153491082,2.5039461914293684,0.4942985650857583,0.2632532546406847,0.5513951332122068,"Measuring from the closest point of each object, what is the distance between the table and the fireplace (in meters)?",0.18973290002121337,0.0,1.8102670999787867,0.3286677195651335,0.0,1.6713322804348665,0.3678413178052934,0.0,1.6321586821947065,0.4514962623194074,0.0,1.5485037376805926,0.5513951332122068,0.0,1.448604866787793,0.7147495169600921,0.0,1.2852504830399079,0.8229662846508918,0.0,1.1770337153491082
294,1.7,1-3m,0.1,p90,p90,p90,0.7978507660279561,8.477791683828654,0.7957359995335416,0.2097675027296657,0.4885157956535624,"Measuring from the closest point of each object, what is the distance between the stove and the fireplace (in meters)?",0.0005539224027549418,0.0,1.699446077597245,0.10641323443850231,0.0,1.5935867655614977,0.383992905927754,0.0,1.316007094072246,0.43703820501577717,0.0,1.2629617949842227,0.4885157956535624,0.0,1.2114842043464376,0.6468057077454429,0.0,1.053194292254557,0.9021492339720438,0.1,0.7978507660279561
295,2.3,1-3m,0.0,min|p05|p10|p25|median|p75|p90,p90,p90,1.5181785258330547,1.9370001608128438,0.37819658554594415,0.16172791516437235,0.5551923889429042,"Measuring from the closest point of each object, what is the distance between the fireplace and the bed (in meters)?",0.28423187113015025,0.0,2.0157681288698495,0.4036248886210011,0.0,1.8963751113789988,0.47599327113287,0.0,1.8240067288671298,0.5086814192133281,0.0,1.7913185807866716,0.5551923889429042,0.0,1.7448076110570956,0.6704093343777004,0.0,1.6295906656222994,0.7818214741669453,0.0,1.5181785258330547
296,2.3,1-3m,0.6,p90,p90,p90,0.5654924041492428,5.7276540418602355,1.4316772253056427,0.8854147936970852,1.304807730963388,"Measuring from the closest point of each object, what is the distance between the fireplace and the tv (in meters)?",0.003835129536907824,0.0,2.296164870463092,0.30283037054511436,0.0,1.9971696294548855,0.5028348159102553,0.0,1.7971651840897445,0.792800249481855,0.0,1.507199750518145,1.304807730963388,0.2,0.9951922690366117,1.6782150431789402,0.5,0.6217849568210596,1.734507595850757,0.6,0.5654924041492428
297,5.3,>=3m,0.0,min|p05|p10|p25|median|p75|p90,p90,p90,3.416522425880652,1.124009109793463,0.207799363232394,0.11905913318183581,1.772983412784089,"Measuring from the closest point of each object, what is the distance between the chair and the tv (in meters)?",1.6315437697943718,0.0,3.668456230205628,1.675678210886954,0.0,3.624321789113046,1.6886589936672813,0.0,3.6113410063327187,1.7193316281636872,0.0,3.5806683718363126,1.772983412784089,0.0,3.5270165872159107,1.838390761345523,0.0,3.461609238654477,1.883477574119348,0.0,3.416522425880652
298,4.1,>=3m,0.0,min|p05|p10|p25|median|p75|p90,p90,p90,2.566359824326187,2.552758646661491,0.9328625903429338,0.7134382924409414,1.0231286789519627,"Measuring from the closest point of each object, what is the distance between the chair and the fireplace (in meters)?",0.4011618672725152,0.0,3.6988381327274844,0.6007775853308789,0.0,3.499222414669121,0.6383779556895302,0.0,3.4616220443104693,0.7003262729949659,0.0,3.399673727005034,1.0231286789519627,0.0,3.0768713210480367,1.4137645654359072,0.0,2.686235434564092,1.5336401756738127,0.0,2.566359824326187
299,3.6,>=3m,0.0,min|p05|p10|p25|median|p75|p90,p90,p90,1.8914963687860618,1.8503844040311865,0.78518000856999,0.3741002932998043,1.5116700046922302,"Measuring from the closest point of each object, what is the distance between the stove and the chair (in meters)?",0.5085865945510667,0.0,3.0914134054489333,0.9233236226439483,0.0,2.676676377356052,0.9883272521254103,0.0,2.61167274787459,1.2454508138644402,0.0,2.35454918613556,1.5116700046922302,0.0,2.08832999530777,1.6195511071642446,0.0,1.9804488928357555,1.7085036312139383,0.0,1.8914963687860618
300,1.4,1-3m,0.2,p90,p90,p90,0.629599729770703,3.5466343880499624,0.5531801719792249,0.1596949996236171,0.44828098230938307,"Measuring from the closest point of each object, what is the distance between the refrigerator and the chair (in meters)?",0.13496979606171486,0.0,1.265030203938285,0.21722009825007202,0.0,1.1827799017499279,0.2717633242203578,0.0,1.128236675779642,0.3902356423518538,0.0,1.009764357648146,0.44828098230938307,0.0,0.9517190176906168,0.5499306419754709,0.0,0.850069358024529,0.7704002702292969,0.2,0.629599729770703
301,1.0,1-3m,0.4,p90,p90,p90,0.30722285729303256,4.685819894679214,0.5449316944656423,0.3714653237378668,0.4737597756446495,"Measuring from the closest point of each object, what is the distance between the tv and the dishwasher (in meters)?",0.016785674847507762,0.0,0.9832143251524922,0.14784544824132517,0.0,0.8521545517586748,0.17596893389830925,0.0,0.8240310661016907,0.23912732677372917,0.0,0.7608726732262708,0.4737597756446495,0.0,0.5262402243553506,0.610592650511596,0.3,0.38940734948840405,0.6927771427069674,0.4,0.30722285729303256
302,2.7,1-3m,0.3,p90,p90,p90,0.9761227259976546,11.485754903131724,1.5737889873776405,0.781441666411505,0.907515307277259,"Measuring from the closest point of each object, what is the distance between the stool and the toilet (in meters)?",0.03474301939751681,0.0,2.6652569806024835,0.15008828662470505,0.0,2.549911713375295,0.1839310530403762,0.0,2.516068946959624,0.3031179988285927,0.0,2.3968820011714076,0.907515307277259,0.0,1.7924846927227411,1.0845596652400977,0.0,1.6154403347599025,1.7238772740023456,0.3,0.9761227259976546
303,1.0,1-3m,0.4,p90,p90,p90,0.3066204183204688,7.816766006097976,0.6046754320173031,0.35287572379544324,0.3821755635841586,"Measuring from the closest point of each object, what is the distance between the fireplace and the table (in meters)?",0.0,0.0,1.0,0.08870414966222802,0.0,0.9112958503377719,0.12581710846613697,0.0,0.874182891533863,0.21601949424764982,0.0,0.7839805057523501,0.3821755635841586,0.0,0.6178244364158414,0.5688952180430931,0.2,0.43110478195690694,0.6933795816795312,0.4,0.3066204183204688
304,4.8,>=3m,0.0,min|p05|p10|p25|median|p75|p90,p90,p90,2.838627787936707,1.3522170744424864,0.5108860074929515,0.20775124686137136,1.772684743838215,"Measuring from the closest point of each object, what is the distance between the stove and the sofa (in meters)?",1.3637454996900695,0.0,3.4362545003099303,1.4504862045703417,0.0,3.349513795429658,1.4955135936450346,0.0,3.3044864063549655,1.6717719054366735,0.0,3.128228094563326,1.772684743838215,0.0,3.027315256161785,1.879523152298045,0.0,2.9204768477019547,1.9613722120632933,0.0,2.838627787936707
305,1.1,1-3m,0.0,min|p05|p10|p25|median|p75|p90,p90,p90,0.6417576439332482,5.788661561477311,0.37908029913872426,0.1283233389237159,0.1750759258060689,"Measuring from the closest point of each object, what is the distance between the stool and the table (in meters)?",0.0004606637277339746,0.0,1.099539336272266,0.07916205692802757,0.0,1.0208379430719725,0.09675710213278811,0.0,1.0032428978672119,0.12885758332843616,0.0,0.9711424166715639,0.1750759258060689,0.0,0.9249240741939312,0.25718092225215206,0.0,0.842819077747848,0.45824235606675184,0.0,0.6417576439332482
306,1.2,1-3m,0.0,min|p05|p10|p25|median|p75|p90,p90,p90,0.6723256789979178,5.346717972293617,0.42898306334898356,0.23596972640773678,0.28979798265517,"Measuring from the closest point of each object, what is the distance between the stool and the chair (in meters)?",0.0,0.0,1.2,0.09869125765309857,0.0,1.1013087423469015,0.1365215100511607,0.0,1.0634784899488392,0.2010907977997089,0.0,0.998909202200291,0.28979798265517,0.0,0.91020201734483,0.4370605242074457,0.0,0.7629394757925543,0.5276743210020821,0.0,0.6723256789979178
307,2.3,1-3m,0.3,p90,p90,p90,0.9123985683379283,1.5877424805894558,0.51365527942023,0.249448721970829,1.1924057184705026,"Measuring from the closest point of each object, what is the distance between the stove and the bed (in meters)?",0.6673311009140511,0.0,1.6326688990859486,0.8739461522418415,0.0,1.4260538477581584,0.9264070923421847,0.0,1.373592907657815,1.0509675945080867,0.0,1.249032405491913,1.1924057184705026,0.1,1.1075942815294972,1.3004163164789158,0.2,0.9995836835210841,1.3876014316620715,0.3,0.9123985683379283
308,1.2,1-3m,1.0,p90,p90,p90,0.018606262493125802,6.019662235962753,0.9851379192902017,0.7094497886536419,0.9053224920945016,"Measuring from the closest point of each object, what is the distance between the toilet and the table (in meters)?",0.09319151331644447,0.0,1.1068084866835555,0.19625581821667248,0.0,1.0037441817833275,0.26780109999283547,0.0,0.9321989000071644,0.39156753584653653,0.0,0.8084324641534635,0.9053224920945016,0.6,0.2946775079054984,1.1010173245001784,0.9,0.09898267549982154,1.1813937375068742,1.0,0.018606262493125802
309,1.3,1-3m,0.1,p90,p90,p90,0.6418437515202375,12.93289385747346,0.6072661495016876,0.5120703024426472,0.5941826321475707,"Measuring from the closest point of each object, what is the distance between the stool and the washer (in meters)?",0.002057027182664401,0.0,1.2979429728173357,0.050890098978075,0.0,1.249109901021925,0.07325243156835393,0.0,1.2267475684316462,0.12013229043319308,0.0,1.1798677095668069,0.5941826321475707,0.0,0.7058173678524293,0.6322025928758402,0.0,0.6677974071241598,0.6581562484797625,0.1,0.6418437515202375
310,1.6,1-3m,0.9,p90,p90,p90,0.12197965927320675,2.4973949133656754,0.886195502445649,0.39111933953858924,1.0598752694800433,"Measuring from the closest point of each object, what is the distance between the stool and the stove (in meters)?",0.49944827796439073,0.0,1.1005517220356094,0.5918248382811443,0.0,1.0081751617188557,0.6431031809050871,0.0,0.956896819094913,0.9191020632161335,0.2,0.6808979367838666,1.0598752694800433,0.4,0.5401247305199568,1.3102214027547228,0.7,0.2897785972452773,1.4780203407267933,0.9,0.12197965927320675
311,0.8,<1m,0.8,p75,p75,p75,0.09749652557956123,3.9220370445152093,0.744434976182251,0.46535525500327835,0.6241363468549793,"Measuring from the closest point of each object, what is the distance between the stool and the refrigerator (in meters)?",0.03529761273718662,0.0,0.7647023872628134,0.2547657558207853,0.0,0.5452342441792147,0.3089872611242424,0.0,0.49101273887575764,0.43214127057628293,0.1,0.3678587294237171,0.6241363468549793,0.6,0.17586365314502073,0.8974965255795613,0.8,0.09749652557956123,0.9992007320030363,0.6,0.19920073200303623
312,0.4,<1m,0.7,median,median,median,0.06644936532350143,4.332986170927205,0.6425458154001669,0.45297619326699445,0.46644936532350145,"Measuring from the closest point of each object, what is the distance between the table and the tv (in meters)?",0.014020640390754189,0.0,0.38597935960924584,0.19278382280878675,0.0,0.20721617719121327,0.21962522985975674,0.1,0.18037477014024328,0.2799780545777545,0.4,0.12002194542224554,0.46644936532350145,0.7,0.06644936532350143,0.7329542478447489,0.0,0.3329542478447489,0.8353296382089537,0.0,0.43532963820895365
313,0.9,<1m,0.8,p90,p90,p90,0.1335057034151862,3.8137911236063107,0.5655146750632191,0.3369371222997569,0.4475146297247088,"Measuring from the closest point of each object, what is the distance between the chair and the tv (in meters)?",0.09066650178845627,0.0,0.8093334982115438,0.20097962152159474,0.0,0.6990203784784053,0.2309298786464887,0.0,0.6690701213535113,0.36617892683522035,0.0,0.5338210731647797,0.4475146297247088,0.0,0.45248537027529123,0.7031160491349773,0.6,0.19688395086502275,0.7664942965848138,0.8,0.1335057034151862
314,2.8,1-3m,0.0,min|p05|p10|p25|median|p75|p90,p90,p90,1.5493091820859977,2.7657268423439234,0.7984802818749277,0.5992023346926402,0.8303612218265095,"Measuring from the closest point of each object, what is the distance between the dishwasher and the refrigerator (in meters)?",0.2785656228053217,0.0,2.5214343771946783,0.4522105360390744,0.0,2.3477894639609254,0.4843050765591139,0.0,2.315694923440886,0.5484072069905487,0.0,2.251592793009451,0.8303612218265095,0.0,1.9696387781734903,1.1476095416831888,0.0,1.652390458316811,1.2506908179140022,0.0,1.5493091820859977
315,0.7,<1m,1.0,p75,p75,p75,0.025903583130190033,6.815061208814193,0.6676062441024785,0.28877404232657533,0.5495875049780279,"Measuring from the closest point of each object, what is the distance between the table and the dishwasher (in meters)?",0.005031222030260846,0.0,0.6949687779697391,0.11480640016145535,0.0,0.5851935998385446,0.17796607863553138,0.0,0.5220339213644686,0.3853223745432346,0.2,0.31467762545676536,0.5495875049780279,0.6,0.15041249502197207,0.6740964168698099,1.0,0.025903583130190033,0.7824126442639339,0.8,0.08241264426393391
316,6.0,>=3m,0.0,min|p05|p10|p25|median|p75|p90,p90,p90,5.019934782908735,5.027844006589549,0.7851376863630278,0.5754888442616888,0.6625391254543342,"Measuring from the closest point of each object, what is the distance between the refrigerator and the tv (in meters)?",0.06208596327150021,0.0,5.9379140367284995,0.19492753072823654,0.0,5.805072469271764,0.23543116418102644,0.0,5.764568835818974,0.32633011578051563,0.0,5.673669884219485,0.6625391254543342,0.0,5.337460874545666,0.9018189600422044,0.0,5.098181039957796,0.9800652170912644,0.0,5.019934782908735
317,8.1,>=3m,0.0,min|p05|p10|p25|median|p75|p90,p90,p90,5.544566348862308,4.307801860540878,1.962223068602488,1.6424009308834022,1.5614511496786363,"Measuring from the closest point of each object, what is the distance between the bed and the tv (in meters)?",0.45355278598771537,0.0,7.6464472140122846,0.5932105825352046,0.0,7.506789417464795,0.6289574966440269,0.0,7.471042503355973,0.7285857480021654,0.0,7.371414251997834,1.5614511496786363,0.0,6.538548850321363,2.3709866788855676,0.0,5.729013321114432,2.5554336511376925,0.0,5.544566348862308
318,0.5,<1m,1.0,p25,p25,p25,0.01381356455758409,2.588030632565539,0.5548601442670857,0.2977460596749223,0.6557193200934994,"Measuring from the closest point of each object, what is the distance between the tv and the fireplace (in meters)?",0.220102633575773,0.0,0.279897366424227,0.3494014113384468,0.4,0.15059858866155318,0.39376199216160335,0.6,0.10623800783839665,0.5138135645575841,1.0,0.01381356455758409,0.6557193200934994,0.4,0.15571932009349942,0.8115596242325064,0.0,0.3115596242325064,0.9042615556055326,0.0,0.40426155560553256
319,8.4,>=3m,0.0,min|p05|p10|p25|median|p75|p90,p90,p90,6.2115468681892345,1.1177973644135233,0.2306267837776541,0.18717190019158192,2.0651439235011932,"Measuring from the closest point of each object, what is the distance between the dishwasher and the fireplace (in meters)?",1.9296657077688026,0.0,6.470334292231198,1.9578263480331117,0.0,6.442173651966889,1.9630375691704622,0.0,6.436962430829539,1.9788381624661362,0.0,6.421161837533864,2.0651439235011932,0.0,6.3348560764988076,2.166010062657718,0.0,6.233989937342282,2.188453131810766,0.0,6.2115468681892345
320,8.5,>=3m,0.0,min|p05|p10|p25|median|p75|p90,p90,p90,5.790820868980907,10.021883188314703,2.4388527781657756,1.4165765555475986,1.3381205855951974,"Measuring from the closest point of each object, what is the distance between the bed and the fireplace (in meters)?",0.023470912384225485,0.0,8.476529087615775,0.2703263528533177,0.0,8.229673647146683,0.3638088990533567,0.0,8.136191100946643,0.926834650116901,0.0,7.573165349883099,1.3381205855951974,0.0,7.161879414404803,2.3434112056645,0.0,6.1565887943355,2.709179131019093,0.0,5.790820868980907
321,8.7,>=3m,0.0,min|p05|p10|p25|median|p75|p90,p90,p90,7.421659207052146,1.3872855968924411,0.35687170553616754,0.2944830838958262,1.1993721069014431,"Measuring from the closest point of each object, what is the distance between the dishwasher and the tv (in meters)?",0.880455607373034,0.0,7.819544392626965,0.9214690874116854,0.0,7.778530912588314,0.9329300772151855,0.0,7.767069922784814,0.9607695688669314,0.0,7.739230431133068,1.1993721069014431,0.0,7.500627893098557,1.2552526527627577,0.0,7.444747347237241,1.278340792947853,0.0,7.421659207052146
322,3.9,>=3m,0.9,min,min,min,0.263704616929203,1.0657327323588097,0.284269932991255,0.12909839696745262,4.4864622508199234,"Measuring from the closest point of each object, what is the distance between the sofa and the toilet (in meters)?",4.163704616929203,0.9,0.263704616929203,4.324632839534716,0.8,0.42463283953471587,4.36086515088116,0.8,0.46086515088115965,4.422210249344979,0.8,0.5222102493449792,4.4864622508199234,0.7,0.5864622508199235,4.551308646312432,0.7,0.6513086463124318,4.608902772525971,0.7,0.7089027725259709
323,0.7,<1m,1.0,p90,p90,p90,0.014909248514487161,7.737099637668321,0.6225090879900022,0.29143667877904555,0.5246923957054752,"Measuring from the closest point of each object, what is the distance between the stool and the bed (in meters)?",0.0010832075315333552,0.0,0.6989167924684666,0.09240016052448494,0.0,0.607599839475515,0.1349245225101037,0.0,0.5650754774898963,0.35316584294534514,0.1,0.3468341570546548,0.5246923957054752,0.5,0.17530760429452474,0.6446025217243907,0.9,0.05539747827560926,0.7149092485144871,1.0,0.014909248514487161
324,0.7,<1m,1.0,median,median,median,0.010360895654436764,7.26184349133577,3.461599568595318,0.15199055147508356,0.6896391043455632,"Measuring from the closest point of each object, what is the distance between the stool and the tv (in meters)?",0.46905694628266953,0.4,0.23094305371733043,0.5528083819700982,0.6,0.14719161802990177,0.5767246145301479,0.7,0.12327538546985206,0.6255655241517697,0.8,0.07443447584823026,0.6896391043455632,1.0,0.010360895654436764,0.7775560756268532,0.8,0.0775560756268533,4.014407950565416,0.0,3.314407950565416
325,0.8,<1m,1.0,p75,p75,p75,0.023932093677055954,2.3724395564631706,0.6442834545508662,0.15241231110282727,0.7422437314071957,"Measuring from the closest point of each object, what is the distance between the washer and the toilet (in meters)?",0.3449057030907075,0.0,0.45509429690929254,0.4694439558498367,0.2,0.3305560441501633,0.5885734481824936,0.5,0.21142655181750647,0.6715197825742287,0.7,0.12848021742577131,0.7422437314071957,0.9,0.05775626859280436,0.823932093677056,1.0,0.023932093677055954,1.1137274104007029,0.3,0.31372741040070284
326,0.8,<1m,0.8,median,median,median,0.09396557699000407,3.6389117854262487,0.764995306070564,0.5186542332257666,0.706034423009996,"Measuring from the closest point of each object, what is the distance between the stool and the toilet (in meters)?",0.10680586460037532,0.0,0.6931941353996247,0.289890442831532,0.0,0.5101095571684681,0.3354595274236881,0.0,0.4645404725763119,0.4246217179840684,0.1,0.37537828201593165,0.706034423009996,0.8,0.09396557699000407,0.9432759512098351,0.7,0.14327595120983505,1.054885748902096,0.4,0.2548857489020959
327,0.4,<1m,1.0,p10,p10,p10,0.0017426520833055958,4.270538789416218,1.0718137047390999,0.5869168812881469,0.9946258613217103,"Measuring from the closest point of each object, what is the distance between the stool and the chair (in meters)?",0.07729041573772918,0.0,0.3227095842622708,0.32771777794154083,0.7,0.07228222205845919,0.4017426520833056,1.0,0.0017426520833055958,0.6072689764244901,0.0,0.20726897642449005,0.9946258613217103,0.0,0.5946258613217102,1.194185857712637,0.0,0.794185857712637,1.3995314826806406,0.0,0.9995314826806406
328,1.2,1-3m,0.5,p90,p90,p90,0.32203219197556254,2.0301231794853485,0.4454975929673349,0.27929634787180013,0.6691437598743726,"Measuring from the closest point of each object, what is the distance between the stove and the bed (in meters)?",0.38342833085570405,0.0,0.8165716691442959,0.43247021505710254,0.0,0.7675297849428975,0.45992516426581403,0.0,0.740074835734186,0.5187268462078248,0.0,0.6812731537921751,0.6691437598743726,0.2,0.5308562401256274,0.798023194079625,0.4,0.401976805920375,0.8779678080244374,0.5,0.32203219197556254
329,3.4,>=3m,0.0,min|p05|p10|p25|median|p75|p90,p90,p90,2.625624698255413,4.167686550246444,0.5885707090986269,0.3611518631994894,0.511829160451386,"Measuring from the closest point of each object, what is the distance between the stool and the bed (in meters)?",0.013967380254604344,0.0,3.3860326197453956,0.18580459264596003,0.0,3.21419540735404,0.20877795072374622,0.0,3.1912220492762535,0.3080234899889475,0.0,3.0919765100110523,0.511829160451386,0.0,2.888170839548614,0.6691753531884369,0.0,2.730824646811563,0.7743753017445869,0.0,2.625624698255413
330,0.9,<1m,1.0,p25,p25,p25,0.03475987968746541,10.92017782877945,1.9468945107400308,1.1539341708538426,1.4166216827163085,"Measuring from the closest point of each object, what is the distance between the washer and the toilet (in meters)?",0.0038864633000905953,0.0,0.8961135366999095,0.1962560091505508,0.0,0.7037439908494492,0.37808084547074644,0.0,0.5219191545292536,0.8652401203125346,1.0,0.03475987968746541,1.4166216827163085,0.0,0.5166216827163085,2.0191742911663773,0.0,1.1191742911663773,2.1431505198905816,0.0,1.2431505198905817
331,2.2,1-3m,0.1,p90,p90,p90,1.0721880847369119,3.7604752781586814,0.8278998478141775,0.4778563321781242,0.9132086719522583,"Measuring from the closest point of each object, what is the distance between the washer and the stove (in meters)?",0.18914316593409308,0.0,2.010856834065907,0.29991206744891086,0.0,1.9000879325510893,0.35214461998935576,0.0,1.8478553800106443,0.5734904569857264,0.0,1.6265095430142738,0.9132086719522583,0.0,1.2867913280477419,1.0513467891638506,0.0,1.1486532108361496,1.1278119152630883,0.1,1.0721880847369119
332,0.9,<1m,1.0,p90,p90,p90,0.01002572640883903,5.590338890080755,0.7472402952745034,0.4474418310438042,0.5711816804233003,"Measuring from the closest point of each object, what is the distance between the table and the stove (in meters)?",0.0022264287103805265,0.0,0.8977735712896195,0.16278543113433563,0.0,0.7372145688656644,0.22846821653304372,0.0,0.6715317834669563,0.3656519031949196,0.0,0.5343480968050804,0.5711816804233003,0.3,0.3288183195766997,0.8130937342387238,0.9,0.08690626576127625,0.910025726408839,1.0,0.01002572640883903
333,2.5,1-3m,0.0,min|p05|p10|p25|median|p75|p90,p90,p90,1.7634304291833538,2.127550892463502,0.39036418817418045,0.19024068535936706,0.5519739986532042,"Measuring from the closest point of each object, what is the distance between the washer and the refrigerator (in meters)?",0.20370581602647875,0.0,2.2962941839735214,0.34620538264246575,0.0,2.1537946173575344,0.38334544616733657,0.0,2.1166545538326633,0.45310067509182267,0.0,2.0468993249081775,0.5519739986532042,0.0,1.9480260013467958,0.6433413604511897,0.0,1.8566586395488103,0.7365695708166462,0.0,1.7634304291833538
334,3.9,>=3m,0.0,min|p05|p10|p25|median|p75|p90,p90,p90,2.9487112234590613,9.953105212622301,0.8557116921819252,0.5273625326246875,0.7791805677668016,"Measuring from the closest point of each object, what is the distance between the washer and the stove (in meters)?",0.0012521186106891943,0.0,3.8987478813893106,0.09557708435901352,0.0,3.8044229156409863,0.14125262920864518,0.0,3.7587473707913546,0.3727972996693766,0.0,3.527202700330623,0.7791805677668016,0.0,3.1208194322331986,0.900159832294064,0.0,2.999840167705936,0.9512887765409388,0.0,2.9487112234590613
335,3.4,>=3m,0.0,min|p05|p10|p25|median|p75|p90,p90,p90,2.3931084522114783,5.4003760474305365,0.8204431340215592,0.5429796969310559,0.612887218365106,"Measuring from the closest point of each object, what is the distance between the washer and the table (in meters)?",0.000756344947394236,0.0,3.3992436550526057,0.1864484137669624,0.0,3.2135515862330375,0.2555585010463424,0.0,3.1444414989536575,0.36574362545408334,0.0,3.0342563745459166,0.612887218365106,0.0,2.787112781634894,0.9087233223851392,0.0,2.4912766776148607,1.0068915477885216,0.0,2.3931084522114783
336,0.4,<1m,0.8,median,median,median,0.054356851009709106,5.885929980248729,0.5929448778815875,0.28727792500775273,0.45435685100970913,"Measuring from the closest point of each object, what is the distance between the stool and the bed (in meters)?",0.0,0.0,0.4,0.12135762900380374,0.0,0.27864237099619626,0.18403662470348106,0.0,0.21596337529651896,0.3023053589978759,0.6,0.0976946410021241,0.45435685100970913,0.8,0.054356851009709106,0.5895832840056286,0.1,0.18958328400562863,0.7143025068853912,0.0,0.3143025068853912
337,1.4,1-3m,0.7,p90,p90,p90,0.23782364247505638,11.532424644766449,1.0614016814855598,0.37630833306240585,0.9297468477534765,"Measuring from the closest point of each object, what is the distance between the sofa and the stool (in meters)?",0.0023237771891015235,0.0,1.3976762228108983,0.1007746760393837,0.0,1.2992253239606162,0.47569675065439193,0.0,0.924303249345608,0.6476728584087942,0.0,0.7523271415912057,0.9297468477534765,0.4,0.4702531522465234,1.0239811914712,0.5,0.3760188085287999,1.1621763575249435,0.7,0.23782364247505638
338,3.3,>=3m,0.0,min|p05|p10|p25|median|p75|p90,p90,p90,1.9461835548283077,6.159444867026328,1.134021240506553,0.1656814372695552,1.1371931218440854,"Measuring from the closest point of each object, what is the distance between the stove and the stool (in meters)?",0.0811854158150314,0.0,3.2188145841849685,0.21979520466513908,0.0,3.080204795334861,0.26897874386355786,0.0,3.031021256136442,1.0713050562508506,0.0,2.228694943749149,1.1371931218440854,0.0,2.1628068781559144,1.2369864935204058,0.0,2.063013506479594,1.353816445171692,0.0,1.9461835548283077
339,1.8,1-3m,0.0,min|p05|p10|p25|median|p75|p90,p90,p90,0.9155641972247153,1.5885970308599802,0.32769561908219347,0.13984502103801255,0.7540319552273307,"Measuring from the closest point of each object, what is the distance between the stove and the sofa (in meters)?",0.46897630389035333,0.0,1.3310236961096467,0.5567401836930913,0.0,1.2432598163069088,0.5852331342067316,0.0,1.2147668657932684,0.6807937024338262,0.0,1.1192062975661738,0.7540319552273307,0.0,1.0459680447726694,0.8206387234718387,0.0,0.9793612765281613,0.8844358027752848,0.0,0.9155641972247153
340,3.8,>=3m,0.3,p90,p90,p90,1.4717447666814034,36.370826795421756,2.26424087240196,1.6920972012370195,1.0085235189308146,"Measuring from the closest point of each object, what is the distance between the bathtub and the table (in meters)?",0.0010918114230064893,0.0,3.7989081885769935,0.06401436091663634,0.0,3.7359856390833635,0.10934941542634277,0.0,3.6906505845736572,0.37717316593849315,0.0,3.4228268340615067,1.0085235189308146,0.0,2.7914764810691852,2.0692703671755126,0.1,1.7307296328244872,2.3282552333185964,0.3,1.4717447666814034
341,1.4,1-3m,0.9,p75|p90,p90,p90,0.12977455080610945,4.204085887903613,1.1658965065426181,0.6254172582630819,0.8189789318408656,"Measuring from the closest point of each object, what is the distance between the sofa and the stool (in meters)?",0.0007457780126689224,0.0,1.399254221987331,0.36387804426349113,0.0,1.0361219557365087,0.4773814600036464,0.0,0.9226185399963536,0.6379427251783252,0.0,0.7620572748216747,0.8189789318408656,0.2,0.5810210681591343,1.263359983441407,0.9,0.13664001655859281,1.5297745508061094,0.9,0.12977455080610945
342,3.7,>=3m,0.2,p90,p90,p90,1.517072032071484,14.7330042424097,2.0347621266641225,1.45514444123098,0.8399152136937015,"Measuring from the closest point of each object, what is the distance between the table and the stool (in meters)?",0.0,0.0,3.7,0.1481658412643938,0.0,3.5518341587356064,0.2121073337179127,0.0,3.4878926662820873,0.4737629981341498,0.0,3.2262370018658504,0.8399152136937015,0.0,2.860084786306299,1.9289074393651298,0.1,1.7710925606348704,2.1829279679285163,0.2,1.517072032071484
343,0.5,<1m,0.7,p25,p25,p25,0.08271737831995707,3.5654183125917287,0.8031132969924987,0.41146521602025665,0.8414864331899259,"Measuring from the closest point of each object, what is the distance between the table and the sofa (in meters)?",0.004945176229282855,0.0,0.49505482377071713,0.313053544932853,0.3,0.18694645506714702,0.39212575959908913,0.6,0.10787424040091087,0.5827173783199571,0.7,0.08271737831995707,0.8414864331899259,0.0,0.3414864331899259,0.9941825943402137,0.0,0.4941825943402137,1.1161668419253516,0.0,0.6161668419253516
344,1.7,1-3m,0.8,median,median,median,0.24638294887766765,2.604042739082797,1.6933288847334869,0.6659133317516521,1.4536170511223323,"Measuring from the closest point of each object, what is the distance between the bathtub and the washer (in meters)?",0.7470835240356613,0.0,0.9529164759643387,1.0556631961700373,0.3,0.6443368038299626,1.1288322071530732,0.4,0.5711677928469268,1.2908166146473756,0.6,0.40918338535262433,1.4536170511223323,0.8,0.24638294887766765,1.9567299463990278,0.7,0.2567299463990278,2.748992080903524,0.0,1.0489920809035242
345,2.8,1-3m,0.5,p90,p90,p90,0.7199223152704848,1.3168160536980644,0.5004510702999947,0.24106189430666092,1.789026130074727,"Measuring from the closest point of each object, what is the distance between the sofa and the toilet (in meters)?",1.5035258995365952,0.1,1.2964741004634046,1.5796266144295203,0.2,1.2203733855704795,1.6122099669226353,0.2,1.1877900330773645,1.6837863405367304,0.3,1.1162136594632694,1.789026130074727,0.3,1.0109738699252728,1.9248482348433913,0.4,0.8751517651566085,2.080077684729515,0.5,0.7199223152704848
346,4.0,>=3m,0.0,min|p05|p10|p25|median|p75|p90,p90,p90,2.220676351047582,10.862933143215548,1.6155259319367614,0.8788612305266374,1.038303780845968,"Measuring from the closest point of each object, what is the distance between the chair and the stool (in meters)?",0.0,0.0,4.0,0.16379771701565665,0.0,3.836202282984343,0.2540777648875524,0.0,3.7459222351124475,0.6322045062110551,0.0,3.367795493788945,1.038303780845968,0.0,2.9616962191540317,1.5110657367376925,0.0,2.4889342632623075,1.779323648952418,0.0,2.220676351047582
347,5.5,>=3m,0.0,min|p05|p10|p25|median|p75|p90,p90,p90,3.345403688709401,32.264279801819846,2.087816692327306,1.3250550964944694,1.2437827032893765,"Measuring from the closest point of each object, what is the distance between the sofa and the stool (in meters)?",0.0,0.0,5.5,0.06677961896329297,0.0,5.4332203810367075,0.10416950889093854,0.0,5.395830491109061,0.4341281383303525,0.0,5.065871861669647,1.2437827032893765,0.0,4.2562172967106235,1.759183234824822,0.0,3.740816765175178,2.154596311290599,0.0,3.345403688709401
348,3.6,>=3m,0.0,min|p05|p10|p25|median|p75|p90,p90,p90,2.18047277026481,9.554140849489324,1.2709500575856851,0.856624297874443,0.8879533543248963,"Measuring from the closest point of each object, what is the distance between the sofa and the bed (in meters)?",0.0013857528694147302,0.0,3.5986142471305853,0.14857717214950464,0.0,3.4514228278504953,0.26791837124328666,0.0,3.3320816287567134,0.44935071364514056,0.0,3.1506492863548594,0.8879533543248963,0.0,2.7120466456751036,1.3059750115195836,0.0,2.2940249884804165,1.4195272297351897,0.0,2.18047277026481
349,3.2,>=3m,0.0,min|p05|p10|p25|median|p75|p90,p90,p90,1.6711152058701564,3.138878716248821,1.0418048740885344,0.33489383709355414,1.3063132359083305,"Measuring from the closest point of each object, what is the distance between the sofa and the chair (in meters)?",0.2318644343876754,0.0,2.9681355656123247,0.48707992004130946,0.0,2.7129200799586908,0.5869114831307015,0.0,2.6130885168692988,1.1103521641092742,0.0,2.089647835890726,1.3063132359083305,0.0,1.8936867640916697,1.4452460012028283,0.0,1.7547539987971719,1.5288847941298438,0.0,1.6711152058701564
350,1.1,1-3m,1.0,p10,p10,p10,0.01078597751891075,1.3513595247897168,0.36101838811376985,0.17098331185987048,1.2559636979710886,"Measuring from the closest point of each object, what is the distance between the washer and the bathtub (in meters)?",0.7902779736530293,0.5,0.30972202634697077,1.027489971503786,0.9,0.07251002849621413,1.0892140224810893,1.0,0.01078597751891075,1.1665099722940728,0.9,0.06650997229407274,1.2559636979710886,0.8,0.15596369797108856,1.3374932841539433,0.6,0.23749328415394322,1.3885083596175558,0.5,0.2885083596175557
351,2.0,1-3m,0.7,p75|p90,p90,p90,0.31184132834252853,2.9046466068978463,1.1069662237884277,0.2173023506651075,1.553446519315287,"Measuring from the closest point of each object, what is the distance between the stool and the toilet (in meters)?",0.33753375122284174,0.0,1.6624662487771582,0.5811924478690438,0.0,1.4188075521309562,0.6500876804285003,0.0,1.3499123195714997,1.4079066975252685,0.5,0.5920933024747315,1.553446519315287,0.6,0.4465534806847129,1.625209048190376,0.7,0.37479095180962396,1.6881586716574715,0.7,0.31184132834252853
352,1.2,1-3m,1.0,p75,p75,p75,0.01585245874165042,1.4004794313555713,0.36153283231982414,0.18739480019420107,1.0889239760551823,"Measuring from the closest point of each object, what is the distance between the stool and the washer (in meters)?",0.8167566893211616,0.4,0.3832433106788383,0.902750064082148,0.6,0.297249935917852,0.9330584903946721,0.6,0.2669415096053278,0.9967527410641485,0.7,0.2032472589358515,1.0889239760551823,0.9,0.11107602394481764,1.1841475412583495,1.0,0.01585245874165042,1.2642828964019721,0.9,0.06428289640197216
353,4.4,>=3m,0.0,min|p05|p10|p25|median|p75|p90,p90,p90,2.4848862812143397,10.137473853161563,1.726199424502337,1.3539609683401044,1.5593196270281728,"Measuring from the closest point of each object, what is the distance between the table and the tv (in meters)?",0.015240671699573324,0.0,4.384759328300427,0.1889142942833235,0.0,4.211085705716677,0.2429340059672852,0.0,4.157065994032715,0.4059232003606253,0.0,3.994076799639375,1.5593196270281728,0.0,2.8406803729718275,1.7598841687007296,0.0,2.640115831299271,1.9151137187856606,0.0,2.4848862812143397
354,0.8,<1m,0.9,p05|p10,p05,p05,0.042991939908947896,1.5843723087500543,0.44237454781780794,0.128025180157737,1.078978570475285,"Measuring from the closest point of each object, what is the distance between the washer and the bathtub (in meters)?",0.615187303169451,0.6,0.18481269683054902,0.7570080600910521,0.9,0.042991939908947896,0.8636112096538562,0.9,0.06361120965385614,1.0162745330934588,0.5,0.2162745330934588,1.078978570475285,0.4,0.27897857047528496,1.1442997132511958,0.2,0.3442997132511958,1.19938260790886,0.1,0.39938260790886004
355,1.1,1-3m,0.8,p75,p75,p75,0.13870426449679762,10.24170578977648,1.417885979547228,0.6792556278297577,0.7605990615900373,"Measuring from the closest point of each object, what is the distance between the table and the stove (in meters)?",0.004480663607476287,0.0,1.0955193363925237,0.15342254036216413,0.0,0.946577459637836,0.1972887547706424,0.0,0.9027112452293578,0.28204010767344473,0.0,0.8179598923265554,0.7605990615900373,0.4,0.33940093840996277,0.9612957355032025,0.8,0.13870426449679762,1.5713085199093921,0.2,0.47130851990939204
356,0.8,<1m,1.0,p25,p25,p25,0.0122752706323086,5.025106524840262,1.1466184074569385,0.36111622970066826,0.9523367966334506,"Measuring from the closest point of each object, what is the distance between the table and the refrigerator (in meters)?",0.010803909947159096,0.0,0.789196090052841,0.2848665992765105,0.0,0.5151334007234896,0.4243291966654261,0.1,0.3756708033345739,0.7877247293676914,1.0,0.0122752706323086,0.9523367966334506,0.7,0.15233679663345057,1.1488409590683597,0.2,0.34884095906835966,1.431485006733449,0.0,0.631485006733449
357,0.9,<1m,0.6,p90,p90,p90,0.21349615157334323,1.56378490111454,0.24750239244804223,0.14505712221345923,0.5362107223264866,"Measuring from the closest point of each object, what is the distance between the chair and the sofa (in meters)?",0.392005791308305,0.0,0.5079942086916951,0.43900145597861456,0.0,0.46099854402138546,0.45236823562060097,0.1,0.44763176437939906,0.4801305494322575,0.1,0.4198694505677425,0.5362107223264866,0.2,0.36378927767351343,0.6251876716457168,0.4,0.27481232835428326,0.6865038484266568,0.6,0.21349615157334323
358,0.9,<1m,1.0,median,median,median,0.007199880785591861,4.060075278344261,0.8164265166292495,0.3887123817982816,0.8928001192144082,"Measuring from the closest point of each object, what is the distance between the washer and the toilet (in meters)?",0.026891665733830065,0.0,0.87310833426617,0.26679948771423684,0.0,0.6332005122857631,0.3736833074753298,0.0,0.5263166925246703,0.6146881282145993,0.4,0.28531187178540074,0.8928001192144082,1.0,0.007199880785591861,1.0034005100128809,0.8,0.10340051001288086,1.0832260043434863,0.6,0.18322600434348624
359,0.7,<1m,0.9,p25,p25,p25,0.042923505057139044,5.2334287865858125,1.1487727395182303,0.4530768836233876,0.9699487689506832,"Measuring from the closest point of each object, what is the distance between the table and the refrigerator (in meters)?",0.0006133345765721745,0.0,0.6993866654234278,0.2713575206835346,0.0,0.4286424793164654,0.3508880477379045,0.1,0.34911195226209546,0.742923505057139,0.9,0.042923505057139044,0.9699487689506832,0.3,0.2699487689506832,1.1960003886805266,0.0,0.49600038868052665,1.420130260201765,0.0,0.720130260201765
360,0.8,<1m,0.6,p90,p90,p90,0.17281143249109987,1.7974584618872615,0.2782577961961787,0.16277871125814464,0.49509130816957725,"Measuring from the closest point of each object, what is the distance between the washer and the toilet (in meters)?",0.30704445849169887,0.0,0.4929555415083012,0.3489307713127215,0.0,0.45106922868727856,0.3716912798971614,0.0,0.42830872010283866,0.41537748675623526,0.1,0.3846225132437648,0.49509130816957725,0.3,0.3049086918304228,0.5781561980143799,0.5,0.22184380198562015,0.6271885675089002,0.6,0.17281143249109987
361,1.5,1-3m,0.9,p90,p90,p90,0.11234473858073457,3.6443737035842667,1.006888804879834,0.3703966472416685,0.707601395324818,"Measuring from the closest point of each object, what is the distance between the bathtub and the washer (in meters)?",0.26111993991378984,0.0,1.2388800600862102,0.3807664565394314,0.0,1.1192335434605685,0.417467754498705,0.0,1.082532245501295,0.496648958419802,0.0,1.003351041580198,0.707601395324818,0.0,0.792398604675182,0.8670456056614705,0.2,0.6329543943385295,1.3876552614192654,0.9,0.11234473858073457
636,0.7,<1m,0.7,p90,p90,p90,0.13985291969387603,1.657541121211616,0.22220850784001694,0.07783596233781664,0.40673296812076,"Measuring from the closest point of each object, what is the distance between the cup and the telephone (in meters)?",0.22992798919376595,0.0,0.470072010806234,0.337938572466107,0.0,0.362061427533893,0.3499937613806823,0.0,0.3500062386193177,0.373994714121806,0.1,0.32600528587819394,0.40673296812076,0.2,0.29326703187923997,0.45183067645962266,0.3,0.2481693235403773,0.5601470803061239,0.7,0.13985291969387603
637,0.5,<1m,0.9,median,median,median,0.04305214637247179,4.128901524065889,0.7379743499726069,0.3780648561661575,0.5430521463724718,"Measuring from the closest point of each object, what is the distance between the cup and the power strip (in meters)?",0.04325191982639345,0.0,0.4567480801736066,0.23585732701924003,0.0,0.26414267298076,0.27440910108865163,0.1,0.22559089891134837,0.3724967803730481,0.5,0.12750321962695188,0.5430521463724718,0.9,0.04305214637247179,0.7505616365392056,0.0,0.2505616365392056,0.9738316769918469,0.0,0.4738316769918469
638,3.8,>=3m,0.0,min|p05|p10|p25|median|p75|p90,p90,p90,2.0814028788928676,3.052967531407938,1.1556703610198522,0.4338378226307633,1.5348086726995191,"Measuring from the closest point of each object, what is the distance between the computer mouse and the door (in meters)?",0.46762204001568475,0.0,3.3323779599843153,0.5629267600872803,0.0,3.2370732399127196,0.5993300253595628,0.0,3.2006699746404372,1.219734692654971,0.0,2.580265307345029,1.5348086726995191,0.0,2.2651913273004807,1.6535725152857343,0.0,2.1464274847142653,1.7185971211071325,0.0,2.0814028788928676
639,3.2,>=3m,0.4,p90,p90,p90,1.0128853771835136,2.4005502773924214,1.2760257598112,0.3112463999105759,1.4534301869338668,"Measuring from the closest point of each object, what is the distance between the cup and the door (in meters)?",0.8313359578680111,0.0,2.3686640421319893,0.9110888630052867,0.0,2.2889111369947135,0.9439804629510447,0.0,2.2560195370489557,1.275766983012185,0.0,1.9242330169878152,1.4534301869338668,0.0,1.7465698130661333,1.5870133829227608,0.0,1.6129866170772393,2.1871146228164866,0.4,1.0128853771835136
640,3.0,>=3m,0.0,min|p05|p10|p25|median|p75|p90,p90,p90,1.635094693079888,6.070947486448044,1.1400795593795607,0.7391103806268592,1.150265150888138,"Measuring from the closest point of each object, what is the distance between the trash can and the telephone (in meters)?",0.12561632870178965,0.0,2.8743836712982103,0.22482574754055124,0.0,2.7751742524594487,0.2697477404439803,0.0,2.7302522595560195,0.5676581763935563,0.0,2.4323418236064436,1.150265150888138,0.0,1.849734849111862,1.3067685570204155,0.0,1.6932314429795845,1.364905306920112,0.0,1.635094693079888
641,4.4,>=3m,0.0,min|p05|p10|p25|median|p75|p90,p90,p90,2.5459359504503816,1.6501244757293392,0.7304736314812241,0.5135925622524051,1.7328730055866086,"Measuring from the closest point of each object, what is the distance between the coat rack and the telephone (in meters)?",0.991038759844282,0.0,3.408961240155718,1.1235904180683949,0.0,3.2764095819316053,1.1775083809208116,0.0,3.2224916190791886,1.3092897787000304,0.0,3.09071022129997,1.7328730055866086,0.0,2.6671269944133917,1.8228823409524355,0.0,2.577117659047565,1.854064049549619,0.0,2.5459359504503816
642,4.0,>=3m,0.1,p75|p90,p90,p90,1.9174096117221584,2.612817055685442,1.2855233361678735,0.979434728231585,1.786629713051917,"Measuring from the closest point of each object, what is the distance between the door and the headphones (in meters)?",0.6636515054711531,0.0,3.336348494528847,0.7970670521099681,0.0,3.202932947890032,0.8583274856884225,0.0,3.1416725143115776,1.0255904159312548,0.0,2.974409584068745,1.786629713051917,0.0,2.213370286948083,2.0050251441628397,0.1,1.9949748558371603,2.0825903882778416,0.1,1.9174096117221584
643,3.7,>=3m,0.1,p90,p90,p90,1.805517985919446,3.2803223517549087,1.3169527925797944,0.3880432476649984,1.70399316688756,"Measuring from the closest point of each object, what is the distance between the coat rack and the whiteboard (in meters)?",0.3279713549344508,0.0,3.3720286450655492,0.5775292215007599,0.0,3.12247077849924,0.7204445796372534,0.0,2.979555420362747,1.4335955521505608,0.0,2.2664044478494394,1.70399316688756,0.0,1.99600683311244,1.8216387998155592,0.0,1.878361200184441,1.8944820140805543,0.1,1.805517985919446
644,4.6,>=3m,0.0,min|p05|p10|p25|median|p75|p90,p90,p90,2.8027258691337744,3.889603393511969,1.3352028220371146,0.3863074757886471,1.7431798541716403,"Measuring from the closest point of each object, what is the distance between the door and the telephone (in meters)?",0.2168386967255122,0.0,4.383161303274488,0.46207130882911046,0.0,4.137928691170889,0.5531756364055588,0.0,4.046824363594441,1.3889957691949646,0.0,3.211004230805035,1.7431798541716403,0.0,2.856820145828359,1.7753032449836117,0.0,2.824696755016388,1.797274130866225,0.0,2.8027258691337744
645,2.1,1-3m,0.1,p90,p90,p90,1.0196013544038856,2.513615549723622,0.6505800738121729,0.31187377923613446,0.8441525834049297,"Measuring from the closest point of each object, what is the distance between the whiteboard and the telephone (in meters)?",0.27167021585001305,0.0,1.828329784149987,0.42981857178394167,0.0,1.6701814282160585,0.4985067905950715,0.0,1.6014932094049286,0.6616330353672245,0.0,1.4383669646327757,0.8441525834049297,0.0,1.2558474165950704,0.973506814603359,0.0,1.1264931853966411,1.0803986455961145,0.1,1.0196013544038856
646,2.9,1-3m,0.1,p90,p90,p90,1.319848957668798,3.5722407008093917,1.1378093373130675,0.5987662562476694,1.2160899762220345,"Measuring from the closest point of each object, what is the distance between the whiteboard and the door (in meters)?",0.0013262072153793444,0.0,2.8986737927846207,0.44234170501813447,0.0,2.4576582949818655,0.6253201219326122,0.0,2.2746798780673876,0.8392275167572463,0.0,2.0607724832427534,1.2160899762220345,0.0,1.6839100237779654,1.4379937730049157,0.0,1.4620062269950842,1.580151042331202,0.1,1.319848957668798
647,0.7,<1m,0.7,p90,p90,p90,0.13560603994030618,7.675228822208508,0.7267355346698372,0.13805476320239557,0.4307036226612947,"Measuring from the closest point of each object, what is the distance between the keyboard and the laptop (in meters)?",0.0,0.0,0.7,0.10887050527046889,0.0,0.591129494729531,0.3084850983787159,0.0,0.39151490162128405,0.37367761176677566,0.1,0.3263223882332243,0.4307036226612947,0.3,0.26929637733870526,0.5117323749691712,0.5,0.18826762503082872,0.8356060399403061,0.7,0.13560603994030618
648,0.7,<1m,0.9,median,median,median,0.06411252680398993,3.1899623940407156,0.6405397889081983,0.3086494586143706,0.63588747319601,"Measuring from the closest point of each object, what is the distance between the bookshelf and the door (in meters)?",0.0010039834484747686,0.0,0.6989960165515252,0.2924889443997865,0.0,0.40751105560021345,0.35268072440221476,0.1,0.3473192755977852,0.46336707387837556,0.4,0.2366329261216244,0.63588747319601,0.9,0.06411252680398993,0.7720165324927462,0.8,0.0720165324927462,0.9330287333079847,0.4,0.2330287333079848
649,2.0,1-3m,0.5,p90,p90,p90,0.5777249087373733,1.7773654501611955,0.6220597550560882,0.23255560801377317,1.071580000092858,"Measuring from the closest point of each object, what is the distance between the whiteboard and the door (in meters)?",0.6366829801350719,0.0,1.3633170198649283,0.8002153362065385,0.0,1.1997846637934615,0.8517388218650098,0.0,1.14826117813499,0.9499976597018462,0.0,1.0500023402981538,1.071580000092858,0.1,0.9284199999071421,1.1825532677156194,0.2,0.8174467322843806,1.4222750912626267,0.5,0.5777249087373733
650,4.7,>=3m,0.0,min|p05|p10|p25|median|p75|p90,p90,p90,2.765845404020223,9.742472014793954,1.7356264818581495,1.5585456548033254,0.40273062587529007,"Measuring from the closest point of each object, what is the distance between the heater and the sofa (in meters)?",0.10362662669440136,0.0,4.596373373305599,0.19852811412162757,0.0,4.501471885878373,0.2274967688995211,0.0,4.472503231100479,0.295840223822348,0.0,4.404159776177652,0.40273062587529007,0.0,4.29726937412471,1.8543858786256733,0.0,2.845614121374327,1.934154595979777,0.0,2.765845404020223
651,4.4,>=3m,0.0,min|p05|p10|p25|median|p75|p90,p90,p90,2.4819260137925068,11.532311206356097,1.7517522531319643,1.5321646693216882,1.7427711452473185,"Measuring from the closest point of each object, what is the distance between the bookshelf and the sofa (in meters)?",0.00853737103766586,0.0,4.391462628962334,0.16632173307552928,0.0,4.233678266924471,0.20077878309067979,0.0,4.19922121690932,0.31693389426724805,0.0,4.083066105732752,1.7427711452473185,0.0,2.657228854752682,1.849098563588936,0.0,2.5509014364110643,1.9180739862074936,0.0,2.4819260137925068
652,0.4,<1m,0.7,p10|p25,p10,p10,0.06824695579515455,7.183508328336521,1.7770395190035284,1.4936542818347158,0.9341033600137407,"Measuring from the closest point of each object, what is the distance between the power strip and the sofa (in meters)?",0.17980288522353796,0.0,0.22019711477646206,0.28738370268866203,0.5,0.11261629731133799,0.33175304420484547,0.7,0.06824695579515455,0.471375610551912,0.7,0.071375610551912,0.9341033600137407,0.0,0.5341033600137407,1.9650298923866278,0.0,1.5650298923866277,2.0644232216921905,0.0,1.6644232216921906
654,5.6,>=3m,0.0,min|p05|p10|p25|median|p75|p90,p90,p90,3.337722717765356,1.902507833395601,1.07317453977869,0.9661175030307212,1.708722259478416,"Measuring from the closest point of each object, what is the distance between the power strip and the bookshelf (in meters)?",1.1008148306066432,0.0,4.499185169393357,1.1891027424559537,0.0,4.410897257544046,1.2067400457079496,0.0,4.39325995429205,1.253219982053532,0.0,4.346780017946468,1.708722259478416,0.0,3.8912777405215837,2.219337485084253,0.0,3.3806625149157465,2.2622772822346437,0.0,3.337722717765356
655,0.4,<1m,1.0,p05,p05,p05,0.00807002077102148,2.569719825648861,0.6152202586618738,0.23245585978204836,0.5282491326789396,"Measuring from the closest point of each object, what is the distance between the chair and the monitor (in meters)?",0.037310615919865356,0.0,0.3626893840801347,0.39192997922897854,1.0,0.00807002077102148,0.42862532524425545,0.9,0.02862532524425543,0.4857855350432539,0.6,0.08578553504325387,0.5282491326789396,0.4,0.12824913267893956,0.7182413948253022,0.0,0.3182413948253022,1.0071502378908523,0.0,0.6071502378908523
656,2.6,1-3m,0.4,p90,p90,p90,0.838558381795065,3.489937907196782,1.2567215730223045,0.7652596294755707,1.4612449745565448,"Measuring from the closest point of each object, what is the distance between the door and the monitor (in meters)?",0.2611051841970995,0.0,2.3388948158029006,0.5047200451826306,0.0,2.0952799548173697,0.5970165954198224,0.0,2.0029834045801778,0.9076309008470704,0.0,1.6923690991529297,1.4612449745565448,0.2,1.1387550254434553,1.6728905303226411,0.3,0.927109469677359,1.761441618204935,0.4,0.838558381795065
657,1.1,1-3m,0.9,median,median,median,0.09949517668557428,2.3493344618726693,0.7915836236815108,0.5779233154531745,1.0005048233144258,"Measuring from the closest point of each object, what is the distance between the ceiling light and the chair (in meters)?",0.5228908166697935,0.0,0.5771091833302066,0.5866474517985067,0.1,0.5133525482014933,0.6132358339714087,0.2,0.4867641660285914,0.7099840227297897,0.3,0.3900159772702104,1.0005048233144258,0.9,0.09949517668557428,1.2879073381829642,0.7,0.18790733818296412,1.3782310754800176,0.5,0.27823107548001746
658,1.6,1-3m,0.8,p75|p90,p75,p75,0.188610508148785,2.0750876610261617,0.9307561518545385,0.4386960895157568,1.1016000842200406,"Measuring from the closest point of each object, what is the distance between the computer tower and the heater (in meters)?",0.5701986652426505,0.0,1.0298013347573496,0.8657490785134115,0.1,0.7342509214865885,0.8990654495158571,0.2,0.700934550484143,0.9726934023354583,0.3,0.6273065976645418,1.1016000842200406,0.4,0.49839991577995946,1.411389491851215,0.8,0.188610508148785,1.79650523036795,0.8,0.19650523036794998
659,4.5,>=3m,0.0,min|p05|p10|p25|median|p75|p90,p90,p90,2.3600401880214656,1.4263454453159914,0.639650178708419,0.3744224242677836,2.0349350611760073,"Measuring from the closest point of each object, what is the distance between the door and the heater (in meters)?",1.3200378373190527,0.0,3.1799621626809476,1.5003096332701154,0.0,2.999690366729885,1.5621995940834625,0.0,2.9378004059165375,1.7110647820622802,0.0,2.78893521793772,2.0349350611760073,0.0,2.4650649388239927,2.085487206330064,0.0,2.414512793669936,2.1399598119785344,0.0,2.3600401880214656
660,4.3,>=3m,0.0,min|p05|p10|p25|median|p75|p90,p90,p90,2.3495038366755567,8.506409914893736,1.7211989412484938,1.0366614282530187,1.1687954251594017,"Measuring from the closest point of each object, what is the distance between the computer tower and the bookshelf (in meters)?",0.004649715505825638,0.0,4.295350284494174,0.22929722207594896,0.0,4.070702777924051,0.34385109696276545,0.0,3.9561489030372345,0.6098743531976909,0.0,3.6901256468023087,1.1687954251594017,0.0,3.131204574840598,1.6465357814507096,0.0,2.6534642185492903,1.9504961633244429,0.0,2.3495038366755567
661,4.6,>=3m,0.0,min|p05|p10|p25|median|p75|p90,p90,p90,3.0227127653683636,7.060595604679528,1.3538942911827485,0.899102390893328,0.8348104756109301,"Measuring from the closest point of each object, what is the distance between the telephone and the computer tower (in meters)?",0.03436365892518062,0.0,4.565636341074819,0.22339294344888727,0.0,4.376607056551112,0.29466371389713764,0.0,4.305336286102862,0.475128731150898,0.0,4.124871268849102,0.8348104756109301,0.0,3.7651895243890694,1.374231122044226,0.0,3.2257688779557734,1.5772872346316358,0.0,3.0227127653683636
662,1.7,1-3m,0.7,p90,p90,p90,0.2719981326680947,10.819375993407661,1.2960162640769672,0.8926201828033598,0.7599914146136331,"Measuring from the closest point of each object, what is the distance between the telephone and the keyboard (in meters)?",0.04589676329784164,0.0,1.6541032367021584,0.1319856032549381,0.0,1.568014396745062,0.1582886300926291,0.0,1.5417113699073708,0.2420311292881589,0.0,1.457968870711841,0.7599914146136331,0.0,0.9400085853863669,1.1346513120915187,0.4,0.5653486879084813,1.4280018673319053,0.7,0.2719981326680947
663,4.1,>=3m,0.0,min|p05|p10|p25|median|p75|p90,p90,p90,2.567435623987368,11.019121615386739,1.393482112516001,0.6343865694679822,0.9796293833319023,"Measuring from the closest point of each object, what is the distance between the door and the bookshelf (in meters)?",0.0,0.0,4.1,0.13908226349663014,0.0,3.9609177365033696,0.22550665136649248,0.0,3.874493348633507,0.7060666901656305,0.0,3.3939333098343694,0.9796293833319023,0.0,3.1203706166680973,1.3404532596336127,0.0,2.759546740366387,1.5325643760126313,0.0,2.567435623987368
664,4.8,>=3m,0.0,min|p05|p10|p25|median|p75|p90,p90,p90,2.795113359999603,20.680936414886734,1.9079429330144198,0.40397479072223,0.7220785245010864,"Measuring from the closest point of each object, what is the distance between the heater and the computer tower (in meters)?",0.003825093759465605,0.0,4.796174906240534,0.09694370698597678,0.0,4.703056293014023,0.12286105796576352,0.0,4.677138942034237,0.4737818091466281,0.0,4.326218190853372,0.7220785245010864,0.0,4.077921475498913,0.8777565998688581,0.0,3.9222434001311415,2.0048866400003966,0.0,2.795113359999603
665,1.8,1-3m,0.7,p90,p90,p90,0.3283110691054447,2.6305870647916394,0.9122362708431294,0.6248757154307645,1.144405073202424,"Measuring from the closest point of each object, what is the distance between the exhaust fan and the door (in meters)?",0.3847346001131604,0.0,1.4152653998868396,0.5594526600514259,0.0,1.240547339948574,0.6243496991983994,0.0,1.1756503008016006,0.7533045964643925,0.0,1.0466954035356075,1.144405073202424,0.3,0.655594926797576,1.378180311895157,0.6,0.42181968810484305,1.4716889308945553,0.7,0.3283110691054447
666,3.4,>=3m,0.3,p75|p90,p90,p90,1.2502447147798552,7.671818183487591,1.8695407084660758,1.3825994946981748,1.2031654289518374,"Measuring from the closest point of each object, what is the distance between the telephone and the door (in meters)?",0.008910596694907787,0.0,3.391089403305092,0.28021457675406886,0.0,3.119785423245931,0.4041862560376093,0.0,2.9958137439623904,0.718122280762277,0.0,2.681877719237723,1.2031654289518374,0.0,2.1968345710481625,2.100721775460452,0.3,1.299278224539548,2.1497552852201447,0.3,1.2502447147798552
667,0.7,<1m,1.0,p75,p75,p75,0.007015612156177742,3.8996439481960627,0.6050311763497089,0.4374454020544373,0.3050876435608873,"Measuring from the closest point of each object, what is the distance between the keyboard and the telephone (in meters)?",0.13679149312235384,0.0,0.5632085068776461,0.2086570583005935,0.0,0.49134294169940645,0.22410144848185864,0.0,0.4758985515181413,0.2555389857893849,0.0,0.44446101421061507,0.3050876435608873,0.0,0.39491235643911266,0.6929843878438222,1.0,0.007015612156177742,0.8136882346503025,0.7,0.11368823465030253
668,3.2,>=3m,0.3,p75|p90,p90,p90,1.1894167294183022,1.6291304527949928,0.776438228892574,0.3259032805514597,1.8946696333485245,"Measuring from the closest point of each object, what is the distance between the computer mouse and the door (in meters)?",1.1896178025607143,0.0,2.010382197439286,1.234145041689124,0.0,1.9658549583108762,1.2518125266729667,0.0,1.9481874733270335,1.6363958439178257,0.1,1.5636041560821745,1.8946696333485245,0.2,1.3053303666514757,1.9622991244692853,0.3,1.2377008755307148,2.010583270581698,0.3,1.1894167294183022
669,4.8,>=3m,0.0,min|p05|p10|p25|median|p75|p90,p90,p90,2.99755915952779,6.6909742292142615,1.5330569243599108,0.9024726002586844,0.5040344615813297,"Measuring from the closest point of each object, what is the distance between the telephone and the tv (in meters)?",0.04296521834204691,0.0,4.757034781657953,0.2693839161122991,0.0,4.5306160838877005,0.30675325448582463,0.0,4.493246745514175,0.3951987225469248,0.0,4.404801277453075,0.5040344615813297,0.0,4.29596553841867,1.2976713228056092,0.0,3.5023286771943907,1.8024408404722099,0.0,2.99755915952779
670,1.8,1-3m,0.0,min|p05|p10|p25|median|p75|p90,p90,p90,0.9698263798649294,1.4419347726121134,0.25443771591578124,0.11979306439484372,0.7196165070294236,"Measuring from the closest point of each object, what is the distance between the door and the tv (in meters)?",0.46925721357434025,0.0,1.3307427864256598,0.5757359042192894,0.0,1.2242640957807107,0.6043309739579962,0.0,1.1956690260420038,0.6591523262381066,0.0,1.1408476737618933,0.7196165070294236,0.0,1.0803834929705765,0.7789453906329503,0.0,1.0210546093670496,0.8301736201350707,0.0,0.9698263798649294
671,7.1,>=3m,0.0,min|p05|p10|p25|median|p75|p90,p90,p90,4.688925771045497,6.278861655961198,2.027075606104545,1.824212123212751,0.6888269973386162,"Measuring from the closest point of each object, what is the distance between the door and the telephone (in meters)?",0.15750478284313188,0.0,6.942495217156868,0.38399862284995734,0.0,6.716001377150042,0.45989436478064866,0.0,6.640105635219351,0.555457008133567,0.0,6.544542991866432,0.6888269973386162,0.0,6.411173002661384,2.379669131346318,0.0,4.720330868653681,2.4110742289545026,0.0,4.688925771045497
672,7.0,>=3m,0.0,min|p05|p10|p25|median|p75|p90,p90,p90,4.8399522650126965,8.192959672352922,1.8964009185289763,1.5881090730809366,1.069124796113964,"Measuring from the closest point of each object, what is the distance between the telephone and the trash can (in meters)?",0.15126363826943745,0.0,6.8487363617305625,0.26364681645832666,0.0,6.736353183541674,0.2907665394270357,0.0,6.709233460572964,0.35048524797116887,0.0,6.649514752028831,1.069124796113964,0.0,5.9308752038860355,1.9385943210521055,0.0,5.061405678947894,2.160047734987303,0.0,4.8399522650126965
673,6.8,>=3m,0.0,min|p05|p10|p25|median|p75|p90,p90,p90,5.682607310364313,1.254513118426816,0.22669439942018144,0.12179621072944757,1.0046636001420683,"Measuring from the closest point of each object, what is the distance between the keyboard and the trash can (in meters)?",0.8526489106261851,0.0,5.947351089373814,0.890698290215506,0.0,5.9093017097844935,0.9108039744285754,0.0,5.889196025571424,0.9477858006297212,0.0,5.8522141993702785,1.0046636001420683,0.0,5.7953363998579315,1.0695820113591687,0.0,5.730417988640831,1.1173926896356874,0.0,5.682607310364313
674,0.4,<1m,0.9,p25,p25,p25,0.025284348355139152,4.779883369824173,0.9714700630614019,0.651541916113924,0.8509870832909942,"Measuring from the closest point of each object, what is the distance between the whiteboard and the trash can (in meters)?",0.08839010222954434,0.0,0.31160989777045567,0.25701059213014593,0.3,0.1429894078698541,0.30915197645472914,0.6,0.09084802354527088,0.4252843483551392,0.9,0.025284348355139152,0.8509870832909942,0.0,0.45098708329099413,1.0768262644690632,0.0,0.6768262644690631,1.228480655191548,0.0,0.8284806551915479
675,7.2,>=3m,0.0,min|p05|p10|p25|median|p75|p90,p90,p90,6.475061227223866,4.960171858481543,0.5787868261381282,0.3789024508552899,0.46760949204593605,"Measuring from the closest point of each object, what is the distance between the whiteboard and the telephone (in meters)?",0.06231028494710618,0.0,7.137689715052894,0.14615194663800615,0.0,7.053848053361994,0.17174576339076614,0.0,7.028254236609234,0.25399415392633257,0.0,6.9460058460736676,0.46760949204593605,0.0,6.732390507954064,0.6328966047816225,0.0,6.5671033952183775,0.7249387727761343,0.0,6.475061227223866
676,7.1,>=3m,0.0,min|p05|p10|p25|median|p75|p90,p90,p90,5.479446349933401,4.075798961798057,1.2229497286622701,0.8955694740638034,0.806878543095442,"Measuring from the closest point of each object, what is the distance between the whiteboard and the keyboard (in meters)?",0.15182452543742173,0.0,6.948175474562578,0.3976039214043286,0.0,6.702396078595671,0.4675897004082018,0.0,6.632410299591798,0.6121034454212542,0.0,6.487896554578746,0.806878543095442,0.0,6.293121456904558,1.5076729194850575,0.0,5.592327080514942,1.6205536500665987,0.0,5.479446349933401
677,0.9,<1m,1.0,median,median,median,0.017036762952510665,2.6685335192190687,0.7213750013331763,0.3055336204741751,0.8829632370474894,"Measuring from the closest point of each object, what is the distance between the table and the refrigerator (in meters)?",0.1897001857456435,0.0,0.7102998142543565,0.432340730961644,0.0,0.46765926903835603,0.5531514387999068,0.3,0.3468485612000932,0.7371804937872305,0.7,0.16281950621276953,0.8829632370474894,1.0,0.017036762952510665,1.0427141142614056,0.7,0.14271411426140557,1.1537157322948204,0.5,0.25371573229482036
678,1.2,1-3m,0.7,p75,p75,p75,0.22100181993063583,4.480334668559227,1.2248854054871987,0.3633515155364667,0.8289225799138746,"Measuring from the closest point of each object, what is the distance between the refrigerator and the microwave (in meters)?",0.24359293737919216,0.0,0.9564070626208078,0.35194471857911047,0.0,0.8480552814208895,0.4286649032874381,0.0,0.7713350967125618,0.6156466645328974,0.1,0.5843533354671026,0.8289225799138746,0.4,0.3710774200861253,0.9789981800693641,0.7,0.22100181993063583,1.5768301240663092,0.4,0.3768301240663092
679,1.5,1-3m,0.6,p90,p90,p90,0.33815879430732765,3.967964205386531,0.8690358411393664,0.2280412038628331,0.9697527295133972,"Measuring from the closest point of each object, what is the distance between the ceiling light and the refrigerator (in meters)?",0.018509776810511424,0.0,1.4814902231894886,0.29280536455330597,0.0,1.207194635446694,0.6939231693233483,0.0,0.8060768306766517,0.8511002983254229,0.2,0.6488997016745771,0.9697527295133972,0.3,0.5302472704866028,1.079141502188256,0.5,0.420858497811744,1.1618412056926724,0.6,0.33815879430732765
680,0.5,<1m,0.9,p05,p05,p05,0.04129363270175035,2.749137795912661,0.9467971516454969,0.5106417725272745,1.1248084166141386,"Measuring from the closest point of each object, what is the distance between the refrigerator and the ceiling light (in meters)?",0.3659536678009009,0.5,0.13404633219909912,0.5412936327017503,0.9,0.04129363270175035,0.6146318359228847,0.6,0.11463183592288473,0.8281807194144559,0.0,0.3281807194144559,1.1248084166141386,0.0,0.6248084166141386,1.3388224919417304,0.0,0.8388224919417304,1.4880907843472473,0.0,0.9880907843472473
681,0.4,<1m,1.0,min,min,min,0.011210290229567599,2.951183159144185,1.0728354642853835,0.8004482748554991,1.0052171170648103,"Measuring from the closest point of each object, what is the distance between the microwave and the door (in meters)?",0.4112102902295676,1.0,0.011210290229567599,0.5498384194520946,0.3,0.14983841945209453,0.5880836311163078,0.1,0.18808363111630777,0.6999287650119501,0.0,0.2999287650119501,1.0052171170648103,0.0,0.6052171170648103,1.5003770398674492,0.0,1.1003770398674493,1.622673883737478,0.0,1.2226738837374778
682,1.3,1-3m,0.9,median|p75,p75,p75,0.06510363098675431,5.054548812352192,1.1761869997820324,0.8616791701484946,1.2143346738478065,"Measuring from the closest point of each object, what is the distance between the microwave and the refrigerator (in meters)?",0.15030407907262314,0.0,1.149695920927377,0.2900907238306704,0.0,1.0099092761693296,0.3492543671337566,0.0,0.9507456328662434,0.5034244608382598,0.0,0.7965755391617403,1.2143346738478065,0.9,0.08566532615219358,1.3651036309867544,0.9,0.06510363098675431,1.466277723612703,0.8,0.16627772361270288
683,1.5,1-3m,0.9,p90,p90,p90,0.0895698949784951,4.255714415740726,1.0790098152095973,0.6780946532003895,0.8892525534736743,"Measuring from the closest point of each object, what is the distance between the kettle and the door (in meters)?",0.07275911232045194,0.0,1.4272408876795482,0.33142028981190774,0.0,1.1685797101880921,0.4212269859712009,0.0,1.078773014028799,0.6022317587980743,0.0,0.8977682412019257,0.8892525534736743,0.2,0.6107474465263257,1.2803264119984639,0.8,0.21967358800153614,1.410430105021505,0.9,0.0895698949784951
684,1.9,1-3m,0.0,min|p05|p10|p25|median|p75|p90,p90,p90,1.1667087036688606,5.084700152955872,0.5890760477869637,0.2110137076646536,0.5340001835976049,"Measuring from the closest point of each object, what is the distance between the microwave and the heater (in meters)?",0.002735442322939403,0.0,1.8972645576770606,0.14421524854417572,0.0,1.7557847514558242,0.20821457750669187,0.0,1.691785422493308,0.4321190499407766,0.0,1.4678809500592234,0.5340001835976049,0.0,1.365999816402395,0.6431327576054302,0.0,1.2568672423945697,0.7332912963311393,0.0,1.1667087036688606
685,4.5,>=3m,0.1,p90,p90,p90,2.1990902161283463,7.088904393627744,1.9763307437113782,1.0863205858109475,1.3422407081974155,"Measuring from the closest point of each object, what is the distance between the door and the heater (in meters)?",0.1702497629880683,0.0,4.329750237011932,0.3245790401602756,0.0,4.175420959839724,0.4512081015047813,0.0,4.048791898495219,0.8791327609331545,0.0,3.6208672390668455,1.3422407081974155,0.0,3.1577592918025843,1.965453346744102,0.0,2.534546653255898,2.3009097838716537,0.1,2.1990902161283463
686,2.5,1-3m,0.4,p90,p90,p90,0.8677776699326809,5.311859394305631,1.3249434265976454,0.5877820062235901,1.1117890902017091,"Measuring from the closest point of each object, what is the distance between the door and the microwave (in meters)?",0.0873307621681238,0.0,2.412669237831876,0.3072789034696736,0.0,2.1927210965303265,0.417647919512718,0.0,2.082352080487282,0.763222918062539,0.0,1.736777081937461,1.1117890902017091,0.0,1.3882109097982909,1.351004924286129,0.1,1.148995075713871,1.632222330067319,0.4,0.8677776699326809
687,2.4,1-3m,0.5,p90,p90,p90,0.6864096592184739,7.826100108997397,1.4946319429951918,1.040852091383025,0.9707711178689726,"Measuring from the closest point of each object, what is the distance between the microwave and the refrigerator (in meters)?",0.00285223782698,0.0,2.3971477621730197,0.21895839778633427,0.0,2.1810416022136656,0.2892719101906853,0.0,2.1107280898093146,0.4451094594273255,0.0,1.9548905405726744,0.9707711178689726,0.0,1.4292288821310273,1.4859615508103505,0.3,0.9140384491896494,1.713590340781526,0.5,0.6864096592184739
688,3.3,>=3m,0.4,p90,p90,p90,1.0281251432829213,5.26679459295553,1.840516690640929,1.4003183515447264,1.724937208046696,"Measuring from the closest point of each object, what is the distance between the door and the refrigerator (in meters)?",0.16840269663756594,0.0,3.131597303362434,0.4313581660761497,0.0,2.86864183392385,0.5128259371391497,0.0,2.78717406286085,0.6905697766385888,0.0,2.609430223361411,1.724937208046696,0.1,1.5750627919533038,2.090888128183315,0.3,1.2091118718166847,2.2718748567170786,0.4,1.0281251432829213
689,0.4,<1m,0.3,p10,p10,p10,0.15453567648349484,5.693171494156588,0.9826069708441871,0.39997639906800997,0.8534853109458493,"Measuring from the closest point of each object, what is the distance between the heater and the refrigerator (in meters)?",0.07134391224198086,0.0,0.32865608775801913,0.20936950036188096,0.1,0.19063049963811907,0.24546432351650518,0.3,0.15453567648349484,0.6368734330832008,0.0,0.23687343308320075,0.8534853109458493,0.0,0.4534853109458493,1.0368498321512107,0.0,0.6368498321512107,1.191976471206068,0.0,0.7919764712060681
690,3.6,>=3m,0.1,p90,p90,p90,1.6519903545821797,6.783125864738565,1.6608249927572583,0.7034093881706139,1.008624105383214,"Measuring from the closest point of each object, what is the distance between the heater and the microwave (in meters)?",0.0783275448574863,0.0,3.5216724551425136,0.2871846526605622,0.0,3.3128153473394377,0.5660254129157751,0.0,3.033974587084225,0.7461115313746948,0.0,2.853888468625305,1.008624105383214,0.0,2.591375894616786,1.4495209195453087,0.0,2.1504790804546916,1.9480096454178204,0.1,1.6519903545821797
691,4.5,>=3m,0.2,p75|p90,p90,p90,1.834212347815809,1.4921407273101548,0.8792352155452283,0.6784518297247346,2.0514508655295813,"Measuring from the closest point of each object, what is the distance between the heater and the door (in meters)?",1.6528461327002215,0.0,2.8471538672997783,1.7865524366389627,0.0,2.7134475633610373,1.827318088173043,0.0,2.672681911826957,1.9208741960936875,0.0,2.5791258039063125,2.0514508655295813,0.0,2.4485491344704187,2.599326025818422,0.2,1.900673974181578,2.665787652184191,0.2,1.834212347815809
692,0.9,<1m,1.0,p75,p75,p75,0.0051569441969300245,5.989010104071899,1.8858574129250516,0.3690314338624736,0.6928344238848868,"Measuring from the closest point of each object, what is the distance between the heater and the door (in meters)?",0.12072395826022703,0.0,0.779276041739773,0.3780023238248935,0.0,0.5219976761751065,0.42534246268945364,0.0,0.4746575373105464,0.5361255103344564,0.2,0.3638744896655436,0.6928344238848868,0.6,0.20716557611511321,0.90515694419693,1.0,0.0051569441969300245,2.263859736749945,0.0,1.3638597367499452
693,1.5,1-3m,1.0,p90,p90,p90,0.022898270554792655,1.5084372478791415,0.49787522763215,0.2586171048667383,1.2055851074920343,"Measuring from the closest point of each object, what is the distance between the door and the ceiling light (in meters)?",0.8795373482133246,0.2,0.6204626517866754,0.9792265018130574,0.4,0.5207734981869426,1.0160046583462028,0.4,0.4839953416537972,1.087365667378825,0.5,0.412634332621175,1.2055851074920343,0.7,0.2944148925079657,1.3459827722455633,0.8,0.15401722775443671,1.4771017294452073,1.0,0.022898270554792655
694,0.9,<1m,0.6,p25,p25,p25,0.18129467458482929,5.914985507868675,1.306034333076006,0.28740029629498687,1.2096182637183537,"Measuring from the closest point of each object, what is the distance between the monitor and the door (in meters)?",0.11882954894356679,0.0,0.7811704510564332,0.26572496113876687,0.0,0.6342750388612332,0.32477278261473586,0.0,0.5752272173852642,1.0812946745848293,0.6,0.18129467458482929,1.2096182637183537,0.4,0.30961826371835366,1.3686949708798162,0.0,0.46869497087981615,1.571759294214773,0.0,0.6717592942147729
695,0.9,<1m,0.0,min|p05|p10|p25|median|p75|p90,min,min,0.5795624771359674,1.3406428004821582,0.5539082640039439,0.2887466364935012,1.8562300274544536,"Measuring from the closest point of each object, what is the distance between the door and the ceiling light (in meters)?",1.4795624771359674,0.0,0.5795624771359674,1.6260677261340084,0.0,0.7260677261340084,1.663096472818463,0.0,0.7630964728184629,1.7463749667885886,0.0,0.8463749667885886,1.8562300274544536,0.0,0.9562300274544536,2.03512160328209,0.0,1.1351216032820899,2.1799759901379523,0.0,1.2799759901379524
696,1.6,1-3m,0.9,p90,p90,p90,0.09491684126788469,3.6510272487535107,1.2306867148434537,0.5512131453183788,0.8661970445892924,"Measuring from the closest point of each object, what is the distance between the door and the cup (in meters)?",0.27593908967742964,0.0,1.3240609103225705,0.464230126424431,0.0,1.135769873575569,0.518654510496664,0.0,1.081345489503336,0.6314804636452787,0.0,0.9685195363547214,0.8661970445892924,0.1,0.7338029554107077,1.1826936089636575,0.5,0.4173063910363426,1.6949168412678848,0.9,0.09491684126788469
697,1.5,1-3m,1.0,p90,p90,p90,0.057586700314424366,3.6721534568934486,1.049615635694207,0.635250995625839,0.9120441959326419,"Measuring from the closest point of each object, what is the distance between the cup and the heater (in meters)?",0.2301871328041905,0.0,1.2698128671958095,0.3927976639913686,0.0,1.1072023360086314,0.46529690690041753,0.0,1.0347030930995824,0.6751707969236223,0.0,0.8248292030763777,0.9120441959326419,0.3,0.5879558040673581,1.3104217925494612,0.8,0.18957820745053877,1.4424132996855756,1.0,0.057586700314424366
698,1.4,1-3m,0.8,p75,p75,p75,0.1702678384952092,1.6779623732368538,0.7157036867283373,0.11456987570682675,1.1650390788826654,"Measuring from the closest point of each object, what is the distance between the toilet and the ceiling light (in meters)?",0.9965009393844276,0.5,0.4034990606155723,1.0556687435488372,0.6,0.3443312564511627,1.0756361836748984,0.6,0.3243638163251015,1.115162285797964,0.6,0.28483771420203596,1.1650390788826654,0.7,0.23496092111733446,1.2297321615047907,0.8,0.1702678384952092,1.7713724302771745,0.5,0.3713724302771746
699,1.6,1-3m,0.0,min|p05|p10|p25|median|p75|p90,p90,p90,0.9539493078065262,1.0795933113298253,0.0476302634880762,0.02466656853438276,0.6231088620020819,"Measuring from the closest point of each object, what is the distance between the cup and the ceiling light (in meters)?",0.5816986489576225,0.0,1.0183013510423775,0.5984204287053977,0.0,1.0015795712946023,0.602444247348464,0.0,0.9975557526515361,0.6110462478296725,0.0,0.9889537521703275,0.6231088620020819,0.0,0.9768911379979182,0.6357128163640553,0.0,0.9642871836359448,0.6460506921934739,0.0,0.9539493078065262
700,0.7,<1m,1.0,p25,p25,p25,0.014242301638939803,3.929700694964337,1.0051947273883444,0.4334621524206047,0.7693782825842721,"Measuring from the closest point of each object, what is the distance between the door and the ceiling light (in meters)?",0.05445315767365511,0.0,0.6455468423263448,0.3431049216447622,0.0,0.35689507835523776,0.5880167728902292,0.7,0.11198322710977071,0.6857576983610602,1.0,0.014242301638939803,0.7693782825842721,0.9,0.06937828258427214,1.1192198507816649,0.0,0.4192198507816649,1.3482996490331065,0.0,0.6482996490331066
701,1.3,1-3m,1.0,p75,p75,p75,0.05742778075514865,1.8076851838511727,0.6246939041665128,0.2411016414981879,1.1397647967068516,"Measuring from the closest point of each object, what is the distance between the cup and the ceiling light (in meters)?",0.6361438857048201,0.0,0.66385611429518,0.7734373697284774,0.2,0.5265626302715226,0.846197424986785,0.4,0.4538025750132151,1.0014705777466635,0.6,0.29852942225333656,1.1397647967068516,0.8,0.16023520329314844,1.2425722192448514,1.0,0.05742778075514865,1.3981312738949903,0.9,0.09813127389499021
702,0.5,<1m,0.9,min,min,min,0.031961567251220735,2.3922213891097055,0.900969464309386,0.5580847491127842,1.1910817196534582,"Measuring from the closest point of each object, what is the distance between the door and the exhaust fan (in meters)?",0.46803843274877927,0.9,0.031961567251220735,0.6471452538777154,0.5,0.14714525387771538,0.7064076874799958,0.2,0.20640768747999583,0.833156088451534,0.0,0.333156088451534,1.1910817196534582,0.0,0.6910817196534582,1.3912408375643182,0.0,0.8912408375643182,1.5481147181871013,0.0,1.0481147181871013
703,1.3,1-3m,0.9,p75,p75,p75,0.06713601682144765,3.040307213604975,0.9801441018934673,0.2978274448374245,1.079643831332759,"Measuring from the closest point of each object, what is the distance between the door and the cup (in meters)?",0.3179305357628448,0.0,0.9820694642371552,0.480390450691821,0.0,0.819609549308179,0.5721069077642325,0.0,0.7278930922357676,0.9350365383411279,0.5,0.36496346165887217,1.079643831332759,0.7,0.22035616866724106,1.2328639831785524,0.9,0.06713601682144765,1.4605345525852884,0.8,0.16053455258528837
704,0.4,<1m,0.9,p05|p10,p10,p10,0.021598029627953153,2.5184420696445664,0.5717542279915035,0.21598814366945074,0.584075731981045,"Measuring from the closest point of each object, what is the distance between the toilet and the door (in meters)?",0.1494885570615145,0.0,0.2505114429384855,0.37654003364470695,0.9,0.02345996635529307,0.4215980296279532,0.9,0.021598029627953153,0.4964092797396171,0.6,0.0964092797396171,0.584075731981045,0.1,0.184075731981045,0.7123974234090679,0.0,0.31239742340906784,0.9482942616362104,0.0,0.5482942616362104
705,2.3,1-3m,0.5,p90,p90,p90,0.6501532207942557,2.8600291781519265,1.072983161236703,0.3598295256555477,1.4674157608114784,"Measuring from the closest point of each object, what is the distance between the door and the chair (in meters)?",0.4740482022232594,0.0,1.8259517977767405,0.5768636179690413,0.0,1.7231363820309586,0.6829125358043768,0.0,1.617087464195623,1.2136641738746794,0.1,1.0863358261253204,1.4674157608114784,0.3,0.8325842391885214,1.573493699530227,0.4,0.7265063004697727,1.649846779205744,0.5,0.6501532207942557
706,2.3,1-3m,0.6,p90,p90,p90,0.5263532241020288,2.377032987322666,1.027486842334874,0.4892083950888304,1.3157782332193317,"Measuring from the closest point of each object, what is the distance between the monitor and the door (in meters)?",0.5977586819354044,0.0,1.7022413180645954,0.7461599335630972,0.0,1.5538400664369028,0.8126624328319857,0.0,1.487337567168014,1.03379769803627,0.0,1.2662023019637298,1.3157782332193317,0.2,0.9842217667806681,1.5230060931251004,0.4,0.7769939068748994,1.773646775897971,0.6,0.5263532241020288
707,1.2,1-3m,0.9,p75,p75,p75,0.08876194508636859,6.08334666977542,1.419709613744445,0.6488024620273882,0.9070625836461608,"Measuring from the closest point of each object, what is the distance between the door and the printer (in meters)?",0.001539357402917109,0.0,1.1984606425970827,0.27928640440475155,0.0,0.9207135955952483,0.3920846827537452,0.0,0.8079153172462548,0.6399594830589803,0.1,0.5600405169410196,0.9070625836461608,0.6,0.2929374163538392,1.2887619450863685,0.9,0.08876194508636859,1.6989960181491965,0.2,0.4989960181491966
708,1.0,1-3m,1.0,p75,p75,p75,0.031109670584134164,2.8440484681281366,0.7811768321982859,0.3425563662357364,0.8144814603954259,"Measuring from the closest point of each object, what is the distance between the door and the chair (in meters)?",0.042399758775604604,0.0,0.9576002412243954,0.42362055320121045,0.0,0.5763794467987895,0.5302623054403898,0.1,0.46973769455961023,0.6263339631801295,0.3,0.37366603681987054,0.8144814603954259,0.7,0.1855185396045741,0.9688903294158658,1.0,0.031109670584134164,1.2047973853994964,0.6,0.20479738539949643
709,0.5,<1m,1.0,p05,p05,p05,0.00269044991335865,2.929405718509597,0.9698938287029963,0.4867790475801812,0.990969071837003,"Measuring from the closest point of each object, what is the distance between the door and the chair (in meters)?",0.10077391746534682,0.0,0.3992260825346532,0.5026904499133587,1.0,0.00269044991335865,0.6138238724188388,0.6,0.11382387241883885,0.7697756032963248,0.0,0.2697756032963248,0.990969071837003,0.0,0.490969071837003,1.256554650876506,0.0,0.756554650876506,1.472584278616355,0.0,0.972584278616355
710,1.8,1-3m,0.9,p90,p90,p90,0.1361898159297743,3.552380646837191,1.1954453466613815,0.8040468340785549,1.1105809205282573,"Measuring from the closest point of each object, what is the distance between the table and the chair (in meters)?",0.17089567127577698,0.0,1.629104328724223,0.4683648374088442,0.0,1.3316351625911558,0.5111400283877491,0.0,1.288859971612251,0.7147395424176954,0.0,1.0852604575823046,1.1105809205282573,0.3,0.6894190794717427,1.5187863764962504,0.7,0.2812136235037497,1.6638101840702257,0.9,0.1361898159297743
711,1.7,1-3m,0.3,p90,p90,p90,0.6275948168180352,9.943585844314537,0.9645562441802327,0.6331427331061557,0.6402269113593076,"Measuring from the closest point of each object, what is the distance between the bed and the sofa (in meters)?",0.0,0.0,1.7,0.10784893900173205,0.0,1.5921510609982679,0.1610991285174975,0.0,1.5389008714825025,0.2913256731411875,0.0,1.4086743268588124,0.6402269113593076,0.0,1.0597730886406924,0.9244684062473432,0.1,0.7755315937526568,1.0724051831819648,0.3,0.6275948168180352
712,0.8,<1m,0.9,p75,p75,p75,0.05430352674040417,12.286294079299148,1.7200745596960476,0.4530214655840544,0.48539003642666523,"Measuring from the closest point of each object, what is the distance between the toilet and the shoe rack (in meters)?",0.011307274144642408,0.0,0.7886927258553577,0.15240384023405318,0.0,0.6475961597659469,0.24220370461011964,0.0,0.5577962953898804,0.40128206115634985,0.1,0.3987179388436502,0.48539003642666523,0.3,0.3146099635733348,0.8543035267404042,0.9,0.05430352674040417,1.872478399930101,0.0,1.0724783999301009
713,0.5,<1m,1.0,p25,p25,p25,0.0053244508003595925,1.6014562421487502,0.2542352660388126,0.12000718603832994,0.5652354861089433,"Measuring from the closest point of each object, what is the distance between the blanket and the heater (in meters)?",0.32299772281332684,0.3,0.17700227718667316,0.4226995219644523,0.7,0.07730047803554768,0.4527359856286811,0.9,0.047264014371318885,0.5053244508003596,1.0,0.0053244508003595925,0.5652354861089433,0.8,0.06523548610894325,0.6253316368386895,0.5,0.12533163683868953,0.6769347880032649,0.3,0.1769347880032649
714,4.7,>=3m,0.1,p75|p90,p90,p90,2.199044872872681,5.9352091221121634,2.0795790516307067,0.9225823854910551,1.6662478099615528,"Measuring from the closest point of each object, what is the distance between the door and the table (in meters)?",0.05491617024390584,0.0,4.645083829756095,0.42137607549661266,0.0,4.278623924503387,0.6098005547474766,0.0,4.090199445252524,1.4409180268348585,0.0,3.2590819731651415,1.6662478099615528,0.0,3.0337521900384474,2.3635004123259136,0.1,2.3364995876740866,2.500955127127319,0.1,2.199044872872681
715,3.8,>=3m,0.1,p90,p90,p90,1.8981411422518113,2.568250781372329,1.1613319311947223,0.5667322661495311,1.4076889742705143,"Measuring from the closest point of each object, what is the distance between the toilet and the table (in meters)?",0.6471554794337184,0.0,3.1528445205662816,0.7405269265534661,0.0,3.059473073446534,0.781427961292375,0.0,3.018572038707625,1.2387693727285283,0.0,2.5612306272714713,1.4076889742705143,0.0,2.3923110257294855,1.8055016388780594,0.0,1.9944983611219405,1.9018588577481885,0.1,1.8981411422518113
716,4.0,>=3m,0.0,min|p05|p10|p25|median|p75|p90,p90,p90,2.70819555570354,1.3607415520608082,0.3424658705312543,0.14545893789178366,1.173085664600391,"Measuring from the closest point of each object, what is the distance between the shoe rack and the laptop (in meters)?",0.7570917334117166,0.0,3.2429082665882834,0.9493385737652055,0.0,3.0506614262347944,0.9864096543035223,0.0,3.0135903456964774,1.0886283788335964,0.0,2.9113716211664036,1.173085664600391,0.0,2.826914335399609,1.23408731672538,0.0,2.76591268327462,1.2918044442964598,0.0,2.70819555570354
717,0.8,<1m,0.9,median,median,median,0.06743362303553613,14.099344542542422,1.453854353899528,0.6820518435479299,0.7325663769644639,"Measuring from the closest point of each object, what is the distance between the toilet and the basket (in meters)?",0.0033440172836948427,0.0,0.7966559827163052,0.11098680160506359,0.0,0.6890131983949365,0.20370391522899062,0.0,0.5962960847710095,0.2773419843513458,0.0,0.5226580156486542,0.7325663769644639,0.9,0.06743362303553613,0.9593938278992757,0.7,0.1593938278992757,1.5648411555045918,0.0,0.7648411555045918
718,0.4,<1m,0.5,p05,p05,p05,0.11953002989480765,2.136834066657085,0.5906194366357912,0.23513995393951126,0.9189665491487338,"Measuring from the closest point of each object, what is the distance between the bed and the chair (in meters)?",0.23846588825265108,0.2,0.16153411174734894,0.5195300298948077,0.5,0.11953002989480765,0.6104456164505031,0.0,0.21044561645050308,0.7948417825844317,0.0,0.3948417825844317,0.9189665491487338,0.0,0.5189665491487337,1.029981736523943,0.0,0.629981736523943,1.1101494665305989,0.0,0.7101494665305988
719,0.7,<1m,0.9,p10|p25,p25,p25,0.04361143183895555,2.05601271022354,0.6241546433639642,0.35103821581043304,0.9058538105257921,"Measuring from the closest point of each object, what is the distance between the bed and the heater (in meters)?",0.3278581747914547,0.0,0.3721418252085453,0.591048419513664,0.7,0.10895158048633591,0.6364181651345018,0.9,0.06358183486549818,0.7436114318389555,0.9,0.04361143183895555,0.9058538105257921,0.5,0.2058538105257921,1.0946496476493885,0.0,0.3946496476493886,1.2152030628776282,0.0,0.5152030628776283
720,2.1,1-3m,0.0,min|p05|p10|p25|median|p75|p90,p90,p90,1.116896782160472,1.5936454480937394,0.36621367128732574,0.10629071273427315,0.891999173601757,"Measuring from the closest point of each object, what is the distance between the ceiling light and the chair (in meters)?",0.4426803215613275,0.0,1.6573196784386726,0.6168895465522022,0.0,1.483110453447798,0.755669554441402,0.0,1.344330445558598,0.8331209871026936,0.0,1.2668790128973066,0.891999173601757,0.0,1.2080008263982431,0.9394116998369667,0.0,1.1605883001630333,0.9831032178395279,0.0,1.116896782160472
722,2.5,1-3m,0.2,p75|p90,p90,p90,1.0247532971732405,3.537029297714725,1.0581603349586968,0.8706826831394887,1.3270180679969235,"Measuring from the closest point of each object, what is the distance between the heater and the bookshelf (in meters)?",0.29944224236515443,0.0,2.2005577576348454,0.4170863678680628,0.0,2.082913632131937,0.4537216496029621,0.0,2.046278350397038,0.546062357561621,0.0,1.953937642438379,1.3270180679969235,0.1,1.1729819320030765,1.4167450407011097,0.2,1.0832549592988903,1.4752467028267595,0.2,1.0247532971732405
723,2.3,1-3m,0.0,min|p05|p10|p25|median|p75|p90,p90,p90,1.2373645522866943,2.282161069000399,0.5970086073699346,0.42193592772578337,0.7634251233250984,"Measuring from the closest point of each object, what is the distance between the cup and the heater (in meters)?",0.3110765187520276,0.0,1.9889234812479724,0.46562684034337093,0.0,1.8343731596566288,0.5113646296596774,0.0,1.7886353703403224,0.5825029408780492,0.0,1.7174970591219507,0.7634251233250984,0.0,1.5365748766749014,1.0044388686038326,0.0,1.2955611313961672,1.0626354477133055,0.0,1.2373645522866943
724,0.9,<1m,0.6,median,median,median,0.1899619472394306,4.069214077400493,1.5158444524930177,0.7280367565978237,0.7100380527605694,"Measuring from the closest point of each object, what is the distance between the trash can and the keyboard (in meters)?",0.3725492232079021,0.0,0.527450776792098,0.4938868434282955,0.1,0.40611315657170455,0.5367492876537048,0.2,0.36325071234629525,0.6073506305302866,0.4,0.2926493694697134,0.7100380527605694,0.6,0.1899619472394306,1.3353873871281103,0.1,0.4353873871281103,2.009731295921313,0.0,1.1097312959213133
725,0.4,<1m,0.6,p90,p90,p90,0.09340743267809543,1.8304066030547215,0.13909286162250445,0.06327387973673598,0.24479998088699947,"Measuring from the closest point of each object, what is the distance between the computer mouse and the monitor (in meters)?",0.08518257461562301,0.0,0.314817425384377,0.16749970569940015,0.0,0.23250029430059987,0.18885056220277416,0.0,0.21114943779722586,0.21470679807900778,0.1,0.18529320192099225,0.24479998088699947,0.3,0.15520001911300055,0.27798067781574376,0.4,0.12201932218425626,0.3065925673219046,0.6,0.09340743267809543
726,2.4,1-3m,0.5,p90,p90,p90,0.6010927220920323,6.1239251989558765,1.5051565837919325,1.2422470782050263,0.608864570272282,"Measuring from the closest point of each object, what is the distance between the microwave and the table (in meters)?",0.0025673877883941086,0.0,2.3974326122116056,0.29375069411603516,0.0,2.106249305883965,0.33880666777899193,0.0,2.061193332221008,0.42582968559592504,0.0,1.9741703144040748,0.608864570272282,0.0,1.791135429727718,1.6680767638009515,0.4,0.7319232361990484,1.7989072779079676,0.5,0.6010927220920323
727,0.8,<1m,0.6,median,median,median,0.173143667954757,34.12363695741142,1.2803502722357822,1.1349126722242928,0.973143667954757,"Measuring from the closest point of each object, what is the distance between the keyboard and the computer mouse (in meters)?",0.001762876264469021,0.0,0.798237123735531,0.03865367422913092,0.0,0.7613463257708691,0.05289061009311572,0.0,0.7471093899068844,0.14046565933280677,0.0,0.6595343406671933,0.973143667954757,0.6,0.173143667954757,1.2753783315570997,0.0,0.47537833155709963,1.3190039464649133,0.0,0.5190039464649132
728,4.9,>=3m,0.0,min|p05|p10|p25|median|p75|p90,p90,p90,3.387162261951958,1.457768670559885,0.475061464898334,0.2745012877923394,1.2833382380008256,"Measuring from the closest point of each object, what is the distance between the bowl and the keyboard (in meters)?",1.007371572716391,0.0,3.8926284272836096,1.0377762731497087,0.0,3.8622237268502917,1.0492433651446966,0.0,3.850756634855304,1.1482129945002275,0.0,3.751787005499773,1.2833382380008256,0.0,3.6166617619991746,1.422714282292567,0.0,3.477285717707433,1.5128377380480427,0.0,3.387162261951958
729,3.2,>=3m,0.0,min|p05|p10|p25|median|p75|p90,p90,p90,1.9210885969824616,7.37059998491073,1.1053961660441909,0.9023778055895616,1.0922683955112058,"Measuring from the closest point of each object, what is the distance between the bed and the sofa (in meters)?",0.05285778807198586,0.0,3.1471422119280144,0.17351523697334773,0.0,3.0264847630266525,0.21109138598903762,0.0,2.9889086140109624,0.30411145371504433,0.0,2.8958885462849557,1.0922683955112058,0.0,2.1077316044887944,1.206489259304606,0.0,1.9935107406953942,1.2789114030175386,0.0,1.9210885969824616
730,0.8,<1m,0.8,p75,p75,p75,0.08467140401955364,11.062373461767798,1.0158018451422741,0.5167813767941187,0.6391073351997512,"Measuring from the closest point of each object, what is the distance between the blanket and the computer mouse (in meters)?",0.0009754367103058558,0.0,0.7990245632896942,0.1009505211669826,0.0,0.6990494788330175,0.19198400433910806,0.0,0.6080159956608919,0.367890027225435,0.0,0.43210997277456503,0.6391073351997512,0.6,0.16089266480024889,0.8846714040195537,0.8,0.08467140401955364,1.1167523663092567,0.3,0.3167523663092566
731,5.8,>=3m,0.0,min|p05|p10|p25|median|p75|p90,p90,p90,4.6210206140518455,3.520003225741718,0.8440423673322904,0.6372742094727827,0.8310420113071082,"Measuring from the closest point of each object, what is the distance between the cutting board and the bed (in meters)?",0.18197243660483425,0.0,5.618027563395166,0.33493701861586367,0.0,5.465062981384136,0.37025982480486275,0.0,5.429740175195137,0.47758855490986385,0.0,5.322411445090136,0.8310420113071082,0.0,4.968957988692892,1.1148627643826465,0.0,4.685137235617353,1.178979385948154,0.0,4.6210206140518455
732,12.6,>=3m,0.0,min|p05|p10|p25|median|p75|p90,p90,p90,10.994764139879889,5.4090595663074845,1.3084678470409112,1.1492996459382703,1.054944531616212,"Measuring from the closest point of each object, what is the distance between the whiteboard and the trash can (in meters)?",0.18807198265271297,0.0,12.411928017347286,0.2967680130791999,0.0,12.3032319869208,0.336930970499882,0.0,12.263069029500118,0.4159259693297532,0.0,12.184074030670246,1.054944531616212,0.0,11.545055468383788,1.5652256152680235,0.0,11.034774384731977,1.605235860120111,0.0,10.994764139879889
733,11.3,>=3m,0.0,min|p05|p10|p25|median|p75|p90,p90,p90,9.443732269129073,1.0848168673759488,0.14513308068703767,0.07724873849412894,1.7846724357929507,"Measuring from the closest point of each object, what is the distance between the table lamp and the kettle (in meters)?",1.6739397276416121,0.0,9.626060272358389,1.7111346501838889,0.0,9.588865349816112,1.7195327997420584,0.0,9.580467200257942,1.7429072910686099,0.0,9.55709270893139,1.7846724357929507,0.0,9.51532756420705,1.8201560295627388,0.0,9.479843970437262,1.8562677308709266,0.0,9.443732269129073
734,7.9,>=3m,0.0,min|p05|p10|p25|median|p75|p90,p90,p90,6.589411083662514,10.41122083944372,1.1847065691518206,0.8719921203274769,0.7538171187531861,"Measuring from the closest point of each object, what is the distance between the printer and the door (in meters)?",0.0018722581766263662,0.0,7.898127741823374,0.12588234718566507,0.0,7.774117652814335,0.1698839890514085,0.0,7.730116010948592,0.2885863490750459,0.0,7.611413650924955,0.7538171187531861,0.0,7.146182881246814,1.1605784694025227,0.0,6.739421530597477,1.3105889163374858,0.0,6.589411083662514
735,8.4,>=3m,0.0,min|p05|p10|p25|median|p75|p90,p90,p90,6.970548138156942,7.631263351237363,1.2421366302685535,0.6343472129046498,0.8378861437291238,"Measuring from the closest point of each object, what is the distance between the telephone and the door (in meters)?",0.09025804448688635,0.0,8.309741955513115,0.1873152315745048,0.0,8.212684768425495,0.2691437118441784,0.0,8.130856288155822,0.5541021374264649,0.0,7.845897862573535,0.8378861437291238,0.0,7.5621138562708765,1.1884493503311147,0.0,7.211550649668886,1.4294518618430583,0.0,6.970548138156942
736,8.3,>=3m,0.0,min|p05|p10|p25|median|p75|p90,p90,p90,7.232069789148293,3.770818716300834,0.7847211013192972,0.47601275618661665,0.5916251434668216,"Measuring from the closest point of each object, what is the distance between the kettle and the door (in meters)?",0.1397874811106876,0.0,8.160212518889313,0.28320910953241096,0.0,8.01679089046759,0.39102297676233133,0.0,7.90897702323767,0.5123494665929053,0.0,7.787650533407096,0.5916251434668216,0.0,7.7083748565331796,0.9883622227795219,0.0,7.311637777220479,1.0679302108517081,0.0,7.232069789148293
737,0.4,<1m,0.8,p05,p05,p05,0.05631377051554576,2.7890433221584496,0.8163651039497803,0.4097098509185524,0.773175799664378,"Measuring from the closest point of each object, what is the distance between the laptop and the heater (in meters)?",0.28681220413132363,0.5,0.11318779586867639,0.4563137705155458,0.8,0.05631377051554576,0.4986387478064284,0.6,0.0986387478064284,0.585127392832975,0.1,0.18512739283297497,0.773175799664378,0.0,0.37317579966437797,0.9948372437515274,0.0,0.5948372437515274,1.2726788744653261,0.0,0.8726788744653261
738,4.3,>=3m,0.0,min|p05|p10|p25|median|p75|p90,p90,p90,3.246757055450197,2.489794460906987,0.6302188913248932,0.3210592250198159,0.8685750685135296,"Measuring from the closest point of each object, what is the distance between the shoes and the door (in meters)?",0.3804299523640692,0.0,3.9195700476359305,0.4230240532249099,0.0,3.87697594677509,0.45777315246478,0.0,3.84222684753522,0.6694275946906194,0.0,3.6305724053093806,0.8685750685135296,0.0,3.43142493148647,0.9904868197104353,0.0,3.3095131802895645,1.053242944549803,0.0,3.246757055450197
739,3.7,>=3m,0.0,min|p05|p10|p25|median|p75|p90,p90,p90,2.154192120406952,2.677679927305051,0.9685141321850727,0.6951507188807268,1.3755598101520188,"Measuring from the closest point of each object, what is the distance between the whiteboard and the telephone (in meters)?",0.46326710172578284,0.0,3.236732898274217,0.5772937474079755,0.0,3.1227062525920246,0.6424234859513397,0.0,3.0575765140486606,0.7840189316678735,0.0,2.9159810683321266,1.3755598101520188,0.0,2.3244401898479814,1.4791696505486003,0.0,2.2208303494513997,1.545807879593048,0.0,2.154192120406952
740,3.9,>=3m,0.0,min|p05|p10|p25|median|p75|p90,p90,p90,2.7731222505130484,5.394465908364826,0.9179826023808069,0.3081906049856138,1.0368937381976249,"Measuring from the closest point of each object, what is the distance between the suitcase and the tv (in meters)?",0.12952802517006465,0.0,3.770471974829935,0.2088951471061444,0.0,3.6911048528938557,0.22961796019381286,0.0,3.670382039806187,0.7813227963977438,0.0,3.118677203602256,1.0368937381976249,0.0,2.863106261802375,1.0895134013833576,0.0,2.8104865986166425,1.1268777494869513,0.0,2.7731222505130484
741,8.1,>=3m,0.0,min|p05|p10|p25|median|p75|p90,p90,p90,5.412305895498518,3.8321898456039154,1.9863472994665847,1.8141342538501493,1.6875235296859017,"Measuring from the closest point of each object, what is the distance between the door and the clock (in meters)?",0.6163916315526188,0.0,7.483608368447381,0.7013468050348971,0.0,7.398653194965102,0.7271887209349657,0.0,7.372811279065034,0.787204675392571,0.0,7.312795324607428,1.6875235296859017,0.0,6.412476470314098,2.6013389292427203,0.0,5.498661070757279,2.6876941045014817,0.0,5.412305895498518
742,7.9,>=3m,0.0,min|p05|p10|p25|median|p75|p90,p90,p90,5.291371736546615,4.258395291976822,1.9960434551881074,1.7879173693750061,1.6203259657909443,"Measuring from the closest point of each object, what is the distance between the door and the whiteboard (in meters)?",0.4710737379581109,0.0,7.428926262041889,0.6125848082652783,0.0,7.287415191734722,0.6540267274279644,0.0,7.245973272572036,0.7329034164789487,0.0,7.167096583521052,1.6203259657909443,0.0,6.279674034209056,2.520820785853955,0.0,5.3791792141460455,2.6086282634533857,0.0,5.291371736546615
743,0.9,<1m,0.8,p90,p90,p90,0.12299885058615978,2.940399296075408,0.6750873094728251,0.29402744005063963,0.6206011851025642,"Measuring from the closest point of each object, what is the distance between the tv and the chair (in meters)?",0.17566809948082138,0.0,0.7243319005191786,0.3479115411133347,0.0,0.5520884588866652,0.37356109671298465,0.0,0.5264389032870154,0.43389256831122824,0.0,0.4661074316887718,0.6206011851025642,0.4,0.2793988148974358,0.7279200083618679,0.7,0.17207999163813215,1.0229988505861598,0.8,0.12299885058615978
744,1.0,1-3m,0.8,p75,p75,p75,0.13716881898301791,4.048488990617858,1.5380067519094576,0.2673056337543913,0.6770660759508556,"Measuring from the closest point of each object, what is the distance between the sofa and the chair (in meters)?",0.3540329060447259,0.0,0.6459670939552741,0.5045144517965733,0.1,0.4954855482034267,0.5353309033714032,0.1,0.4646690966285968,0.5955255472625908,0.2,0.40447445273740923,0.6770660759508556,0.4,0.32293392404914445,0.8628311810169821,0.8,0.13716881898301791,2.042521203706031,0.0,1.042521203706031
745,0.5,<1m,0.9,p25,p25,p25,0.044988204899712336,2.881617519895441,0.7024008174269177,0.3795694603920936,0.730146192985325,"Measuring from the closest point of each object, what is the distance between the bed and the chair (in meters)?",0.19280718565334518,0.0,0.3071928143466548,0.373296278335009,0.5,0.126703721664991,0.4285450017364562,0.8,0.07145499826354379,0.5449882048997123,0.9,0.044988204899712336,0.730146192985325,0.1,0.23014619298532502,0.9245576652918059,0.0,0.42455766529180594,1.0756970957619267,0.0,0.5756970957619267
746,9.3,>=3m,0.0,min|p05|p10|p25|median|p75|p90,p90,p90,7.595707564776847,5.944855522559867,1.4176088600284984,0.2796311598740508,0.5357814693074222,"Measuring from the closest point of each object, what is the distance between the telephone and the tv (in meters)?",0.17079681411625028,0.0,9.12920318588375,0.2866835751946553,0.0,9.013316424805346,0.33312361677514024,0.0,8.96687638322486,0.4235664585965216,0.0,8.876433541403479,0.5357814693074222,0.0,8.76421853069258,0.7031976184705724,0.0,8.596802381529429,1.7042924352231537,0.0,7.595707564776847
747,9.1,>=3m,0.0,min|p05|p10|p25|median|p75|p90,p90,p90,7.970711902194755,5.4205569419804265,0.9209537679766471,0.7627132559622652,0.8436451896704531,"Measuring from the closest point of each object, what is the distance between the basket and the cutting board (in meters)?",0.17344632130087345,0.0,8.926553678699126,0.20833432982859762,0.0,8.891665670171403,0.21206946090385467,0.0,8.887930539096144,0.22771360012185668,0.0,8.872286399878144,0.8436451896704531,0.0,8.256354810329547,0.990426856084122,0.0,8.109573143915878,1.1292880978052446,0.0,7.970711902194755
748,10.2,>=3m,0.0,min|p05|p10|p25|median|p75|p90,p90,p90,9.189034925275635,8.152102109880346,0.8869522666047167,0.10756532091016846,0.8677373924603885,"Measuring from the closest point of each object, what is the distance between the laptop and the crate (in meters)?",0.0817482287483259,0.0,10.118251771251673,0.1240128081196474,0.0,10.075987191880351,0.25294905215267754,0.0,9.947050947847321,0.8052491148017609,0.0,9.394750885198238,0.8677373924603885,0.0,9.332262607539612,0.9128144357119293,0.0,9.28718556428807,1.0109650747243641,0.0,9.189034925275635
749,5.3,>=3m,0.0,min|p05|p10|p25|median|p75|p90,p90,p90,4.334767320435342,1.8973048688050977,0.45649383878333893,0.32917435461202205,0.7017152709398823,"Measuring from the closest point of each object, what is the distance between the cutting board and the bed (in meters)?",0.40224380275958616,0.0,4.897756197240414,0.508738840781319,0.0,4.7912611592186805,0.525626033160127,0.0,4.774373966839873,0.5709646675762656,0.0,4.729035332423734,0.7017152709398823,0.0,4.598284729060118,0.9001390221882877,0.0,4.399860977811712,0.965232679564658,0.0,4.334767320435342
751,0.5,<1m,1.0,min,min,min,0.013574403557818915,1.9026986319695876,0.6494922655194688,0.31620705794358095,1.1253153280535944,"Measuring from the closest point of each object, what is the distance between the heater and the table (in meters)?",0.5135744035578189,1.0,0.013574403557818915,0.7195006644713189,0.2,0.21950066447131888,0.7882673914954764,0.0,0.2882673914954764,0.9508420199377967,0.0,0.4508420199377967,1.1253153280535944,0.0,0.6253153280535944,1.2670490778813777,0.0,0.7670490778813777,1.3689929299907877,0.0,0.8689929299907877
752,0.7,<1m,0.9,p75,p75,p75,0.06552842619151078,2.9387615746190474,0.5780812503671029,0.2946119665563127,0.6261869029769095,"Measuring from the closest point of each object, what is the distance between the trash can and the bed (in meters)?",0.023125707227741592,0.0,0.6768742927722584,0.2981703670708925,0.0,0.40182963292910745,0.36973641476910785,0.1,0.3302635852308921,0.470916459635198,0.4,0.22908354036480194,0.6261869029769095,0.8,0.07381309702309047,0.7655284261915107,0.9,0.06552842619151078,0.8762516174379954,0.5,0.17625161743799544
753,1.9,1-3m,1.0,p90,p90,p90,0.005082320544779417,1.712621197262126,0.7927042163905562,0.4876424698552617,1.4591669613070324,"Measuring from the closest point of each object, what is the distance between the heater and the bed (in meters)?",0.9125535459519791,0.0,0.9874464540480208,1.1123781041542231,0.2,0.7876218958457768,1.1313334381751525,0.2,0.7686665618248474,1.216644520193779,0.3,0.6833554798062209,1.4591669613070324,0.6,0.4408330386929675,1.7042869900490407,0.8,0.1957130099509592,1.9050823205447793,1.0,0.005082320544779417
2066,2.9,1-3m,0.4,p90,p90,p90,1.0007792238771755,3.6742015489489597,1.3823137009880608,0.7161145980173709,1.0863802010012544,"Measuring from the closest point of each object, what is the distance between the door and the chair (in meters)?",0.14199074908855322,0.0,2.7580092509114467,0.5169070751347635,0.0,2.3830929248652364,0.9051722771147585,0.0,1.9948277228852414,1.0248184055955016,0.0,1.8751815944044983,1.0863802010012544,0.0,1.8136197989987455,1.7409330036128725,0.3,1.1590669963871274,1.8992207761228244,0.4,1.0007792238771755
2067,3.7,>=3m,0.2,p75|p90,p90,p90,1.5831641205866451,3.414605077098613,1.4969000942735904,1.2358490088095726,1.0884658206435485,"Measuring from the closest point of each object, what is the distance between the door and the radiator (in meters)?",0.2916954673803214,0.0,3.408304532619679,0.6199357851397646,0.0,3.0800642148602355,0.6881977715508254,0.0,3.0118022284491746,0.8149516331238531,0.0,2.885048366876147,1.0884658206435485,0.0,2.6115341793564517,2.0508006419334257,0.2,1.6491993580665745,2.116835879413355,0.2,1.5831641205866451
2070,4.0,>=3m,0.0,min|p05|p10|p25|median|p75|p90,p90,p90,2.205988048296551,7.375331914306572,1.5507670411627523,0.7614404197130329,1.478754205466457,"Measuring from the closest point of each object, what is the distance between the washing machine and the refrigerator (in meters)?",0.018840040771569175,0.0,3.981159959228431,0.24324491054069694,0.0,3.756755089459303,0.3081246819893464,0.0,3.691875318010654,0.8843049465571493,0.0,3.1156950534428507,1.478754205466457,0.0,2.521245794533543,1.6457453662701822,0.0,2.354254633729818,1.7940119517034492,0.0,2.205988048296551
2071,2.6,1-3m,0.0,min|p05|p10|p25|median|p75|p90,p90,p90,1.3016694972223253,9.595238075386744,1.16302062379634,0.5828578652637433,0.6301465261972687,"Measuring from the closest point of each object, what is the distance between the radiator and the chair (in meters)?",0.010911527312912091,0.0,2.589088472687088,0.13530987898133465,0.0,2.4646901210186654,0.18639782281580985,0.0,2.41360217718419,0.3613219517251902,0.0,2.23867804827481,0.6301465261972687,0.0,1.9698534738027313,0.9441798169889335,0.0,1.6558201830110666,1.2983305027776748,0.0,1.3016694972223253
2072,0.4,<1m,0.9,p10,p10,p10,0.029935881507160866,3.0198268896944422,0.6436435078028167,0.3453124310948567,0.6166608563886533,"Measuring from the closest point of each object, what is the distance between the microwave and the counter (in meters)?",0.16266803841739325,0.0,0.23733196158260678,0.3186627087137089,0.6,0.08133729128629114,0.37006411849283916,0.9,0.029935881507160866,0.4687329705274406,0.7,0.0687329705274406,0.6166608563886533,0.0,0.2166608563886533,0.8140454016222973,0.0,0.4140454016222973,0.9623062165165256,0.0,0.5623062165165256
2073,0.7,<1m,0.8,p25,p25,p25,0.09086987361651877,5.967974397019835,1.6289269286077683,0.9972744436088046,1.125826568478225,"Measuring from the closest point of each object, what is the distance between the door and the counter (in meters)?",0.0009671532551249074,0.0,0.6990328467448751,0.3278855320963251,0.0,0.37211446790367486,0.5550754778104594,0.6,0.14492452218954055,0.7908698736165187,0.8,0.09086987361651877,1.125826568478225,0.0,0.425826568478225,1.7881443172253233,0.0,1.0881443172253233,1.9568124607040935,0.0,1.2568124607040936
2074,5.0,>=3m,0.1,p75|p90,p90,p90,2.2927908331263787,9.746833197627055,2.429456474077697,1.8089733333767886,1.4800762649869195,"Measuring from the closest point of each object, what is the distance between the bookshelf and the window (in meters)?",0.046765463739854095,0.0,4.953234536260146,0.277752692795924,0.0,4.722247307204076,0.3526339459628712,0.0,4.647366054037128,0.7940830321972732,0.0,4.205916967802727,1.4800762649869195,0.0,3.5199237350130805,2.6030563655740617,0.1,2.3969436344259383,2.7072091668736213,0.1,2.2927908331263787
2075,0.5,<1m,0.8,p25,p25,p25,0.05893672065199873,10.17465475987421,1.5200650662440738,0.8125090651395311,0.8670634213997306,"Measuring from the closest point of each object, what is the distance between the door and the closet (in meters)?",0.0,0.0,0.5,0.16568090091979817,0.0,0.33431909908020185,0.25232703085176245,0.1,0.24767296914823755,0.44106327934800127,0.8,0.05893672065199873,0.8670634213997306,0.0,0.3670634213997306,1.2535723444875324,0.0,0.7535723444875324,1.685745967163872,0.0,1.185745967163872
2076,1.6,1-3m,0.8,p90,p90,p90,0.2124439273886951,5.601432828408926,1.4888760148723694,0.7773419304221088,0.9631032590384422,"Measuring from the closest point of each object, what is the distance between the door and the refrigerator (in meters)?",0.17599666125833338,0.0,1.4240033387416666,0.3235679125163259,0.0,1.2764320874836743,0.3531801919652583,0.0,1.2468198080347417,0.43083908992665404,0.0,1.169160910073346,0.9631032590384422,0.3,0.6368967409615579,1.2081810203487628,0.6,0.39181897965123724,1.8124439273886952,0.8,0.2124439273886951
2078,2.2,1-3m,0.6,p90,p90,p90,0.5101084517942527,5.79692324231115,1.3983762947569176,0.7144794914457084,1.18036478865962,"Measuring from the closest point of each object, what is the distance between the door and the bed (in meters)?",0.006756745231492531,0.0,2.1932432547685075,0.29151525344882984,0.0,1.9084847465511703,0.3919803226470292,0.0,1.8080196773529709,0.7411519343745132,0.0,1.458848065625487,1.18036478865962,0.1,1.0196352113403802,1.4556314258202216,0.4,0.7443685741797785,1.6898915482057475,0.6,0.5101084517942527
2079,2.5,1-3m,0.5,p90,p90,p90,0.7078913603774701,2.7643649037932443,1.1438191764031806,0.4729184316016414,1.1051375056679231,"Measuring from the closest point of each object, what is the distance between the door and the tv (in meters)?",0.49909333886609986,0.0,2.0009066611339,0.6482894632193491,0.0,1.8517105367806508,0.7179202311196646,0.0,1.7820797688803354,0.880123614923937,0.0,1.6198763850760631,1.1051375056679231,0.0,1.3948624943320769,1.3530420465255784,0.1,1.1469579534744216,1.7921086396225299,0.5,0.7078913603774701
2080,0.7,<1m,0.5,p25,p25,p25,0.20276388879830853,12.50882617646835,2.038465853196698,1.0013855350715348,1.6914239837709633,"Measuring from the closest point of each object, what is the distance between the door and the window (in meters)?",0.0,0.0,0.7,0.17712196030596675,0.0,0.5228780396940332,0.3365192757892461,0.0,0.36348072421075384,0.9027638887983085,0.5,0.20276388879830853,1.6914239837709633,0.0,0.9914239837709633,1.9041494238698433,0.0,1.2041494238698434,2.215587813502665,0.0,1.515587813502665
2082,2.9,1-3m,0.0,min|p05|p10|p25|median|p75|p90,p90,p90,1.4802160360432661,11.529174974887136,1.2966369072896862,0.781191831430134,0.8985968751817043,"Measuring from the closest point of each object, what is the distance between the tv and the window (in meters)?",0.002765947973693035,0.0,2.897234052026307,0.12314705666704766,0.0,2.776852943332952,0.2635786169024757,0.0,2.6364213830975243,0.468763820393357,0.0,2.431236179606643,0.8985968751817043,0.0,2.0014031248182955,1.249955651823491,0.0,1.6500443481765088,1.4197839639567338,0.0,1.4802160360432661
2083,2.6,1-3m,0.9,p90,p90,p90,0.1581366198128742,10.276438415552885,2.2042457074639104,0.7369074132691338,1.2491532502143805,"Measuring from the closest point of each object, what is the distance between the telephone and the chair (in meters)?",0.034284474444873876,0.0,2.565715525555126,0.23761767272321563,0.0,2.3623823272767845,0.4679191043359743,0.0,2.132080895664026,0.8757312557296288,0.0,1.7242687442703712,1.2491532502143805,0.0,1.3508467497856196,1.6126386689987626,0.3,0.9873613310012375,2.441863380187126,0.9,0.1581366198128742
2084,0.5,<1m,1.0,median,median,median,0.004971021067911474,4.708399462776456,1.147294371426639,0.3437407968122731,0.5049710210679115,"Measuring from the closest point of each object, what is the distance between the radiator and the bed (in meters)?",0.051601911459547296,0.0,0.4483980885404527,0.3093772348267106,0.3,0.1906227651732894,0.3325107623521011,0.4,0.16748923764789891,0.39173291645721,0.6,0.10826708354279002,0.5049710210679115,1.0,0.004971021067911474,0.7354737132694831,0.1,0.23547371326948308,1.4566716062533496,0.0,0.9566716062533496
2085,2.1,1-3m,0.5,p90,p90,p90,0.6097340336722217,9.609305108609707,1.3351802499847167,0.4302038391360411,1.203392340327699,"Measuring from the closest point of each object, what is the distance between the telephone and the radiator (in meters)?",0.0,0.0,2.1,0.15508571634306167,0.0,1.9449142836569384,0.25219858421567914,0.0,1.847801415784321,0.9395114088263418,0.0,1.1604885911736584,1.203392340327699,0.2,0.8966076596723012,1.3697152479623829,0.4,0.7302847520376172,1.4902659663277784,0.5,0.6097340336722217
2086,3.8,>=3m,0.3,p75|p90,p90,p90,1.358298909738318,5.308694647706899,1.981757308918677,1.5128081378584213,1.5005279658295052,"Measuring from the closest point of each object, what is the distance between the telephone and the window (in meters)?",0.3776037019114088,0.0,3.422396298088591,0.4599437813430048,0.0,3.340056218656995,0.5386210338805508,0.0,3.261378966119449,0.7680429052069243,0.0,3.0319570947930754,1.5005279658295052,0.0,2.2994720341704946,2.2808510430653457,0.3,1.5191489569346541,2.441701090261682,0.3,1.358298909738318
2088,1.3,1-3m,0.2,p90,p90,p90,0.5353410111779345,2.648742724358365,0.4759714610413908,0.19948954975339794,0.6416980941461742,"Measuring from the closest point of each object, what is the distance between the backpack and the window (in meters)?",0.04468415876378891,0.0,1.255315841236211,0.2886875277806747,0.0,1.0113124722193254,0.34234634501603584,0.0,0.9576536549839643,0.5109814440203406,0.0,0.7890185559796594,0.6416980941461742,0.0,0.6583019058538259,0.7104709937737386,0.1,0.5895290062262615,0.7646589888220655,0.2,0.5353410111779345
2089,0.8,<1m,1.0,p25,p25,p25,0.034471553113004205,2.5269872989268856,0.7508168861580603,0.38610634782415554,1.0094978775320036,"Measuring from the closest point of each object, what is the distance between the backpack and the towel (in meters)?",0.43358089243077247,0.1,0.3664191075692276,0.491698186805947,0.3,0.30830181319405303,0.521857590058965,0.4,0.278142409941035,0.7655284468869958,1.0,0.034471553113004205,1.0094978775320036,0.5,0.20949787753200355,1.1516347947111514,0.2,0.35163479471115133,1.2425150729640073,0.0,0.44251507296400727
2090,2.3,1-3m,0.6,p90,p90,p90,0.53829659164134,2.2887370163796508,0.991976088989595,0.20369050767890418,1.4612038764174482,"Measuring from the closest point of each object, what is the distance between the table and the window (in meters)?",0.36423521539876536,0.0,1.9357647846012345,0.7697273193690648,0.0,1.530272680630935,0.8881550655783274,0.0,1.4118449344216724,1.3733915498665836,0.2,0.9266084501334162,1.4612038764174482,0.3,0.8387961235825516,1.5770820575454878,0.4,0.722917942454512,1.7617034083586598,0.6,0.53829659164134
2092,0.7,<1m,0.8,median|p75,p75,p75,0.07590927481072529,3.8850567822919166,0.692265613849137,0.29036500163623813,0.6213697105392538,"Measuring from the closest point of each object, what is the distance between the table and the backpack (in meters)?",0.00206163577204818,0.0,0.6979383642279517,0.23994869636471924,0.0,0.4600513036352807,0.35153713746283666,0.1,0.3484628625371633,0.4855442731744871,0.4,0.21445572682551284,0.6213697105392538,0.8,0.07863028946074613,0.7759092748107252,0.8,0.07590927481072529,0.9322143102138563,0.4,0.2322143102138563
2094,0.7,<1m,0.8,p25|median,p25,p25,0.08991482963194497,1.8795530998811407,0.4666509033217868,0.3446822625024698,0.8023884600147776,"Measuring from the closest point of each object, what is the distance between the clock and the monitor (in meters)?",0.4657925253776515,0.4,0.23420747462234848,0.530554554790209,0.6,0.169445445209791,0.5545819502164023,0.6,0.14541804978359762,0.610085170368055,0.8,0.08991482963194497,0.8023884600147776,0.8,0.10238846001477764,0.9547674328705248,0.3,0.25476743287052483,0.9972054581119958,0.2,0.29720545811199583
2095,1.6,1-3m,0.6,p90,p90,p90,0.37037761105220546,1.2034361556832494,0.20786283557150598,0.10859201651388206,1.1261715904807115,"Measuring from the closest point of each object, what is the distance between the door and the clock (in meters)?",0.9710652220422539,0.3,0.6289347779577462,1.0217595533762887,0.3,0.5782404466237114,1.037995478070259,0.3,0.5620045219297412,1.0742404131188115,0.4,0.5257595868811886,1.1261715904807115,0.5,0.4738284095192886,1.1828324296326935,0.5,0.41716757036730656,1.2296223889477946,0.6,0.37037761105220546
2096,0.5,<1m,1.0,p25,p25,p25,0.0037662717028689174,1.5800145928895257,0.2451098163510475,0.11536269297990209,0.5639058798252472,"Measuring from the closest point of each object, what is the distance between the printer and the monitor (in meters)?",0.30524561798144834,0.3,0.19475438201855166,0.42259249914722935,0.7,0.07740750085277065,0.45036347326989157,0.9,0.04963652673010843,0.5037662717028689,1.0,0.0037662717028689174,0.5639058798252472,0.8,0.0639058798252472,0.619128964682771,0.6,0.11912896468277101,0.6677023154982769,0.4,0.16770231549827685
2097,3.2,>=3m,0.3,p90,p90,p90,1.2133805529235036,4.3735836930586265,1.5323879548954995,0.5267353787336895,1.7974531779317786,"Measuring from the closest point of each object, what is the distance between the door and the printer (in meters)?",0.26410079546102777,0.0,2.9358992045389725,0.45423149218099723,0.0,2.745768507819003,0.5051212527949196,0.0,2.6948787472050806,1.3837291632014659,0.0,1.8162708367985343,1.7974531779317786,0.2,1.4025468220682216,1.9104645419351554,0.2,1.2895354580648448,1.9866194470764966,0.3,1.2133805529235036
2098,3.7,>=3m,0.2,p90,p90,p90,1.61027369183897,5.584331338622978,1.7155138588194536,1.3695934216077221,1.4058583788084884,"Measuring from the closest point of each object, what is the distance between the tv and the window (in meters)?",0.11484717924800766,0.0,3.5851528207519925,0.37421244934157666,0.0,3.3257875506584234,0.4557000818437761,0.0,3.244299918156224,0.6480086649787976,0.0,3.0519913350212025,1.4058583788084884,0.0,2.2941416211915118,2.01760208658652,0.1,1.6823979134134803,2.08972630816103,0.2,1.61027369183897
2099,1.7,1-3m,0.8,p90,p90,p90,0.1826274529579437,3.9934012708474933,1.1374025805578132,0.6791191736458042,0.766763026121523,"Measuring from the closest point of each object, what is the distance between the door and the backpack (in meters)?",0.0046786278855929005,0.0,1.6953213721144071,0.3799699664842432,0.0,1.3200300335157569,0.44415800812785006,0.0,1.25584199187215,0.591309557022812,0.0,1.108690442977188,0.766763026121523,0.0,0.9332369738784769,1.2704287306686162,0.5,0.4295712693313838,1.5173725470420563,0.8,0.1826274529579437
2100,0.4,<1m,1.0,min,min,min,0.006052531222747126,2.463941248612323,0.858026992098325,0.32754638314938833,1.085208879508531,"Measuring from the closest point of each object, what is the distance between the backpack and the bed (in meters)?",0.3939474687772529,1.0,0.006052531222747126,0.5861075319188205,0.1,0.18610753191882046,0.6641935820965629,0.0,0.26419358209656285,0.9275492289717557,0.0,0.5275492289717557,1.085208879508531,0.0,0.685208879508531,1.255095612121144,0.0,0.855095612121144,1.4441345240171455,0.0,1.0441345240171453
2101,1.3,1-3m,0.7,median,median,median,0.2233296511660896,7.837867604491973,1.706203394279129,1.155839599913536,1.0766703488339104,"Measuring from the closest point of each object, what is the distance between the mirror and the bed (in meters)?",0.009698245155256423,0.0,1.2903017548447435,0.24952273032579333,0.0,1.0504772696742066,0.33497227114679085,0.0,0.9650277288532092,0.5247731864035364,0.0,0.7752268135964636,1.0766703488339104,0.7,0.2233296511660896,1.6806127863170723,0.5,0.3806127863170723,1.9557261246049225,0.0,0.6557261246049224
2102,0.8,<1m,0.1,min,min,min,0.3816283405283232,1.3026151591880382,0.3920014211249665,0.23044766156919416,1.5116821266411604,"Measuring from the closest point of each object, what is the distance between the lamp and the window (in meters)?",1.1816283405283232,0.1,0.3816283405283232,1.2953793265901317,0.0,0.4953793265901316,1.321607611188806,0.0,0.5216076111888059,1.388944027630085,0.0,0.588944027630085,1.5116821266411604,0.0,0.7116821266411604,1.6193916891992792,0.0,0.8193916891992792,1.6873807477150982,0.0,0.8873807477150981
2103,0.4,<1m,1.0,p10,p10,p10,0.0036423075127703375,4.857376304235681,1.055801888315338,0.76004360526859,0.8575875185561768,"Measuring from the closest point of each object, what is the distance between the window and the chair (in meters)?",0.08816009510351083,0.0,0.31183990489648916,0.2737098496602446,0.4,0.12629015033975544,0.3963576924872297,1.0,0.0036423075127703375,0.4956656937389775,0.6,0.09566569373897749,0.8575875185561768,0.0,0.45758751855617674,1.2557092990075676,0.0,0.8557092990075675,1.3295117379755825,0.0,0.9295117379755825
2104,0.8,<1m,1.0,p90,p90,p90,0.014464883694215835,2.7159136610079315,0.49630091582893404,0.16928453357900664,0.4680162300402777,"Measuring from the closest point of each object, what is the distance between the table and the lamp (in meters)?",0.06530966765230493,0.0,0.7346903323476951,0.28923420047685017,0.0,0.5107657995231498,0.35977726987250563,0.0,0.4402227301274944,0.40868486576110874,0.1,0.3913151342388913,0.4680162300402777,0.2,0.33198376995972234,0.5779693993401154,0.5,0.22203060065988467,0.7855351163057842,1.0,0.014464883694215835
2105,0.5,<1m,0.2,p25|median,median,median,0.2029197331462026,6.09958475965908,1.0121088116396855,0.8638152009607164,0.7029197331462026,"Measuring from the closest point of each object, what is the distance between the pillow and the window (in meters)?",0.1366406331007652,0.0,0.36335936689923476,0.1984688674352669,0.0,0.3015311325647331,0.22075884371585783,0.0,0.27924115628414214,0.28887801264323987,0.2,0.21112198735676013,0.7029197331462026,0.2,0.2029197331462026,1.1526932136039563,0.0,0.6526932136039563,1.2105776790749523,0.0,0.7105776790749523
2106,2.1,1-3m,0.8,p90,p90,p90,0.21280932836010735,6.26519921149689,1.5859726883111547,0.4540111592145837,1.0657579245654039,"Measuring from the closest point of each object, what is the distance between the bookshelf and the window (in meters)?",0.12390947956246375,0.0,1.9760905204375363,0.301217983328738,0.0,1.798782016671262,0.45564984153509225,0.0,1.6443501584649078,0.8671060649735114,0.0,1.2328939350264887,1.0657579245654039,0.1,1.0342420754345962,1.321117224188095,0.3,0.778882775811905,1.8871906716398927,0.8,0.21280932836010735
2107,2.8,1-3m,0.3,p90,p90,p90,1.0057396418894213,6.131179212452736,1.5016151269181277,1.024995595851557,0.6735017872431379,"Measuring from the closest point of each object, what is the distance between the refrigerator and the window (in meters)?",0.004731599955896893,0.0,2.795268400044103,0.29264523119245067,0.0,2.507354768807549,0.3532927612388301,0.0,2.44670723876117,0.4469215658400941,0.0,2.353078434159906,0.6735017872431379,0.0,2.1264982127568617,1.471917161691651,0.1,1.3280828383083487,1.7942603581105785,0.3,1.0057396418894213
2108,3.1,>=3m,0.1,p75|p90,p90,p90,1.4591427908896477,8.565103956807196,1.4492825104978193,0.4142017518685497,1.4995556884785564,"Measuring from the closest point of each object, what is the distance between the telephone and the window (in meters)?",0.021084951756384532,0.0,3.0789150482436156,0.191574698612533,0.0,2.9084253013874672,0.2444012098086476,0.0,2.8555987901913524,1.1363860843462135,0.0,1.9636139156537866,1.4995556884785564,0.0,1.6004443115214437,1.5505878362147631,0.1,1.549412163785237,1.6408572091103524,0.1,1.4591427908896477
2109,1.1,1-3m,0.7,p25|median,median,median,0.16941025492586226,2.681218488989674,1.1633301932864797,0.7240738339948852,1.2694102549258623,"Measuring from the closest point of each object, what is the distance between the door and the keyboard (in meters)?",0.37081582503653626,0.0,0.7291841749634638,0.6919565784608885,0.3,0.40804342153911155,0.7686826450648078,0.4,0.3313173549351923,0.9275461209846615,0.7,0.1724538790153386,1.2694102549258623,0.7,0.16941025492586226,1.6516199549795467,0.0,0.5516199549795466,1.8552867717473682,0.0,0.7552867717473681
2110,4.7,>=3m,0.0,min|p05|p10|p25|median|p75|p90,p90,p90,3.428808865802619,5.340279805963178,1.0331528327627044,0.5289617668028919,0.7308620462856981,"Measuring from the closest point of each object, what is the distance between the nightstand and the sofa (in meters)?",0.03385956002552647,0.0,4.666140439974474,0.23803830143467702,0.0,4.461961698565323,0.30205682954764174,0.0,4.397943170452359,0.4451891281671898,0.0,4.25481087183281,0.7308620462856981,0.0,3.969137953714302,0.9741508949700817,0.0,3.7258491050299183,1.2711911341973814,0.0,3.428808865802619
2111,3.6,>=3m,0.0,min|p05|p10|p25|median|p75|p90,p90,p90,2.5283480436124153,8.027888083486236,0.9381608133568259,0.191655907920121,0.9635772228700396,"Measuring from the closest point of each object, what is the distance between the nightstand and the towel (in meters)?",0.06340140898461667,0.0,3.5365985910153834,0.1334911430307587,0.0,3.4665088569692415,0.16616371386452577,0.0,3.4338362861354743,0.8346005808977981,0.0,2.765399419102202,0.9635772228700396,0.0,2.6364227771299604,1.026256488817919,0.0,2.573743511182081,1.0716519563875846,0.0,2.5283480436124153
2112,2.4,1-3m,0.0,min|p05|p10|p25|median|p75|p90,p90,p90,1.2172205249265433,1.2340010077556078,0.22428797657404498,0.12452784571381348,1.070846893050049,"Measuring from the closest point of each object, what is the distance between the telephone and the tv (in meters)?",0.9109761443801925,0.0,1.4890238556198074,0.9584914984994116,0.0,1.4415085015005884,0.973826584912645,0.0,1.426173415087355,1.0108940098864836,0.0,1.3891059901135163,1.070846893050049,0.0,1.329153106949951,1.135421855600297,0.0,1.2645781443997028,1.1827794750734566,0.0,1.2172205249265433
2113,4.3,>=3m,0.0,min|p05|p10|p25|median|p75|p90,p90,p90,3.069348469921172,1.0697275486288558,0.08021698096747754,0.03887492208896526,1.1935546206684378,"Measuring from the closest point of each object, what is the distance between the backpack and the tv (in meters)?",1.1127361716888504,0.0,3.187263828311149,1.1504345491113506,0.0,3.149565450888649,1.1586200103647863,0.0,3.1413799896352135,1.1743994147056134,0.0,3.1256005852943867,1.1935546206684378,0.0,3.106445379331562,1.2132743367945786,0.0,3.086725663205421,1.230651530078828,0.0,3.069348469921172
2114,1.2,1-3m,1.0,median,median,median,0.03597609483198361,7.277169141833917,1.5399123977397182,1.0510604552128129,1.2359760948319836,"Measuring from the closest point of each object, what is the distance between the door and the bookshelf (in meters)?",0.004352877077359052,0.0,1.1956471229226409,0.2453195641132306,0.0,0.9546804358867693,0.3152740396814411,0.0,0.8847259603185589,0.5050527191646889,0.0,0.6949472808353111,1.2359760948319836,1.0,0.03597609483198361,1.5561131743775019,0.5,0.3561131743775019,1.7852319618529489,0.1,0.5852319618529489
2115,2.2,1-3m,1.0,p75,p75,p75,0.02070985311804252,3.8520308061310287,1.7211398473950248,0.770948325423177,1.9256143070286091,"Measuring from the closest point of each object, what is the distance between the bookshelf and the window (in meters)?",0.3374260878145535,0.0,1.8625739121854465,0.603478701455496,0.0,1.5965212985445043,0.776710477383183,0.0,1.4232895226168172,1.4083418214587806,0.3,0.7916581785412196,1.9256143070286091,0.8,0.27438569297139104,2.1792901468819577,1.0,0.02070985311804252,2.3246185488505207,0.9,0.12461854885052048
2116,3.5,>=3m,0.0,min|p05|p10|p25|median|p75|p90,p90,p90,2.444924423717308,1.9098458522458552,0.5026354015733085,0.25221174517802036,0.817498943430809,"Measuring from the closest point of each object, what is the distance between the counter and the sofa (in meters)?",0.3424505453853144,0.0,3.157549454614686,0.5524401747093839,0.0,2.9475598252906163,0.6099328045897463,0.0,2.8900671954102535,0.6974339265555138,0.0,2.802566073444486,0.817498943430809,0.0,2.682501056569191,0.9496456717335342,0.0,2.550354328266466,1.0550755762826924,0.0,2.444924423717308
2120,4.5,>=3m,0.0,min|p05|p10|p25|median|p75|p90,p90,p90,2.883959744880779,9.10035211975261,1.4384602852616202,0.6654181371434407,0.7451849157046884,"Measuring from the closest point of each object, what is the distance between the door and the clock (in meters)?",0.060051063494934186,0.0,4.439948936505066,0.17757996985760066,0.0,4.322420030142399,0.2219618994289994,0.0,4.278038100571001,0.5805078883150845,0.0,3.9194921116849155,0.7451849157046884,0.0,3.754815084295312,1.2459260254585252,0.0,3.254073974541475,1.6160402551192208,0.0,2.883959744880779
2121,0.5,<1m,1.0,p10,p10,p10,0.004240304868233791,3.204487147747059,0.9065566474964561,0.45487169341990885,0.8591373361072228,"Measuring from the closest point of each object, what is the distance between the chair and the bed (in meters)?",0.0008951764890165418,0.0,0.49910482351098345,0.4112324485188941,0.7,0.08876755148110588,0.5042403048682338,1.0,0.004240304868233791,0.6342887250671079,0.5,0.13428872506710787,0.8591373361072228,0.0,0.35913733610722276,1.0891604184870167,0.0,0.5891604184870167,1.3177890960153502,0.0,0.8177890960153502
2125,0.5,<1m,0.9,p10,p10,p10,0.03590319815132992,2.85636456662976,0.7610107776869051,0.396360071550649,0.6985869618753695,"Measuring from the closest point of each object, what is the distance between the table and the bed (in meters)?",0.10495716125609911,0.0,0.3950428387439009,0.40994683445640434,0.7,0.09005316554359566,0.4640968018486701,0.9,0.03590319815132992,0.5644382418363298,0.8,0.06443824183632985,0.6985869618753695,0.3,0.1985869618753695,0.9607983133869789,0.0,0.46079831338697885,1.1709576121433094,0.0,0.6709576121433094
2127,0.5,<1m,0.9,p05,p05,p05,0.04183695357222761,1.579020252991367,0.31373456993746285,0.16607050093840858,0.7134499967092609,"Measuring from the closest point of each object, what is the distance between the telephone and the chair (in meters)?",0.3716695786550551,0.5,0.12833042134494488,0.5418369535722276,0.9,0.04183695357222761,0.5719364430952627,0.8,0.0719364430952627,0.630468033428639,0.5,0.130468033428639,0.7134499967092609,0.2,0.2134499967092609,0.7965385343670476,0.0,0.2965385343670476,0.8555715235096905,0.0,0.35557152350969046
2128,2.5,1-3m,0.0,min|p05|p10|p25|median|p75|p90,p90,p90,1.4262501811831416,1.2536049361123083,0.21722015154641694,0.11327020639544583,0.9672087377568017,"Measuring from the closest point of each object, what is the distance between the door and the telephone (in meters)?",0.7467942563153358,0.0,1.7532057436846642,0.8565296672704414,0.0,1.6434703327295586,0.8779752617628191,0.0,1.6220247382371809,0.9163705936107385,0.0,1.5836294063892615,0.9672087377568017,0.0,1.5327912622431983,1.0296408000061843,0.0,1.4703591999938157,1.0737498188168584,0.0,1.4262501811831416
2129,0.8,<1m,0.7,median,median,median,0.14462123041863095,8.187192528570387,1.5710154902822144,0.867624329194497,0.944621230418631,"Measuring from the closest point of each object, what is the distance between the towel and the window (in meters)?",0.0027093877319369413,0.0,0.7972906122680631,0.21858541899874595,0.0,0.5814145810012541,0.3090457044718099,0.0,0.49095429552819014,0.4965819761052002,0.3,0.3034180238947998,0.944621230418631,0.7,0.14462123041863095,1.364206305299697,0.0,0.5642063052996971,1.7896009092809604,0.0,0.9896009092809603
2130,1.3,1-3m,1.0,p75,p75,p75,0.014764831702634984,5.908940982995047,1.1600073443015566,0.3024186736277025,1.1727480712798242,"Measuring from the closest point of each object, what is the distance between the door and the towel (in meters)?",0.005774504004588454,0.0,1.2942254959954116,0.2363050092310973,0.0,1.0636949907689028,0.347754465355356,0.0,0.9522455346446441,0.9828164946696626,0.6,0.31718350533033746,1.1727480712798242,0.9,0.12725192872017588,1.285235168297365,1.0,0.014764831702634984,1.3963123535326538,0.9,0.09631235353265377
2132,1.8,1-3m,0.1,p90,p90,p90,0.86323582776069,3.188423520675219,0.6429624968455313,0.1890278645394099,0.6466719511630776,"Measuring from the closest point of each object, what is the distance between the table and the lamp (in meters)?",0.1091907168105196,0.0,1.6908092831894805,0.29380167539377877,0.0,1.5061983246062214,0.3938465855675885,0.0,1.4061534144324115,0.5608264792299829,0.0,1.2391735207700172,0.6466719511630776,0.0,1.1533280488369224,0.7498543437693928,0.0,1.0501456562306073,0.9367641722393101,0.1,0.86323582776069
2133,0.4,<1m,0.9,p05,p05,p05,0.021494938532112318,3.172827888133003,0.9158359571494796,0.5417018885413437,0.8826781473011449,"Measuring from the closest point of each object, what is the distance between the backpack and the pillow (in meters)?",0.07799299151745835,0.0,0.32200700848254166,0.42149493853211234,0.9,0.021494938532112318,0.5158274843210933,0.5,0.11582748432109324,0.6271519870073133,0.0,0.22715198700731332,0.8826781473011449,0.0,0.4826781473011449,1.168853875548657,0.0,0.768853875548657,1.337330895681592,0.0,0.9373308956815919
2134,0.7,<1m,0.9,p10,p10,p10,0.04519642936043877,2.991950433411779,1.2166588350677041,0.7799072127937481,1.2537729834378502,"Measuring from the closest point of each object, what is the distance between the trash bin and the lamp (in meters)?",0.48305050262607857,0.4,0.21694949737392139,0.610787705687953,0.8,0.08921229431204691,0.6548035706395612,0.9,0.04519642936043877,0.8522291297586344,0.6,0.15222912975863445,1.2537729834378502,0.0,0.5537729834378502,1.6321363425523825,0.0,0.9321363425523825,1.8274465407556573,0.0,1.1274465407556573
2135,4.2,>=3m,0.0,min|p05|p10|p25|median|p75|p90,p90,p90,2.514541635507072,9.159595427540005,1.5014482324050753,1.3030361408105176,0.464999885713269,"Measuring from the closest point of each object, what is the distance between the radiator and the mattress (in meters)?",0.006103334137923865,0.0,4.193896665862076,0.18401013208785272,0.0,4.015989867912148,0.2300499725135717,0.0,3.9699500274864286,0.32179358661218377,0.0,3.8782064133878165,0.464999885713269,0.0,3.735000114286731,1.6248297274227013,0.0,2.575170272577299,1.685458364492928,0.0,2.514541635507072
2136,4.2,>=3m,0.0,min|p05|p10|p25|median|p75|p90,p90,p90,2.708876225514066,3.1977606994228953,1.024821285136109,0.4929514825348369,1.0059122100924058,"Measuring from the closest point of each object, what is the distance between the door and the sofa (in meters)?",0.15981704265684613,0.0,4.040182957343154,0.46630248934982516,0.0,3.733697510650175,0.568083254207643,0.0,3.631916745792357,0.7759342334924293,0.0,3.424065766507571,1.0059122100924058,0.0,3.194087789907594,1.2688857160272662,0.0,2.931114283972734,1.491123774485934,0.0,2.708876225514066
2137,5.3,>=3m,0.0,min|p05|p10|p25|median|p75|p90,p90,p90,3.2869032282350026,3.2703825513426255,1.3975428602085223,1.0364993842684174,1.6603696828316958,"Measuring from the closest point of each object, what is the distance between the door and the radiator (in meters)?",0.38099485181477255,0.0,4.919005148185227,0.6155539115564749,0.0,4.684446088443525,0.6712158658122652,0.0,4.628784134187734,0.821839350230879,0.0,4.478160649769121,1.6603696828316958,0.0,3.639630317168304,1.8583387344992963,0.0,3.4416612655007035,2.0130967717649972,0.0,3.2869032282350026
2138,0.7,<1m,1.0,p05,p05,p05,0.010036625892259288,2.872094551657272,1.2916766735101695,0.8860954923129892,1.502601776919553,"Measuring from the closest point of each object, what is the distance between the trash bin and the mirror (in meters)?",0.5538398400108511,0.6,0.14616015998914889,0.6899633741077407,1.0,0.010036625892259288,0.7467853672368688,0.9,0.04678536723686888,0.9676686245952121,0.3,0.2676686245952121,1.502601776919553,0.0,0.802601776919553,1.8537641169082013,0.0,1.1537641169082014,1.9816400476179101,0.0,1.2816400476179102
2139,2.9,1-3m,0.9,p75,p75,p75,0.15918718728968484,10.264257925147193,2.913342745836793,1.9416579823982718,2.160430202788204,"Measuring from the closest point of each object, what is the distance between the mirror and the lamp (in meters)?",0.008584727122340562,0.0,2.8914152728776594,0.31447124738709226,0.0,2.5855287526129076,0.45044323191976604,0.0,2.449556768080234,1.117529204891413,0.0,1.782470795108587,2.160430202788204,0.5,0.739569797211796,3.0591871872896848,0.9,0.15918718728968484,3.227813993223885,0.8,0.32781399322388527
2140,2.4,1-3m,0.6,p90,p90,p90,0.5821024114192164,38.83784684932977,1.7710902154626686,1.627081188305523,1.6424164985012641,"Measuring from the closest point of each object, what is the distance between the table and the nightstand (in meters)?",0.0,0.0,2.4,0.04680737311811494,0.0,2.353192626881885,0.07148693933542646,0.0,2.3285130606645734,0.12332467236639008,0.0,2.27667532763361,1.6424164985012641,0.4,0.7575835014987358,1.750405860671913,0.5,0.6495941393280869,1.8178975885807835,0.6,0.5821024114192164
2141,2.9,1-3m,0.0,min|p05|p10|p25|median|p75|p90,p90,p90,1.7960691021777746,4.736684830078125,0.8708710812154241,0.15963462403258966,0.9581305405973675,"Measuring from the closest point of each object, what is the distance between the nightstand and the chair (in meters)?",0.015622147679381486,0.0,2.8843778523206183,0.23305981660680125,0.0,2.6669401833931987,0.2981006437268779,0.0,2.601899356273122,0.8751441184255462,0.0,2.024855881574454,0.9581305405973675,0.0,1.9418694594026324,1.0347787424581358,0.0,1.865221257541864,1.1039308978222253,0.0,1.7960691021777746
2142,3.9,>=3m,0.0,min|p05|p10|p25|median|p75|p90,p90,p90,2.3354974961517962,9.124275893679906,1.3930365681313885,0.3938991218419328,0.5861473974781765,"Measuring from the closest point of each object, what is the distance between the closet and the nightstand (in meters)?",0.0013670753371491531,0.0,3.898632924662851,0.171465935716815,0.0,3.728534064283185,0.2658747781944927,0.0,3.6341252218055073,0.43969189701101313,0.0,3.4603081029889866,0.5861473974781765,0.0,3.3138526025218233,0.833591018852946,0.0,3.066408981147054,1.5645025038482037,0.0,2.3354974961517962
2143,3.8,>=3m,0.2,p90,p90,p90,1.6852771755556457,9.147301579540285,1.883537397129446,1.5133450528521435,1.1458397211832503,"Measuring from the closest point of each object, what is the distance between the door and the telephone (in meters)?",0.007767028216265562,0.0,3.792232971783734,0.23118542731490807,0.0,3.568814572685092,0.2842751500647336,0.0,3.5157248499352662,0.41760584204532475,0.0,3.3823941579546752,1.1458397211832503,0.0,2.6541602788167493,1.9309508948974683,0.1,1.8690491051025315,2.114722824444354,0.2,1.6852771755556457
2144,0.9,<1m,1.0,p75,p75,p75,0.030936890282813212,1.6991248198155366,0.40384619699981206,0.20107238177028652,0.7599424880017722,"Measuring from the closest point of each object, what is the distance between the telephone and the window (in meters)?",0.337501403187666,0.0,0.5624985968123339,0.5776453439406806,0.3,0.32235465605931946,0.603979345463909,0.4,0.29602065453609105,0.6679907279469003,0.5,0.23200927205309974,0.7599424880017722,0.7,0.1400575119982278,0.8690631097171868,1.0,0.030936890282813212,0.9814915409404926,0.9,0.0814915409404926
2145,2.9,1-3m,0.2,p90,p90,p90,1.2450979789759629,5.044805266071952,1.326861208001219,0.6998173932820195,1.0125691677762403,"Measuring from the closest point of each object, what is the distance between the door and the keyboard (in meters)?",0.2116092028160439,0.0,2.6883907971839562,0.328040813022818,0.0,2.571959186977182,0.35662582851273317,0.0,2.5433741714872666,0.4396880875159937,0.0,2.460311912484006,1.0125691677762403,0.0,1.8874308322237596,1.1395054807980132,0.0,1.7604945192019867,1.654902021024037,0.2,1.2450979789759629
2146,0.7,<1m,1.0,p90,p90,p90,0.02432996470161697,3.88278632412413,0.5016532393958171,0.2897476926925078,0.4735126222566118,"Measuring from the closest point of each object, what is the distance between the telephone and the radiator (in meters)?",0.013888144435020294,0.0,0.6861118555649797,0.17401679590256594,0.0,0.525983204097434,0.222942309486627,0.0,0.477057690513373,0.3213311605814244,0.0,0.37866883941857554,0.4735126222566118,0.4,0.22648737774338817,0.6110788532739322,0.8,0.08892114672606777,0.675670035298383,1.0,0.02432996470161697
2147,0.7,<1m,1.0,p25,p25,p25,0.02400479368580244,1.8571947520364314,0.5059085352879493,0.26959669989983137,0.8539258954742024,"Measuring from the closest point of each object, what is the distance between the table and the backpack (in meters)?",0.40703286175915177,0.2,0.2929671382408482,0.5901908919601597,0.7,0.10980910803984023,0.6357400723029208,0.9,0.06425992769707911,0.7240047936858024,1.0,0.02400479368580244,0.8539258954742024,0.6,0.15392589547420243,0.9936014935856338,0.2,0.2936014935856338,1.096099427248109,0.0,0.3960994272481091
2149,1.1,1-3m,0.4,p90,p90,p90,0.3516383688178575,6.7390767345669165,0.6373135365160658,0.3232063261270884,0.4387147286569548,"Measuring from the closest point of each object, what is the distance between the table and the counter (in meters)?",0.0004986117786859749,0.0,1.099501388221314,0.11104809466607679,0.0,0.9889519053339233,0.16741253766358843,0.0,0.9325874623364117,0.27658107846352104,0.0,0.8234189215364791,0.4387147286569548,0.0,0.6612852713430453,0.5997874045906094,0.1,0.5002125954093907,0.7483616311821426,0.4,0.3516383688178575
2150,2.3,1-3m,0.0,min|p05|p10|p25|median|p75|p90,p90,p90,1.4470700916880492,4.179097882053131,0.6488356438596141,0.21204806393429576,0.5960748858104339,"Measuring from the closest point of each object, what is the distance between the table and the printer (in meters)?",0.011779645617280414,0.0,2.2882203543827195,0.20409426445233636,0.0,2.0959057355476634,0.3040974835470213,0.0,1.9959025164529784,0.4867121026769219,0.0,1.813287897323078,0.5960748858104339,0.0,1.703925114189566,0.6987601666112176,0.0,1.601239833388782,0.8529299083119505,0.0,1.4470700916880492
2151,2.3,1-3m,0.1,p90,p90,p90,1.0911092644609983,2.2204035323062836,0.6644443239070791,0.39540589963315276,0.9150863183440077,"Measuring from the closest point of each object, what is the distance between the table and the backpack (in meters)?",0.37977674883309526,0.0,1.9202232511669046,0.5444464116319224,0.0,1.7555535883680773,0.5889497183408671,0.0,1.7110502816591326,0.6820772143763906,0.0,1.6179227856236094,0.9150863183440077,0.0,1.3849136816559922,1.0774831140095433,0.0,1.2225168859904565,1.2088907355390015,0.1,1.0911092644609983
2153,1.2,1-3m,0.9,p75,p75,p75,0.09876028555550742,2.5044167281284775,1.0341842187578503,0.32069775432509917,0.8696736274612094,"Measuring from the closest point of each object, what is the distance between the backpack and the refrigerator (in meters)?",0.5785133501848008,0.0,0.6214866498151992,0.6874320123018006,0.2,0.5125679876981993,0.7169244246279695,0.2,0.4830755753720305,0.7805419601193934,0.4,0.4194580398806066,0.8696736274612094,0.5,0.3303263725387906,1.1012397144444925,0.9,0.09876028555550742,1.7216162310596508,0.2,0.5216162310596508
2154,4.6,>=3m,0.0,min|p05|p10|p25|median|p75|p90,p90,p90,3.2750662615648487,5.145139539989643,1.0674220172976872,0.39032685356942654,0.6450654567748838,"Measuring from the closest point of each object, what is the distance between the door and the backpack (in meters)?",0.013757961117719356,0.0,4.58624203888228,0.2575117211374636,0.0,4.342488278862536,0.31815476519144,0.0,4.28184523480856,0.4594954673418167,0.0,4.140504532658183,0.6450654567748838,0.0,3.9549345432251157,0.8498223209112432,0.0,3.7501776790887567,1.3249337384351507,0.0,3.2750662615648487
2155,1.5,1-3m,1.0,median|p75,median,median,0.01341963052831363,1.706239486285906,0.6689152565611042,0.42843813466796643,1.4865803694716864,"Measuring from the closest point of each object, what is the distance between the towel and the window (in meters)?",0.7518948267774686,0.1,0.7481051732225314,0.9471507463833707,0.3,0.5528492536166293,1.0023014596447872,0.4,0.49769854035521277,1.1256986780425065,0.6,0.37430132195749355,1.4865803694716864,1.0,0.01341963052831363,1.5541368127104729,1.0,0.05413681271047288,1.6160660029444749,0.9,0.11606600294447489
2156,1.2,1-3m,0.8,median,median,median,0.15209318976477237,11.851361837427497,1.956489798166544,0.8597831217801115,1.3520931897647723,"Measuring from the closest point of each object, what is the distance between the mirror and the window (in meters)?",0.002804155590358453,0.0,1.1971958444096416,0.18029901015911232,0.0,1.0197009898408878,0.2663974149483446,0.0,0.9336025850516554,0.9508838220319622,0.6,0.24911617796803776,1.3520931897647723,0.8,0.15209318976477237,1.8106669438120737,0.0,0.6106669438120738,2.1367888083256563,0.0,0.9367888083256564
2157,0.7,<1m,0.7,p25,p25,p25,0.13071108320016134,3.6927355429109223,1.117389772671874,0.4988803856518763,1.1363834062088798,"Measuring from the closest point of each object, what is the distance between the mirror and the towel (in meters)?",0.2545111142792766,0.0,0.44548888572072337,0.414964542512758,0.2,0.28503545748724196,0.49083242130400073,0.5,0.20916757869599922,0.8307110832001613,0.7,0.13071108320016134,1.1363834062088798,0.0,0.43638340620887983,1.3295914688520376,0.0,0.6295914688520377,1.532354315184632,0.0,0.832354315184632
2158,0.8,<1m,1.0,p25,p25,p25,0.020366870758640077,3.9752670744814886,1.160181739540494,0.5963401728941401,1.055895669424078,"Measuring from the closest point of each object, what is the distance between the door and the window (in meters)?",0.0014957883274322144,0.0,0.7985042116725678,0.3899420490655225,0.0,0.41005795093447756,0.5289644898679775,0.4,0.27103551013202254,0.8203668707586401,1.0,0.020366870758640077,1.055895669424078,0.4,0.25589566942407793,1.4167070436527802,0.0,0.6167070436527802,1.5501237886060166,0.0,0.7501237886060166
2159,0.9,<1m,1.0,min,min,min,0.02947652657200328,2.385034827857246,1.4589845214783843,1.2768586550693521,1.8364282840375565,"Measuring from the closest point of each object, what is the distance between the door and the towel (in meters)?",0.9294765265720033,1.0,0.02947652657200328,1.0533919379742558,0.7,0.15339193797425577,1.0897135813894754,0.6,0.18971358138947536,1.1659615434248243,0.5,0.26596154342482425,1.8364282840375565,0.0,0.9364282840375565,2.4428201984941764,0.0,1.5428201984941765,2.51237645945264,0.0,1.6123764594526402
2160,1.0,1-3m,0.7,median,median,median,0.17290791579735654,18.27207664058946,1.9621835880910847,1.0399167685839092,0.8270920842026435,"Measuring from the closest point of each object, what is the distance between the printer and the refrigerator (in meters)?",0.000612284996777818,0.0,0.9993877150032222,0.11360438173832231,0.0,0.8863956182616777,0.16375623413427126,0.0,0.8362437658657287,0.32043574270636915,0.0,0.6795642572936309,0.8270920842026435,0.7,0.17290791579735654,1.3603525112902783,0.3,0.36035251129027834,2.075787969829407,0.0,1.075787969829407
2161,2.8,1-3m,0.5,p90,p90,p90,0.7589475150876921,4.72614010645638,1.6091879106640694,1.1846408559285468,1.2974809663948184,"Measuring from the closest point of each object, what is the distance between the door and the sofa (in meters)?",0.20895130559899378,0.0,2.591048694401006,0.43186457424823826,0.0,2.3681354257517615,0.492535934280356,0.0,2.307464065719644,0.6820675906552747,0.0,2.117932409344725,1.2974809663948184,0.0,1.5025190336051815,1.8667084465838215,0.4,0.9332915534161783,2.0410524849123077,0.5,0.7589475150876921
2162,2.7,1-3m,0.5,p90,p90,p90,0.7499651400465137,6.04499032215256,1.6274479315993813,1.3454429761438527,0.9297280429977226,"Measuring from the closest point of each object, what is the distance between the bookshelf and the sofa (in meters)?",0.037241867686729276,0.0,2.6627581323132707,0.3225869283541051,0.0,2.377413071645895,0.3667186317173839,0.0,2.3332813682826163,0.4687068639860078,0.0,2.2312931360139925,0.9297280429977226,0.0,1.7702719570022776,1.8141498401298604,0.4,0.8858501598701398,1.9500348599534865,0.5,0.7499651400465137
2164,3.7,>=3m,0.0,min|p05|p10|p25|median|p75|p90,p90,p90,2.078216514543989,1.757991208060642,0.6992626685031725,0.30451236074615884,1.5144398286391456,"Measuring from the closest point of each object, what is the distance between the backpack and the bookshelf (in meters)?",0.8089273049271806,0.0,2.8910726950728196,0.9225208169528386,0.0,2.7774791830471615,1.0108119653722654,0.0,2.689188034627735,1.2707386270918908,0.0,2.429261372908109,1.5144398286391456,0.0,2.1855601713608546,1.5752509878380496,0.0,2.1247490121619506,1.6217834854560111,0.0,2.078216514543989
2165,1.5,1-3m,0.0,min|p05|p10|p25|median|p75|p90,p90,p90,0.7758505240428033,2.47229833038402,0.4312440983749066,0.2765303598639439,0.6061233641565463,"Measuring from the closest point of each object, what is the distance between the backpack and the tv (in meters)?",0.1889946069546965,0.0,1.3110053930453036,0.29290537758229007,0.0,1.20709462241771,0.3188145031486328,0.0,1.1811854968513673,0.4108016016516115,0.0,1.0891983983483886,0.6061233641565463,0.0,0.8938766358434537,0.6873319615155554,0.0,0.8126680384844446,0.7241494759571967,0.0,0.7758505240428033
2166,0.7,<1m,1.0,median,median,median,0.028856998917577092,4.510574361226644,1.1366751008058393,0.39089952623120083,0.728856998917577,"Measuring from the closest point of each object, what is the distance between the radiator and the mirror (in meters)?",0.13450221987462352,0.0,0.5654977801253764,0.323786077104679,0.0,0.37621392289532096,0.39390527242759366,0.2,0.3060947275724063,0.5467558104711445,0.6,0.15324418952885543,0.728856998917577,1.0,0.028856998917577092,0.9376553367023454,0.4,0.2376553367023454,1.4604611779105183,0.0,0.7604611779105184
2167,2.3,1-3m,0.4,p90,p90,p90,0.7180170664116006,6.08358291322457,1.3219416131767936,0.29217500352877224,0.7009742031876188,"Measuring from the closest point of each object, what is the distance between the door and the radiator (in meters)?",0.007584505286702175,0.0,2.2924154947132975,0.2600413204116056,0.0,2.0399586795883944,0.3677493999932104,0.0,1.9322506000067894,0.5760811924486662,0.0,1.7239188075513336,0.7009742031876188,0.0,1.599025796812381,0.8682561959774384,0.0,1.4317438040225614,1.5819829335883993,0.4,0.7180170664116006
2168,1.2,1-3m,0.6,p25,p25,p25,0.2969524040290159,2.139956460374814,0.8968283965046363,0.7164875958849015,1.5079166430582764,"Measuring from the closest point of each object, what is the distance between the mirror and the backpack (in meters)?",0.6920435527550055,0.2,0.5079564472449944,0.7867216228677384,0.4,0.41327837713226157,0.8156519807409909,0.4,0.3843480192590091,0.903047595970984,0.6,0.2969524040290159,1.5079166430582764,0.5,0.3079166430582765,1.6195351918558856,0.4,0.4195351918558856,1.6835500193723747,0.2,0.48355001937237474
2169,1.0,1-3m,0.8,p25,p25,p25,0.13174412624141096,6.420809568645644,1.2104316467648841,0.2330497352673746,1.2666390286105362,"Measuring from the closest point of each object, what is the distance between the door and the mirror (in meters)?",0.0014535253037858767,0.0,0.9985464746962142,0.2232935194340913,0.0,0.7767064805659087,0.32535624605263747,0.0,0.6746437539473625,1.131744126241411,0.8,0.13174412624141096,1.2666390286105362,0.5,0.26663902861053623,1.3647938615087856,0.3,0.36479386150878557,1.4337251661989754,0.2,0.4337251661989754
2171,2.4,1-3m,0.0,min|p05|p10|p25|median|p75|p90,p90,p90,1.2742803497239703,4.6267422302404055,0.8824124604096217,0.631842383168131,0.8855197071864225,"Measuring from the closest point of each object, what is the distance between the bookshelf and the sofa (in meters)?",0.053544435850828534,0.0,2.3464555641491716,0.24330718986640784,0.0,2.1566928101335923,0.289572438026086,0.0,2.110427561973914,0.38484949264269175,0.0,2.0151505073573084,0.8855197071864225,0.0,1.5144802928135774,1.0166918758108228,0.0,1.3833081241891771,1.1257196502760296,0.0,1.2742803497239703
2172,5.4,>=3m,0.0,min|p05|p10|p25|median|p75|p90,p90,p90,3.667518793118531,14.423379329888096,1.6123650283315907,1.4261001641651683,0.2922989430953433,"Measuring from the closest point of each object, what is the distance between the tv and the bookshelf (in meters)?",0.003040867293703687,0.0,5.3969591327062965,0.12011617854987877,0.0,5.279883821450122,0.15032030944563482,0.0,5.249679690554365,0.2059424245283325,0.0,5.194057575471668,0.2922989430953433,0.0,5.1077010569046575,1.6320425886935008,0.0,3.7679574113064995,1.7324812068814694,0.0,3.667518793118531
2173,3.6,>=3m,0.0,min|p05|p10|p25|median|p75|p90,p90,p90,1.8867506918921804,6.164253888436389,1.4353163515627092,1.0081272064855595,0.6974969961146559,"Measuring from the closest point of each object, what is the distance between the radiator and the sofa (in meters)?",0.00933585016785468,0.0,3.590664149832145,0.2779329565451106,0.0,3.3220670434548896,0.3569619670545101,0.0,3.24303803294549,0.5057411317135947,0.0,3.0942588682864054,0.6974969961146559,0.0,2.9025030038853443,1.5138683381991542,0.0,2.086131661800846,1.7132493081078197,0.0,1.8867506918921804
2174,5.7,>=3m,0.0,min|p05|p10|p25|median|p75|p90,p90,p90,3.99321282923695,6.179954864667481,1.430605999842009,0.9763598695827016,0.9456560192038649,"Measuring from the closest point of each object, what is the distance between the radiator and the bookshelf (in meters)?",0.07638161015931438,0.0,5.6236183898406855,0.27618117092104133,0.0,5.423818829078959,0.32889644331529416,0.0,5.371103556684706,0.5847410023429405,0.0,5.11525899765706,0.9456560192038649,0.0,4.754343980796135,1.561100871925642,0.0,4.138899128074359,1.7067871707630504,0.0,3.99321282923695
2178,0.9,<1m,0.6,median|p75,median,median,0.185470226989206,8.712822544475195,1.270198505760842,0.726560466262866,0.714529773010794,"Measuring from the closest point of each object, what is the distance between the mirror and the window (in meters)?",0.0012839601654446584,0.0,0.8987160398345554,0.16468659799138038,0.0,0.7353134020086196,0.21995877250673163,0.0,0.6800412274932683,0.38019233201691033,0.0,0.5198076679830896,0.714529773010794,0.6,0.185470226989206,1.1067527982797762,0.6,0.20675279827977622,1.4348851037522223,0.0,0.5348851037522223
2179,1.6,1-3m,0.8,p90,p90,p90,0.22784911685434417,6.065337854283375,1.1459226142328804,0.7461713263727503,0.9149481139853054,"Measuring from the closest point of each object, what is the distance between the nightstand and the chair (in meters)?",0.004049965904470308,0.0,1.5959500340955297,0.22622826891277548,0.0,1.3737717310872246,0.2791372625446229,0.0,1.3208627374553772,0.41082284634381333,0.0,1.1891771536561868,0.9149481139853054,0.2,0.6850518860146947,1.1569941727165636,0.5,0.4430058272834365,1.372150883145656,0.8,0.22784911685434417
2180,0.5,<1m,1.0,p25,p25,p25,0.01290690670939898,6.229251733250546,0.9337591502697098,0.4904079984314955,0.8507351338618383,"Measuring from the closest point of each object, what is the distance between the mirror and the bed (in meters)?",0.0038049373980188635,0.0,0.49619506260198115,0.1785645820667496,0.0,0.32143541793325037,0.259360627331296,0.1,0.240639372668704,0.512906906709399,1.0,0.01290690670939898,0.8507351338618383,0.0,0.3507351338618383,1.0033149051408945,0.0,0.5033149051408945,1.1123237323364594,0.0,0.6123237323364594
2181,0.7,<1m,0.9,median|p75,median,median,0.038671432622345625,1.7941539886270705,0.36534701291354765,0.1705962402238692,0.6613285673776543,"Measuring from the closest point of each object, what is the distance between the door and the sofa (in meters)?",0.2883901883028505,0.0,0.41160981169714944,0.4600455555794132,0.4,0.23995444442058678,0.50433305983428,0.5,0.19566694016571995,0.5790954097165562,0.7,0.1209045902834438,0.6613285673776543,0.9,0.038671432622345625,0.7496916499404254,0.9,0.04969164994042541,0.8253925684929608,0.7,0.12539256849296088
2182,0.5,<1m,0.9,min|p05|p10,p05,p05,0.02796104443910563,3.5496748064240604,1.3461289737797215,1.0511899393046518,0.6349396969566894,"Measuring from the closest point of each object, what is the distance between the backpack and the window (in meters)?",0.46780352457996105,0.9,0.03219647542003895,0.5279610444391056,0.9,0.02796104443910563,0.5468012165529361,0.9,0.04680121655293612,0.5842220444445942,0.7,0.08422204444459425,0.6349396969566894,0.5,0.1349396969566894,1.635411983749246,0.0,1.135411983749246,1.8740900182188271,0.0,1.3740900182188271
2183,2.4,1-3m,0.1,p75|p90,p90,p90,1.112129470559817,6.043615756589282,1.0747744986351084,0.6866449669731791,1.0937180212007918,"Measuring from the closest point of each object, what is the distance between the door and the fan (in meters)?",0.0012178413181387416,0.0,2.398782158681861,0.21309603080507444,0.0,2.1869039691949252,0.2685409689428618,0.0,2.131459031057138,0.5200882709043748,0.0,1.879911729095625,1.0937180212007918,0.0,1.3062819787992082,1.206733237877554,0.1,1.193266762122446,1.2878705294401829,0.1,1.112129470559817
2184,4.3,>=3m,0.0,min|p05|p10|p25|median|p75|p90,p90,p90,2.6389004743920337,28.430361140439818,1.6026725672797726,1.4672832796167221,0.6745268860953195,"Measuring from the closest point of each object, what is the distance between the table and the printer (in meters)?",0.0,0.0,4.3,0.05842695832819339,0.0,4.241573041671806,0.07853559721750751,0.0,4.221464402782492,0.13017171788783805,0.0,4.169828282112162,0.6745268860953195,0.0,3.6254731139046803,1.5974549975045602,0.0,2.7025450024954396,1.661099525607966,0.0,2.6389004743920337
2185,3.0,>=3m,0.0,min|p05|p10|p25|median|p75|p90,p90,p90,1.5373084638260681,9.385526047492222,1.3068460855542772,1.0011665927720705,0.8662330375544915,"Measuring from the closest point of each object, what is the distance between the door and the printer (in meters)?",0.02258213791564419,0.0,2.977417862084356,0.15584545061965469,0.0,2.8441545493803453,0.19452987339448988,0.0,2.80547012660551,0.28385013945480664,0.0,2.7161498605451935,0.8662330375544915,0.0,2.1337669624455087,1.285016732226877,0.0,1.714983267773123,1.4626915361739319,0.0,1.5373084638260681
2186,0.8,<1m,1.0,median,median,median,0.028740720874928738,3.4715991159515998,1.158902123618293,0.2842414148476621,0.8287407208749288,"Measuring from the closest point of each object, what is the distance between the guitar and the window (in meters)?",0.16799425174334706,0.0,0.632005748256653,0.4688875781427441,0.2,0.3311124218572559,0.5370455381626663,0.4,0.26295446183733373,0.67757899249536,0.7,0.12242100750464002,0.8287407208749288,1.0,0.028740720874928738,0.9618204073430221,0.6,0.16182040734302205,1.6277897017610372,0.0,0.8277897017610372
2187,3.5,>=3m,0.7,p90,p90,p90,0.6068236949642829,13.7598176568743,2.682913612812444,1.153838322587686,1.7540164282291903,"Measuring from the closest point of each object, what is the distance between the lamp and the window (in meters)?",0.0070153018866022585,0.0,3.4929846981133976,0.2102626922232729,0.0,3.289737307776727,0.3074414177246119,0.0,3.192558582275388,0.999893692942728,0.0,2.5001063070572718,1.7540164282291903,0.1,1.7459835717708097,2.153732015530414,0.3,1.346267984469586,2.893176305035717,0.7,0.6068236949642829
2188,1.8,1-3m,0.3,p90,p90,p90,0.6943986428697657,3.832789943964032,0.8171427216990489,0.37408120588928556,0.5577547519293324,"Measuring from the closest point of each object, what is the distance between the lamp and the sofa (in meters)?",0.10355447747147913,0.0,1.6964455225285209,0.28845863543118544,0.0,1.5115413645688145,0.33476935299716215,0.0,1.465230647002838,0.4185564702562035,0.0,1.3814435297437966,0.5577547519293324,0.0,1.2422452480706676,0.7926376761454891,0.0,1.0073623238545109,1.1056013571302343,0.3,0.6943986428697657
2189,0.7,<1m,1.0,p75,p75,p75,0.019524828790367432,3.256893685183489,0.6697396436218934,0.24289338094604757,0.589073248685378,"Measuring from the closest point of each object, what is the distance between the door and the fan (in meters)?",0.010892018762230551,0.0,0.6891079812377694,0.2967528546066372,0.0,0.40324714539336276,0.38256279461614295,0.1,0.317437205383857,0.4766314478443198,0.4,0.22336855215568013,0.589073248685378,0.7,0.11092675131462193,0.7195248287903674,1.0,0.019524828790367432,0.9664924982285307,0.3,0.2664924982285307
2190,0.5,<1m,1.0,p90,p90,p90,0.00857701378825626,2.688248745540565,0.3086188513537077,0.1288513523810602,0.3910805538976807,"Measuring from the closest point of each object, what is the distance between the telephone and the keyboard (in meters)?",0.010763164834630353,0.0,0.48923683516536964,0.18280413485803607,0.0,0.31719586514196396,0.2672516962680802,0.1,0.2327483037319198,0.3159974821744525,0.3,0.1840025178255475,0.3910805538976807,0.6,0.1089194461023193,0.4448488345555127,0.8,0.05515116544448728,0.49142298621174374,1.0,0.00857701378825626
2191,3.0,>=3m,0.4,p90,p90,p90,1.0259269151559698,1.257248967316912,0.4039202064870182,0.21964885410110058,1.6809225544783573,"Measuring from the closest point of each object, what is the distance between the door and the keyboard (in meters)?",1.5254901670566647,0.1,1.4745098329433353,1.570152878357012,0.1,1.429847121642988,1.5881935309088762,0.1,1.4118064690911238,1.6251678356767818,0.1,1.3748321643232182,1.6809225544783573,0.2,1.3190774455216427,1.8448166897778824,0.3,1.1551833102221176,1.9740730848440302,0.4,1.0259269151559698
2192,5.5,>=3m,0.0,min|p05|p10|p25|median|p75|p90,p90,p90,3.4308929966713544,8.9220701707625,1.8371981566453859,1.6521911870474109,2.0055623074657936,"Measuring from the closest point of each object, what is the distance between the door and the clock (in meters)?",0.06972160046513745,0.0,5.4302783995348625,0.2319088466832597,0.0,5.268091153316741,0.28594956713969966,0.0,5.214050432860301,0.38990553766384184,0.0,5.110094462336158,2.0055623074657936,0.0,3.4944376925342064,2.0420967247112527,0.0,3.4579032752887473,2.0691070033286456,0.0,3.4308929966713544
2195,2.5,1-3m,0.5,p90,p90,p90,0.6425566857201381,3.6998513181360972,1.355411433924302,0.861728897660786,1.084879108564823,"Measuring from the closest point of each object, what is the distance between the towel and the chair (in meters)?",0.16039054785049275,0.0,2.3396094521495074,0.5020318803555599,0.0,1.99796811964444,0.6647698764895593,0.0,1.8352301235104407,0.8418937591467872,0.0,1.6581062408532128,1.084879108564823,0.0,1.415120891435177,1.7036226568075732,0.4,0.7963773431924268,1.8574433142798619,0.5,0.6425566857201381
2196,2.7,1-3m,0.5,p75|p90,p90,p90,0.7059584282189746,1.2979495612245802,0.4577402921691265,0.2132148511745684,1.8550776629401362,"Measuring from the closest point of each object, what is the distance between the nightstand and the towel (in meters)?",1.4281452207343577,0.1,1.2718547792656425,1.536301279611899,0.2,1.163698720388101,1.5715443100104542,0.2,1.128455689989546,1.7135005720249135,0.3,0.9864994279750867,1.8550776629401362,0.4,0.844922337059864,1.9267154231994819,0.5,0.7732845768005183,1.9940415717810256,0.5,0.7059584282189746
2198,4.2,>=3m,0.0,min|p05|p10|p25|median|p75|p90,p90,p90,2.3853131252667086,12.956177269915091,1.6746234256982828,0.9378938424466505,1.0702722747945907,"Measuring from the closest point of each object, what is the distance between the mirror and the lamp (in meters)?",0.028004581373429677,0.0,4.171995418626571,0.14006344903500878,0.0,4.059936550964991,0.19346532529454818,0.0,4.006534674705452,0.45763665710632156,0.0,3.7423633428936784,1.0702722747945907,0.0,3.1297277252054094,1.395530499552972,0.0,2.804469500447028,1.8146868747332916,0.0,2.3853131252667086
2199,3.8,>=3m,0.0,min|p05|p10|p25|median|p75|p90,p90,p90,2.9606243664693,2.606906285750899,0.5173941192282308,0.37921580924121023,0.7022153613465565,"Measuring from the closest point of each object, what is the distance between the towel and the lamp (in meters)?",0.24282722063259216,0.0,3.5571727793674075,0.32198151430246924,0.0,3.4780184856975307,0.34230583234329687,0.0,3.457694167656703,0.4045761539221139,0.0,3.395423846077886,0.7022153613465565,0.0,3.0977846386534433,0.7837919631633241,0.0,3.0162080368366757,0.8393756335307,0.0,2.9606243664693
2200,1.9,1-3m,1.0,p75,p75,p75,0.0017132518258178298,14.086323085873163,1.925157198195815,1.5110928581819927,1.0944298292953194,"Measuring from the closest point of each object, what is the distance between the nightstand and the lamp (in meters)?",0.0,0.0,1.9,0.14711215561184215,0.0,1.7528878443881577,0.21440191468922573,0.0,1.6855980853107742,0.3871938899921894,0.0,1.5128061100078105,1.0944298292953194,0.2,0.8055701707046805,1.898286748174182,1.0,0.0017132518258178298,2.0722693538076573,0.9,0.1722693538076574
2201,1.5,1-3m,0.7,p90,p90,p90,0.2784450740612827,2.1450990147805666,0.6520917368170364,0.24244684750871448,0.9038615872942486,"Measuring from the closest point of each object, what is the distance between the table and the nightstand (in meters)?",0.0,0.0,1.5,0.5694631891216809,0.0,0.9305368108783191,0.6675938802115371,0.0,0.8324061197884629,0.7912896581789464,0.1,0.7087103418210536,0.9038615872942486,0.3,0.5961384127057514,1.0337365056876608,0.4,0.46626349431233916,1.2215549259387173,0.7,0.2784450740612827
2202,1.0,1-3m,0.9,median,median,median,0.09180017331926449,2.9484767066440347,0.8902214527299108,0.435459576811287,0.9081998266807355,"Measuring from the closest point of each object, what is the distance between the lamp and the sofa (in meters)?",0.0022477730829476446,0.0,0.9977522269170523,0.456880726207493,0.0,0.543119273792507,0.5883179867147177,0.2,0.4116820132852823,0.725569549032288,0.5,0.274430450967712,0.9081998266807355,0.9,0.09180017331926449,1.161029125843575,0.7,0.16102912584357498,1.3471021789374038,0.4,0.3471021789374038
2203,1.0,1-3m,1.0,p90,p90,p90,0.029600303576786557,4.092426170930163,0.7332788160720225,0.38347005551192465,0.5404821165156077,"Measuring from the closest point of each object, what is the distance between the table and the sofa (in meters)?",0.007513496916565157,0.0,0.9924865030834349,0.2371208803511909,0.0,0.7628791196488092,0.2999439034306412,0.0,0.7000560965693587,0.40370662232079585,0.0,0.5962933776792041,0.5404821165156077,0.1,0.45951788348439226,0.7871766778327205,0.6,0.2128233221672795,0.9703996964232134,1.0,0.029600303576786557
2204,0.5,<1m,0.2,median,median,median,0.21906234923792378,17.10766928668443,1.2347134243798092,0.8537112771908955,0.7190623492379238,"Measuring from the closest point of each object, what is the distance between the table and the counter (in meters)?",0.0006560353603388607,0.0,0.49934396463966113,0.07665376054129058,0.0,0.4233462394587094,0.11939470075883797,0.0,0.38060529924116204,0.24516662033127704,0.0,0.254833379668723,0.7190623492379238,0.2,0.21906234923792378,1.0988778975221725,0.0,0.5988778975221725,1.3113671849211,0.0,0.8113671849210999
2205,4.4,>=3m,0.0,min|p05|p10|p25|median|p75|p90,p90,p90,2.4031569821047234,1.0753218350873577,0.13987057230827182,0.06814453358049555,1.9292059028929942,"Measuring from the closest point of each object, what is the distance between the plant and the window (in meters)?",1.8040810751537726,0.0,2.5959189248462278,1.8569724455870051,0.0,2.543027554412995,1.8704743151451553,0.0,2.5295256848548453,1.896138170580378,0.0,2.5038618294196224,1.9292059028929942,0.0,2.470794097107006,1.9642827041608735,0.0,2.435717295839127,1.996843017895277,0.0,2.4031569821047234
2206,4.7,>=3m,0.1,p90,p90,p90,2.333146515956763,19.20890724389718,2.2436370275321464,1.6860144504512964,0.9972693248462063,"Measuring from the closest point of each object, what is the distance between the mirror and the window (in meters)?",0.0,0.0,4.7,0.12321645651109099,0.0,4.576783543488909,0.202334904940604,0.0,4.497665095059396,0.6287453483868252,0.0,4.071254651613175,0.9972693248462063,0.0,3.702730675153794,2.3147597988381214,0.0,2.3852402011618787,2.3668534840432374,0.1,2.333146515956763
2208,0.5,<1m,0.9,p05,p05,p05,0.02708653956824647,3.0183792452453715,1.0638605319127519,0.5117136226392616,1.052282606298916,"Measuring from the closest point of each object, what is the distance between the table and the window (in meters)?",0.0,0.0,0.5,0.5270865395682465,0.9,0.02708653956824647,0.6294615860554726,0.5,0.12946158605547264,0.8310931000425799,0.0,0.33109310004257986,1.052282606298916,0.0,0.5522826062989159,1.3428067226818414,0.0,0.8428067226818414,1.5909470714809983,0.0,1.0909470714809983
2210,0.7,<1m,0.9,p25,p25,p25,0.036146617081627475,5.929191682609389,1.554250012996196,0.9587647475432602,1.0304631473265684,"Measuring from the closest point of each object, what is the distance between the lamp and the pillow (in meters)?",0.051110166166278906,0.0,0.648889833833721,0.31531539308558915,0.0,0.3846846069144108,0.39012876908606975,0.2,0.3098712309139302,0.6638533829183725,0.9,0.036146617081627475,1.0304631473265684,0.1,0.33046314732656845,1.6226181304616327,0.0,0.9226181304616328,1.8695654060817852,0.0,1.1695654060817853
2211,1.4,1-3m,0.6,p90,p90,p90,0.34907397003965057,1.1756636953124293,0.15702581500043367,0.058949324464173336,0.9932246199549737,"Measuring from the closest point of each object, what is the distance between the mirror and the backpack (in meters)?",0.838274638423545,0.2,0.5617253615764549,0.8939002149599157,0.3,0.5060997850400842,0.9248536426401806,0.4,0.47514635735981936,0.9626312791830344,0.4,0.43736872081696554,0.9932246199549737,0.5,0.4067753800450262,1.0215806036472077,0.5,0.3784193963527922,1.0509260299603493,0.6,0.34907397003965057
2213,1.1,1-3m,1.0,p75,p75,p75,0.03511548766383976,2.3879056691976324,0.7192868482607376,0.28317165838185243,1.0226568530047495,"Measuring from the closest point of each object, what is the distance between the refrigerator and the chair (in meters)?",0.014404957199265558,0.0,1.0855950428007346,0.5182534117585725,0.0,0.5817465882414276,0.6448667685105102,0.2,0.4551332314894899,0.8519438292819874,0.6,0.24805617071801267,1.0226568530047495,0.9,0.07734314699525058,1.1351154876638399,1.0,0.03511548766383976,1.2375402600193102,0.8,0.13754026001931008
2214,1.8,1-3m,0.6,p90,p90,p90,0.42149541923740586,7.410934195289953,1.1924950245532424,0.37951606365457213,0.8415902747251507,"Measuring from the closest point of each object, what is the distance between the window and the chair (in meters)?",0.00787818545049807,0.0,1.792121814549502,0.18600955620935183,0.0,1.6139904437906483,0.31173915433767696,0.0,1.4882608456623232,0.6640197091492238,0.0,1.1359802908507763,0.8415902747251507,0.0,0.9584097252748494,1.043535772803796,0.2,0.7564642271962041,1.3785045807625942,0.6,0.42149541923740586
2216,1.8,1-3m,0.4,p90,p90,p90,0.5470442438877572,4.175081978491996,0.9528524856694431,0.6484887161634393,0.6162409395311172,"Measuring from the closest point of each object, what is the distance between the table and the microwave (in meters)?",0.0036476384201950766,0.0,1.796352361579805,0.3001032704427997,0.0,1.4998967295572003,0.34128717866963787,0.0,1.4587128213303622,0.45728031516376844,0.0,1.3427196848362315,0.6162409395311172,0.0,1.1837590604688828,1.1057690313272077,0.3,0.6942309686727923,1.2529557561122429,0.4,0.5470442438877572
2217,2.0,1-3m,0.4,p75|p90,p90,p90,0.6296806430530577,1.4061121619738197,0.3957745133667784,0.19416807107782708,1.2126398319651395,"Measuring from the closest point of each object, what is the distance between the door and the towel (in meters)?",0.7827613345731917,0.0,1.2172386654268084,0.9745448435801639,0.0,1.0254551564198362,1.0189949916864705,0.1,0.9810050083135295,1.105865665139624,0.2,0.8941343348603761,1.2126398319651395,0.3,0.7873601680348605,1.300033736217451,0.4,0.699966263782549,1.3703193569469423,0.4,0.6296806430530577
2218,2.2,1-3m,0.2,p90,p90,p90,0.9749570188311005,1.5130853950902543,0.415410567067231,0.2138361678102102,1.0542012473434763,"Measuring from the closest point of each object, what is the distance between the backpack and the towel (in meters)?",0.6218434777913214,0.0,1.5781565222086789,0.8096324141016686,0.0,1.3903675858983315,0.8582976681439154,0.0,1.3417023318560848,0.9458685053594237,0.0,1.2541314946405766,1.0542012473434763,0.0,1.1457987526565239,1.1597046731696339,0.1,1.0402953268303663,1.2250429811688996,0.2,0.9749570188311005
2219,0.8,<1m,1.0,p05|p10,p05,p05,0.017163095543989537,2.5341390362561356,1.2009806541478807,0.8849453578789919,1.4010095433614143,"Measuring from the closest point of each object, what is the distance between the microwave and the towel (in meters)?",0.6145755895519321,0.6,0.1854244104480679,0.7828369044560105,1.0,0.017163095543989537,0.8264470926662644,1.0,0.026447092666264327,0.9334698193154538,0.7,0.13346981931545376,1.4010095433614143,0.0,0.6010095433614142,1.8184151771944457,0.0,1.0184151771944456,1.983817558603891,0.0,1.183817558603891
2220,3.0,>=3m,0.9,p90,p90,p90,0.29588909399350927,7.082661028876078,2.32231783487379,1.9661731059702654,1.6480099071725482,"Measuring from the closest point of each object, what is the distance between the door and the microwave (in meters)?",0.12917550203853556,0.0,2.8708244979614643,0.38179307113270056,0.0,2.6182069288672993,0.4530011905304712,0.0,2.5469988094695286,0.6043250193133504,0.0,2.3956749806866497,1.6480099071725482,0.1,1.3519900928274518,2.5704981252836157,0.8,0.42950187471638435,2.7041109060064907,0.9,0.29588909399350927
2222,0.8,<1m,1.0,p90,p90,p90,0.01990387506692004,1.8537256067574441,0.37760331446717504,0.1627886892518663,0.6245730217428103,"Measuring from the closest point of each object, what is the distance between the window and the chair (in meters)?",0.2409992631756217,0.0,0.5590007368243783,0.44230056059974504,0.2,0.357699439400255,0.48126350410461377,0.3,0.3187364958953863,0.5481338970412728,0.4,0.25186610295872724,0.6245730217428103,0.6,0.17542697825718978,0.7109225862931391,0.8,0.08907741370686095,0.8199038750669201,1.0,0.01990387506692004
2223,1.5,1-3m,0.9,p75,p75,p75,0.13910430900393544,2.7094319136025438,1.150250838730587,0.5520346286099579,0.9687613679458644,"Measuring from the closest point of each object, what is the distance between the door and the bed (in meters)?",0.5851057832866214,0.0,0.9148942167133786,0.6728848511471217,0.0,0.8271151488528783,0.7108223391566493,0.0,0.7891776608433507,0.8088610623861067,0.1,0.6911389376138933,0.9687613679458644,0.3,0.5312386320541356,1.3608956909960646,0.9,0.13910430900393544,1.8231356898777087,0.6,0.3231356898777087
2224,0.5,<1m,0.9,p05|p10,p10,p10,0.03396851111975363,2.260817075796284,0.5858373706565918,0.27227207488434446,0.7958215519325045,"Measuring from the closest point of each object, what is the distance between the table and the bed (in meters)?",0.23141210362265455,0.0,0.2685878963773455,0.46464898192039406,0.9,0.035351018079605945,0.5339685111197536,0.9,0.03396851111975363,0.660712522858326,0.4,0.16071252285832605,0.7958215519325045,0.0,0.2958215519325045,0.9329845977426705,0.0,0.4329845977426705,1.0504863525769859,0.0,0.5504863525769859
2225,4.1,>=3m,0.0,min|p05|p10|p25|median|p75|p90,p90,p90,2.5699507778022808,9.947141510849088,1.376231241370872,1.2349232528759915,1.1599086239695038,"Measuring from the closest point of each object, what is the distance between the door and the backpack (in meters)?",0.0026834515561599244,0.0,4.09731654844384,0.153817980826847,0.0,3.9461820191731527,0.18138017073273047,0.0,3.918619829267269,0.255695260987273,0.0,3.8443047390127267,1.1599086239695038,0.0,2.940091376030496,1.4906185138632644,0.0,2.6093814861367353,1.5300492221977189,0.0,2.5699507778022808
2227,3.6,>=3m,0.0,min|p05|p10|p25|median|p75|p90,p90,p90,2.0383009422478877,1.3762241784871785,0.4269282245083468,0.20114113520077703,1.4194157735096038,"Measuring from the closest point of each object, what is the distance between the microwave and the sofa (in meters)?",1.0735051884678346,0.0,2.5264948115321655,1.1347708332437656,0.0,2.4652291667562345,1.1706346326811834,0.0,2.429365367318817,1.295099135066827,0.0,2.304900864933173,1.4194157735096038,0.0,2.1805842264903963,1.496240270267604,0.0,2.103759729732396,1.5616990577521124,0.0,2.0383009422478877
2228,5.3,>=3m,0.0,min|p05|p10|p25|median|p75|p90,p90,p90,3.630856648727951,11.934370668151749,1.5292831610965962,1.1268758552882598,0.8022508055084125,"Measuring from the closest point of each object, what is the distance between the printer and the refrigerator (in meters)?",0.02215792814021521,0.0,5.2778420718597845,0.1398601901754528,0.0,5.160139809824547,0.1978170952754631,0.0,5.102182904724537,0.457574995849278,0.0,4.842425004150722,0.8022508055084125,0.0,4.497749194491587,1.584450851137538,0.0,3.715549148862462,1.669143351272049,0.0,3.630856648727951
2229,0.4,<1m,0.7,p25,p25,p25,0.06362616919164926,8.845858860241501,1.1321611656932857,0.4922260277720038,0.5162217060746916,"Measuring from the closest point of each object, what is the distance between the refrigerator and the counter (in meters)?",0.0027011456714264837,0.0,0.39729885432857354,0.14430047568539067,0.0,0.25569952431460935,0.1876005886074873,0.0,0.21239941139251273,0.33637383080835076,0.7,0.06362616919164926,0.5162217060746916,0.5,0.11622170607469162,0.8285998585803546,0.0,0.42859985858035454,1.2764616413786765,0.0,0.8764616413786764
2230,2.8,1-3m,0.1,p90,p90,p90,1.2710649994031649,4.332582150488526,1.1760426727677047,0.52874661968961,0.7560131407016274,"Measuring from the closest point of each object, what is the distance between the radiator and the nightstand (in meters)?",0.0,0.0,2.8,0.3528923278291302,0.0,2.4471076721708696,0.4908038075021656,0.0,2.309196192497834,0.6190859231159533,0.0,2.1809140768840463,0.7560131407016274,0.0,2.0439868592983723,1.1478325428055633,0.0,1.6521674571944365,1.528935000596835,0.1,1.2710649994031649
2231,5.8,>=3m,0.0,min|p05|p10|p25|median|p75|p90,p90,p90,4.1645214543533235,18.342033583688117,1.546312939325841,1.454022116685304,1.5487517297062712,"Measuring from the closest point of each object, what is the distance between the radiator and the microwave (in meters)?",0.00934957244032457,0.0,5.790650427559675,0.08916560632083541,0.0,5.710834393679164,0.10629248589007036,0.0,5.69370751410993,0.14621851960179746,0.0,5.6537814803982025,1.5487517297062712,0.0,4.251248270293729,1.6002406362871016,0.0,4.199759363712898,1.6354785456466765,0.0,4.1645214543533235
2235,0.4,<1m,0.7,p25,p25,p25,0.06654852823196294,5.718574217042365,0.7535192452547506,0.32014954966434134,0.5134166923649781,"Measuring from the closest point of each object, what is the distance between the nightstand and the lamp (in meters)?",0.021645631672841822,0.0,0.3783543683271582,0.1596921465245198,0.0,0.24030785347548023,0.2206734322995361,0.2,0.17932656770046393,0.3334514717680371,0.7,0.06654852823196294,0.5134166923649781,0.5,0.11341669236497809,0.6536010214323784,0.0,0.2536010214323784,0.9132113917792704,0.0,0.5132113917792703
2236,1.5,1-3m,0.1,p90,p90,p90,0.7341589397486034,2.541958682924265,0.4645611592852746,0.38945517543477287,0.6900606903662879,"Measuring from the closest point of each object, what is the distance between the fan and the lamp (in meters)?",0.2414277402206295,0.0,1.2585722597793705,0.30127990096612206,0.0,1.198720099033878,0.31534879089697976,0.0,1.1846512091030204,0.3494713364958694,0.0,1.1505286635041305,0.6900606903662879,0.0,0.8099393096337121,0.7389265119306423,0.0,0.7610734880693577,0.7658410602513966,0.1,0.7341589397486034
2237,3.2,>=3m,0.0,min|p05|p10|p25|median|p75|p90,p90,p90,1.6797220531905173,5.721564462044309,1.254567762664098,0.7519192588354422,0.930225970156406,"Measuring from the closest point of each object, what is the distance between the radiator and the nightstand (in meters)?",0.05983665957058889,0.0,3.140163340429411,0.2657101841453848,0.0,2.9342898158546156,0.38581824087362476,0.0,2.8141817591263756,0.5208530477166171,0.0,2.679146952283383,0.930225970156406,0.0,2.269774029843594,1.2727723065520593,0.0,1.9272276934479409,1.520277946809483,0.0,1.6797220531905173
2238,0.5,<1m,0.9,median|p75,median,median,0.03395170348938903,2.4711054052441703,0.4604760998044705,0.1473871020963849,0.46604829651061097,"Measuring from the closest point of each object, what is the distance between the radiator and the fan (in meters)?",0.09857720090637734,0.0,0.40142279909362266,0.31301366860795526,0.3,0.18698633139204474,0.3457992497425434,0.4,0.1542007502574566,0.4021749255050528,0.7,0.0978250744949472,0.46604829651061097,0.9,0.03395170348938903,0.5495620276014377,0.9,0.049562027601437686,0.7734897684124258,0.0,0.2734897684124258
2239,2.3,1-3m,0.1,p90,p90,p90,1.1350201754533757,2.9302405226184307,0.7674084253545841,0.6294389715557546,0.8127257648414226,"Measuring from the closest point of each object, what is the distance between the backpack and the refrigerator (in meters)?",0.34094475723513934,0.0,1.9590552427648604,0.39757139919204,0.0,1.9024286008079598,0.42237929682343744,0.0,1.8776207031765624,0.4826028011847855,0.0,1.8173971988152142,0.8127257648414226,0.0,1.4872742351585773,1.11204177274054,0.0,1.1879582272594598,1.164979824546624,0.1,1.1350201754533757
2240,1.0,1-3m,0.6,median,median,median,0.2270801654741743,7.8443187150185905,1.4900901626041116,1.0660272020289658,0.7729198345258257,"Measuring from the closest point of each object, what is the distance between the door and the refrigerator (in meters)?",0.005054769200751993,0.0,0.994945230799248,0.2177119775755598,0.0,0.7822880224244402,0.30113568412964725,0.0,0.6988643158703527,0.4566430143282559,0.0,0.5433569856717442,0.7729198345258257,0.6,0.2270801654741743,1.5226702163572217,0.0,0.5226702163572217,1.7078021401796715,0.0,0.7078021401796715
2241,2.2,1-3m,0.9,p75|p90,p75,p75,0.12186954113062054,2.1865426481058337,1.3033326779127368,1.1318089177061341,1.831012588521137,"Measuring from the closest point of each object, what is the distance between the backpack and the pillow (in meters)?",1.0630270360921956,0.0,1.1369729639078046,1.098428851245544,0.0,1.1015711487544562,1.115721812025665,0.1,1.0842781879743353,1.1900606234244866,0.1,1.0099393765755136,1.831012588521137,0.7,0.36898741147886316,2.3218695411306207,0.9,0.12186954113062054,2.401761529158281,0.9,0.2017615291582806
2242,4.4,>=3m,0.0,min|p05|p10|p25|median|p75|p90,p90,p90,2.81689464187885,2.9244326019143867,1.0417677471655,0.9482468824598713,1.5320738600604793,"Measuring from the closest point of each object, what is the distance between the microwave and the plant (in meters)?",0.4905081265938256,0.0,3.909491873406175,0.5413376109556503,0.0,3.8586623890443503,0.5578198689823215,0.0,3.842180131017679,0.6161140317843472,0.0,3.783885968215653,1.5320738600604793,0.0,2.867926139939521,1.5643609142442185,0.0,2.8356390857557816,1.5831053581211503,0.0,2.81689464187885
2243,3.6,>=3m,0.4,p90,p90,p90,1.1948637809027471,6.921446067238912,2.0576457964699038,1.0923491945402117,1.1698895867105508,"Measuring from the closest point of each object, what is the distance between the door and the pillow (in meters)?",0.0023651728152950828,0.0,3.597634827184705,0.34749042262734914,0.0,3.252509577372651,0.4485591020336626,0.0,3.1514408979663373,0.8844858314132469,0.0,2.715514168586753,1.1698895867105508,0.0,2.4301104132894493,1.9768350259534586,0.1,1.6231649740465415,2.405136219097253,0.4,1.1948637809027471
2244,2.1,1-3m,1.0,p90,p90,p90,0.09255783478015056,6.858968619945008,1.7147681093300962,0.794166111006206,1.3395510323857445,"Measuring from the closest point of each object, what is the distance between the counter and the sofa (in meters)?",0.07004586097060986,0.0,2.0299541390293903,0.2926740558897533,0.0,1.8073259441102467,0.38067955120855207,0.0,1.719320448791448,0.8628313530483745,0.0,1.2371686469516257,1.3395510323857445,0.3,0.7604489676142556,1.6569974640545806,0.6,0.4430025359454195,2.0074421652198495,1.0,0.09255783478015056
2245,1.3,1-3m,1.0,p75|p90,p90,p90,0.020209783756243382,1.5672314650358876,0.46319723378060074,0.38645680478876543,1.0622259288827567,"Measuring from the closest point of each object, what is the distance between the towel and the chair (in meters)?",0.7584057734066807,0.2,0.5415942265933194,0.8165929824631559,0.3,0.4834070175368441,0.8276508876258514,0.3,0.47234911237414867,0.8539880875496549,0.4,0.4460119124503451,1.0622259288827567,0.7,0.23777407111724336,1.2404448923384204,1.0,0.059555107661579676,1.2797902162437567,1.0,0.020209783756243382
2246,1.0,1-3m,0.8,p90,p90,p90,0.1174409273143806,6.215887248799865,0.9376691775082477,0.2758692236961964,0.35045592702266004,"Measuring from the closest point of each object, what is the distance between the table and the chair (in meters)?",0.009157033447645383,0.0,0.9908429665523546,0.17977174980613284,0.0,0.8202282501938671,0.1998077742660699,0.0,0.8001922257339301,0.25465859861284457,0.0,0.7453414013871554,0.35045592702266004,0.0,0.64954407297734,0.5305278223090409,0.1,0.46947217769095906,1.1174409273143806,0.8,0.1174409273143806
2247,1.1,1-3m,0.9,median,median,median,0.06688614747102095,3.1149902221637142,1.0301042980319577,0.7908263675788836,1.0331138525289791,"Measuring from the closest point of each object, what is the distance between the table and the towel (in meters)?",0.41617556923154825,0.0,0.6838244307684518,0.4870492010966001,0.0,0.6129507989034,0.5147249898019912,0.0,0.5852750101980089,0.619721099985594,0.2,0.4802789000144061,1.0331138525289791,0.9,0.06688614747102095,1.4105474675644776,0.5,0.3105474675644775,1.5171534991285578,0.3,0.4171534991285577
2813,2.9,1-3m,0.0,min|p05|p10|p25|median|p75|p90,p90,p90,1.7058059977931048,1.3932064229902545,0.3370388940329153,0.1817401452269296,1.0058312940998473,"Measuring from the closest point of each object, what is the distance between the sofa and the stove (in meters)?",0.7506256419186069,0.0,2.149374358081393,0.8571551081739798,0.0,2.0428448918260202,0.882522998315263,0.0,2.0174770016847368,0.9239388154102599,0.0,1.97606118458974,1.0058312940998473,0.0,1.8941687059001526,1.1056789606371895,0.0,1.7943210393628104,1.194194002206895,0.0,1.7058059977931048
2814,2.9,1-3m,0.6,p90,p90,p90,0.6527606002328392,1.5892209578236545,0.8331884531671208,0.4936248326171824,2.0013611918112706,"Measuring from the closest point of each object, what is the distance between the tv and the stove (in meters)?",1.2324755764955095,0.0,1.6675244235044904,1.41405094660004,0.0,1.48594905339996,1.4851444419552284,0.1,1.4148555580447715,1.657670886699103,0.2,1.242329113300897,2.0013611918112706,0.4,0.8986388081887293,2.1512957193162854,0.5,0.7487042806837145,2.2472393997671607,0.6,0.6527606002328392
2815,2.1,1-3m,0.5,p90,p90,p90,0.6133643648369447,5.389955760301146,1.2108197098983933,0.766595529049205,0.9570248160800469,"Measuring from the closest point of each object, what is the distance between the tv and the sofa (in meters)?",0.12877700949488716,0.0,1.9712229905051128,0.27581592526466203,0.0,1.8241840747353382,0.348606806225113,0.0,1.751393193774887,0.5299471383064256,0.0,1.5700528616935745,0.9570248160800469,0.0,1.1429751839199533,1.2965426673556306,0.3,0.8034573326443695,1.4866356351630554,0.5,0.6133643648369447
2816,1.1,1-3m,0.9,p75|p90,p90,p90,0.08182493621312537,2.0961539453042386,0.6180185712938763,0.35382567250819486,0.8249124551286003,"Measuring from the closest point of each object, what is the distance between the tv and the bed (in meters)?",0.47805234553369597,0.0,0.6219476544663041,0.5638063649192492,0.1,0.5361936350807509,0.5899394100962232,0.1,0.5100605899037769,0.6577455277921539,0.2,0.4422544722078462,0.8249124551286003,0.5,0.27508754487139975,1.0115712003003487,0.9,0.08842879969965134,1.1818249362131255,0.9,0.08182493621312537
2817,0.4,<1m,0.7,p05,p05,p05,0.06731275667480024,5.475341910117712,1.4888891630147956,0.7685617277019645,1.1149984939816724,"Measuring from the closest point of each object, what is the distance between the toilet and the bathtub (in meters)?",0.007700981403235026,0.0,0.39229901859676497,0.3326872433251998,0.7,0.06731275667480024,0.49115619145092754,0.6,0.09115619145092752,0.706050462984964,0.0,0.30605046298496397,1.1149984939816724,0.0,0.7149984939816724,1.4746121906869285,0.0,1.0746121906869286,1.8215764063399953,0.0,1.4215764063399954
2818,1.0,1-3m,1.0,p25,p25,p25,0.04281371143609647,3.8146753519315606,1.0632762903667043,0.3850136492964542,1.18764309519164,"Measuring from the closest point of each object, what is the distance between the bathtub and the toilet (in meters)?",0.177161249517469,0.0,0.822838750482531,0.3777616092161517,0.0,0.6222383907838482,0.43865718223944716,0.0,0.5613428177605528,0.9571862885639035,1.0,0.04281371143609647,1.18764309519164,0.7,0.1876430951916399,1.3421999378603577,0.4,0.34219993786035774,1.441037899582856,0.2,0.4410378995828561
2819,0.4,<1m,1.0,p10,p10,p10,0.011489075296299667,3.2802774360630336,0.7582238041930858,0.44486529437549704,0.7620918971854418,"Measuring from the closest point of each object, what is the distance between the toilet and the bathtub (in meters)?",0.021838789805506124,0.0,0.3781612101944939,0.3325138389748668,0.7,0.06748616102513322,0.38851092470370036,1.0,0.011489075296299667,0.5028979995626474,0.5,0.10289799956264734,0.7620918971854418,0.0,0.36209189718544177,0.9477632939381444,0.0,0.5477632939381444,1.0907376431679525,0.0,0.6907376431679525
2820,0.9,<1m,0.5,p90,p90,p90,0.25351425413315876,6.191872666168226,0.5420769860744807,0.19695547631903393,0.4869966563407293,"Measuring from the closest point of each object, what is the distance between the toilet and the bathtub (in meters)?",0.0013241745452266902,0.0,0.8986758254547733,0.10440875979236053,0.0,0.7955912402076395,0.17459589621840904,0.0,0.725404103781591,0.3814135866798119,0.0,0.5185864133201881,0.4869966563407293,0.1,0.4130033436592707,0.5783690629988458,0.3,0.3216309370011542,0.6464857458668413,0.5,0.25351425413315876
2821,2.1,1-3m,1.0,p90,p90,p90,0.04488397760588603,1.6546192517466487,0.8130683306217059,0.39697084403396343,1.6865122985993413,"Measuring from the closest point of each object, what is the distance between the bed and the bathtub (in meters)?",0.6378639675120127,0.0,1.4621360324879875,1.2420476917724081,0.2,0.8579523082275919,1.285172873319836,0.3,0.8148271266801641,1.4362824496822768,0.4,0.6637175503177233,1.6865122985993413,0.7,0.4134877014006588,1.8332532937162402,0.8,0.26674670628375985,2.055116022394114,1.0,0.04488397760588603
2822,3.2,>=3m,0.2,p75|p90,p90,p90,1.2849018567795107,2.1488945696420956,1.0238966062649308,0.6668458802563422,1.2978392957090765,"Measuring from the closest point of each object, what is the distance between the bed and the table (in meters)?",0.28548323365574846,0.0,2.914516766344252,0.8912015369555587,0.0,2.3087984630444414,0.9546814430737631,0.0,2.245318556926237,1.135215068755293,0.0,2.064784931244707,1.2978392957090765,0.0,1.9021607042909237,1.8020609490116353,0.2,1.397939050988365,1.9150981432204894,0.2,1.2849018567795107
2823,2.5,1-3m,0.0,min|p05|p10|p25|median|p75|p90,p90,p90,1.4441315795363936,1.491942847491981,0.34815470191294884,0.16678136397919396,0.8667554335958139,"Measuring from the closest point of each object, what is the distance between the refrigerator and the stove (in meters)?",0.5869272554612954,0.0,1.9130727445387046,0.7077137185506576,0.0,1.7922862814493423,0.7360009620162172,0.0,1.7639990379837829,0.7938571615289727,0.0,1.7061428384710273,0.8667554335958139,0.0,1.6332445664041861,0.9606385255081666,0.0,1.5393614744918334,1.0558684204636064,0.0,1.4441315795363936
2824,1.1,1-3m,0.7,p75,p75,p75,0.16708994554279277,5.151035070665909,1.166714175592817,0.8888553211490591,0.5100186753809552,"Measuring from the closest point of each object, what is the distance between the table and the refrigerator (in meters)?",0.006583156113249524,0.0,1.0934168438867506,0.2810658439957851,0.0,0.8189341560042149,0.3172763185521319,0.0,0.7827236814478682,0.37823462439373384,0.0,0.7217653756062663,0.5100186753809552,0.0,0.5899813246190448,1.2670899455427929,0.7,0.16708994554279277,1.4477800195886021,0.4,0.34778001958860205
2825,0.5,<1m,1.0,p90,p90,p90,0.015338806492215085,2.2518251941530028,0.2864849825673728,0.1553038356932604,0.362672846590139,"Measuring from the closest point of each object, what is the distance between the toilet and the bathtub (in meters)?",0.004564351885592848,0.0,0.49543564811440716,0.22885382392484227,0.0,0.27114617607515773,0.250670369079489,0.1,0.24932963092051103,0.2952036913745111,0.2,0.20479630862548892,0.362672846590139,0.5,0.137327153409861,0.4505075270677715,0.9,0.049492472932228526,0.5153388064922151,1.0,0.015338806492215085
2826,4.4,>=3m,0.0,min|p05|p10|p25|median|p75|p90,p90,p90,3.176433381672614,1.1107006953741607,0.12194975302488964,0.0713886802425654,1.1673336064145468,"Measuring from the closest point of each object, what is the distance between the stove and the tv (in meters)?",1.0725045359730558,0.0,3.3274954640269447,1.1016168653024971,0.0,3.298383134697503,1.1103221107647177,0.0,3.289677889235283,1.1303693909219672,0.0,3.269630609078033,1.1673336064145468,0.0,3.2326663935854536,1.2017580711645326,0.0,3.1982419288354675,1.2235666183273868,0.0,3.176433381672614
2827,2.4,1-3m,0.0,min|p05|p10|p25|median|p75|p90,p90,p90,1.430207815977402,1.9914131173928848,0.48280524216081633,0.34185436404205116,0.780011560599324,"Measuring from the closest point of each object, what is the distance between the refrigerator and the toilet (in meters)?",0.39483618872762477,0.0,2.005163811272375,0.4869869418617815,0.0,1.9130130581382185,0.5153944668305878,0.0,1.8846055331694123,0.5788845606513325,0.0,1.8211154393486675,0.780011560599324,0.0,1.619988439400676,0.9207389246933837,0.0,1.4792610753066162,0.9697921840225978,0.0,1.430207815977402
2828,1.5,1-3m,0.5,p90,p90,p90,0.39307850867954763,2.1538778682562607,0.5930012233079511,0.2580028760121411,0.81240947883589,"Measuring from the closest point of each object, what is the distance between the refrigerator and the bathtub (in meters)?",0.35239405092340165,0.0,1.1476059490765984,0.5139202680125012,0.0,0.9860797319874988,0.5547675088849612,0.0,0.9452324911150388,0.6903063381705221,0.0,0.8096936618294779,0.81240947883589,0.1,0.68759052116411,0.9483092141826632,0.3,0.5516907858173368,1.1069214913204524,0.5,0.39307850867954763
2829,1.8,1-3m,0.2,p90,p90,p90,0.7947962490366935,4.059647538511659,0.7575951244932774,0.3658039835025403,0.7441051080554171,"Measuring from the closest point of each object, what is the distance between the dishwasher and the refrigerator (in meters)?",0.09976988400403881,0.0,1.7002301159959612,0.2476086264700291,0.0,1.552391373529971,0.3009829184263597,0.0,1.4990170815736403,0.5962999094455392,0.0,1.2037000905544608,0.7441051080554171,0.0,1.055894891944583,0.9621038929480795,0.1,0.8378961070519205,1.0052037509633065,0.2,0.7947962490366935
2830,2.4,1-3m,0.4,p90,p90,p90,0.7393904619487996,7.615537218544718,1.4425540692909107,0.712297628197246,1.19045306936923,"Measuring from the closest point of each object, what is the distance between the table and the refrigerator (in meters)?",0.003802239232899484,0.0,2.3961977607671003,0.21805546876028956,0.0,2.1819445312397105,0.3024061146210212,0.0,2.097593885378979,0.7467586166031814,0.0,1.6532413833968185,1.19045306936923,0.0,1.20954693063077,1.4590562448004274,0.3,0.9409437551995725,1.6606095380512003,0.4,0.7393904619487996
2831,1.2,1-3m,0.2,p90,p90,p90,0.5135741432635211,1.2862437299852796,0.1527588380103042,0.06803667186057594,0.5997577311643263,"Measuring from the closest point of each object, what is the distance between the sofa and the tv (in meters)?",0.5013528708970236,0.0,0.6986471291029763,0.5336670187261746,0.0,0.6663329812738253,0.5446681124503416,0.0,0.6553318875496583,0.568365452435798,0.0,0.631634547564202,0.5997577311643263,0.0,0.6002422688356737,0.6364021242963739,0.1,0.5635978757036261,0.6864258567364788,0.2,0.5135741432635211
2832,1.5,1-3m,0.3,p90,p90,p90,0.557061164953732,7.960165855505275,0.8244816505902269,0.5656854385507569,0.3607357923843729,"Measuring from the closest point of each object, what is the distance between the table and the tv (in meters)?",0.002934339631967092,0.0,1.497065660368033,0.11845718445604103,0.0,1.381542815543959,0.1557935221930008,0.0,1.344206477806999,0.23501682456471773,0.0,1.2649831754352823,0.3607357923843729,0.0,1.1392642076156272,0.8007022631154747,0.1,0.6992977368845253,0.942938835046268,0.3,0.557061164953732
2833,1.8,1-3m,0.2,p90,p90,p90,0.7931341260725504,1.6859466377312575,0.40965487602637274,0.24483508342845062,0.7480088554855548,"Measuring from the closest point of each object, what is the distance between the chair and the tv (in meters)?",0.4316720187003464,0.0,1.3683279812996536,0.5972109979010769,0.0,1.2027890020989231,0.6157995427465128,0.0,1.1842004572534872,0.6581684574134886,0.0,1.1418315425865115,0.7480088554855548,0.0,1.0519911445144452,0.9030035408419392,0.1,0.8969964591580608,1.0068658739274496,0.2,0.7931341260725504
2834,0.7,<1m,0.8,p25,p25,p25,0.08913037979357108,4.9359743116361265,1.8084674706458121,1.505205357556294,1.0449332047137232,"Measuring from the closest point of each object, what is the distance between the tv and the bed (in meters)?",0.17617256803756517,0.0,0.5238274319624348,0.4594713601913878,0.4,0.24052863980861217,0.5073370609832746,0.5,0.19266293901672538,0.6108696202064289,0.8,0.08913037979357108,1.0449332047137232,0.1,0.34493320471372324,2.116074977762723,0.0,1.416074977762723,2.2679388308372,0.0,1.5679388308372
2835,1.9,1-3m,0.0,min|p05|p10|p25|median|p75|p90,p90,p90,0.998580133494084,7.093735202924242,0.7743471973521076,0.40293087186387366,0.47759408656423563,"Measuring from the closest point of each object, what is the distance between the table and the bed (in meters)?",0.0021932102587436937,0.0,1.8978067897412563,0.12707266915380835,0.0,1.7729273308461915,0.16418056281025623,0.0,1.7358194371897437,0.24989399738682352,0.0,1.6501060026131764,0.47759408656423563,0.0,1.4224059134357643,0.6528248692506972,0.0,1.2471751307493029,0.9014198665059159,0.0,0.998580133494084
2836,2.7,1-3m,0.6,p90,p90,p90,0.6474507416732722,10.716015081289854,1.8610089102816345,1.1045517895144772,1.482691863606394,"Measuring from the closest point of each object, what is the distance between the table and the tv (in meters)?",0.005608736797289103,0.0,2.694391263202711,0.19154034804509334,0.0,2.5084596519549067,0.2833816896028737,0.0,2.4166183103971264,0.6530139343822011,0.0,2.046986065617799,1.482691863606394,0.1,1.2173081363936062,1.7575657238966784,0.4,0.9424342761033218,2.052549258326728,0.6,0.6474507416732722
2837,2.4,1-3m,0.0,min|p05|p10|p25|median|p75|p90,p90,p90,1.4496400620884575,4.106364594615283,0.7189240982499208,0.40689446618939396,0.5634833477931362,"Measuring from the closest point of each object, what is the distance between the tv and the sofa (in meters)?",0.12435165230144218,0.0,2.275648347698558,0.2314358396616216,0.0,2.1685641603383785,0.274055816540724,0.0,2.125944183459276,0.3807724823841526,0.0,2.0192275176158474,0.5634833477931362,0.0,1.8365166522068637,0.7876669485735466,0.0,1.6123330514264533,0.9503599379115424,0.0,1.4496400620884575
2838,1.6,1-3m,0.6,p90,p90,p90,0.3558567535271355,5.918316471972178,1.0339241322425174,0.6120627616036853,0.7345908116769011,"Measuring from the closest point of each object, what is the distance between the tv and the table (in meters)?",0.008730605961577225,0.0,1.5912693940384228,0.21021911423034717,0.0,1.389780885769653,0.3014524186824992,0.0,1.298547581317501,0.4886727323997016,0.0,1.1113272676002985,0.7345908116769011,0.0,0.865409188323099,1.1007354940033869,0.4,0.4992645059966132,1.2441432464728646,0.6,0.3558567535271355
2839,1.1,1-3m,0.9,p90,p90,p90,0.07861188580851675,5.702835634255632,0.8422863164724261,0.17337924694098295,0.845213584303854,"Measuring from the closest point of each object, what is the distance between the stove and the refrigerator (in meters)?",0.019660850365977055,0.0,1.080339149634023,0.17910179771905715,0.0,0.9208982022809429,0.6267508035781222,0.2,0.4732491964218779,0.758658966376397,0.4,0.34134103362360313,0.845213584303854,0.6,0.25478641569614613,0.9320382133173799,0.7,0.16796178668262018,1.0213881141914833,0.9,0.07861188580851675
2840,4.7,>=3m,0.0,min|p05|p10|p25|median|p75|p90,p90,p90,3.5999525699693136,5.743498609084319,0.9085182759553685,0.3919878189589773,0.9631478219390517,"Measuring from the closest point of each object, what is the distance between the tv and the stove (in meters)?",0.10302295595850772,0.0,4.596977044041492,0.1915291540753183,0.0,4.508470845924682,0.29167673825817536,0.0,4.408323261741825,0.6581782467768379,0.0,4.041821753223163,0.9631478219390517,0.0,3.7368521780609485,1.0501660657358152,0.0,3.6498339342641852,1.1000474300306868,0.0,3.5999525699693136
2841,3.2,>=3m,0.0,min|p05|p10|p25|median|p75|p90,p90,p90,2.0773542772847646,4.326804422641562,0.8631827072758069,0.5033422313720461,0.7704361913613196,"Measuring from the closest point of each object, what is the distance between the stool and the tv (in meters)?",0.14369761739713507,0.0,3.056302382602865,0.2594630154394286,0.0,2.9405369845605716,0.29843089366074327,0.0,2.901569106339257,0.44759317553670863,0.0,2.7524068244632915,0.7704361913613196,0.0,2.4295638086386804,0.9509354069087548,0.0,2.249064593091245,1.1226457227152356,0.0,2.0773542772847646
2842,1.0,1-3m,1.0,p90,p90,p90,0.02711940652858491,2.5373267398441497,0.6223156457832606,0.27811116751979337,0.6866220996178631,"Measuring from the closest point of each object, what is the distance between the table and the bed (in meters)?",0.22652575821875362,0.0,0.7734742417812464,0.4048037607453243,0.0,0.5951962392546757,0.4522590199771465,0.0,0.5477409800228534,0.5698664658059833,0.2,0.4301335341940167,0.6866220996178631,0.4,0.31337790038213686,0.8479776333257767,0.7,0.1520223666742233,1.027119406528585,1.0,0.02711940652858491
2843,2.3,1-3m,0.6,p90,p90,p90,0.4746126303004792,3.851798820710698,1.3514822010586731,0.6792334322220457,1.1539969599792825,"Measuring from the closest point of each object, what is the distance between the tv and the bed (in meters)?",0.006944399889528409,0.0,2.2930556001104714,0.4739051686408474,0.0,1.8260948313591525,0.5914515810875982,0.0,1.7085484189124016,0.8501077895569451,0.0,1.4498922104430547,1.1539969599792825,0.1,1.1460030400207173,1.5293412217789908,0.4,0.770658778221009,1.8253873696995206,0.6,0.4746126303004792
2844,2.3,1-3m,0.5,p75|p90,p90,p90,0.5777906182396204,6.899934831000812,1.472611461788347,1.2716319419887228,1.024531468847823,"Measuring from the closest point of each object, what is the distance between the tv and the table (in meters)?",0.028643536754044928,0.0,2.271356463245955,0.24959791997203237,0.0,2.0504020800279674,0.2782369404304959,0.0,2.021763059569504,0.3675441503491018,0.0,1.9324558496508981,1.024531468847823,0.0,1.2754685311521767,1.6391760923378247,0.5,0.6608239076621751,1.7222093817603794,0.5,0.5777906182396204
2845,2.3,1-3m,0.8,p90,p90,p90,0.2850170231663913,5.610235254902464,1.6558210370427895,1.1260708378822644,1.3383676080850848,"Measuring from the closest point of each object, what is the distance between the tv and the toilet (in meters)?",0.14542912379547307,0.0,2.154570876204527,0.35916193979081895,0.0,1.9408380602091808,0.37993318421668787,0.0,1.9200668157833118,0.4246017927315534,0.0,1.8753982072684465,1.3383676080850848,0.2,0.961632391914915,1.5506726306138179,0.4,0.7493273693861819,2.0149829768336085,0.8,0.2850170231663913
2846,2.6,1-3m,0.6,p90,p90,p90,0.6351118160053593,5.155784763317773,1.5837845743221872,1.0152165952006178,1.2883815693294742,"Measuring from the closest point of each object, what is the distance between the tv and the chair (in meters)?",0.22706280078928776,0.0,2.3729371992107122,0.3811036096724537,0.0,2.2188963903275463,0.4131914932160982,0.0,2.186808506783902,0.4619765819524515,0.0,2.1380234180475486,1.2883815693294742,0.0,1.3116184306705259,1.4771931771530693,0.2,1.1228068228469308,1.9648881839946408,0.6,0.6351118160053593
2847,1.0,1-3m,0.2,median,median,median,0.40685910806764736,24.366978536681383,1.703089916414032,1.1230240178319741,1.4068591080676474,"Measuring from the closest point of each object, what is the distance between the bathtub and the toilet (in meters)?",0.0,0.0,1.0,0.07288447300709114,0.0,0.9271155269929089,0.10966763306361454,0.0,0.8903323669363854,0.5359809934034107,0.1,0.46401900659658935,1.4068591080676474,0.2,0.40685910806764736,1.6590050112353847,0.0,0.6590050112353847,1.7759743894211233,0.0,0.7759743894211233
2848,3.6,>=3m,0.2,p90,p90,p90,1.5610605110182991,3.7515714279150285,1.4954500397844452,0.9435930832442562,1.6312041352266697,"Measuring from the closest point of each object, what is the distance between the tv and the refrigerator (in meters)?",0.21461117216086423,0.0,3.3853888278391358,0.5434894491972557,0.0,3.056510550802744,0.7890995857817474,0.0,2.8109004142182528,0.957493408566176,0.0,2.642506591433824,1.6312041352266697,0.0,1.9687958647733304,1.9010864918104322,0.1,1.6989135081895679,2.038939488981701,0.2,1.5610605110182991
2849,1.3,1-3m,1.0,p75,p75,p75,0.024681530089356807,5.637108744271986,1.1562767076136091,0.5122362281333332,1.0660089095095264,"Measuring from the closest point of each object, what is the distance between the washer and the refrigerator (in meters)?",0.0017643818345462268,0.0,1.2982356181654537,0.24935294196883054,0.0,1.0506470580311695,0.4872002241809565,0.0,0.8127997758190435,0.76308224177731,0.2,0.5369177582226901,1.0660089095095264,0.7,0.23399109049047362,1.2753184699106432,1.0,0.024681530089356807,1.4056296495824396,0.9,0.10562964958243959
2850,2.3,1-3m,1.0,p75,p75,p75,0.03839007059915556,2.5032516043077293,1.5251242622652088,0.6949867723347805,1.819769159825435,"Measuring from the closest point of each object, what is the distance between the sofa and the washer (in meters)?",0.8392526794659352,0.0,1.4607473205340646,1.0145502309093175,0.0,1.2854497690906823,1.0674714290218255,0.0,1.2325285709781744,1.5666231570660638,0.4,0.733376842933936,1.819769159825435,0.6,0.48023084017456474,2.2616099294008443,1.0,0.03839007059915556,2.5396744931745263,0.8,0.2396744931745265
2851,2.1,1-3m,0.2,p90,p90,p90,0.9127649490840222,6.917290394588216,1.0156020872565632,0.6975033062408702,0.9107033640356239,"Measuring from the closest point of each object, what is the distance between the tv and the refrigerator (in meters)?",0.0040925491855144415,0.0,2.0959074508144857,0.17163296365941474,0.0,1.9283670363405854,0.22105873745436275,0.0,1.8789412625456374,0.3481294415921084,0.0,1.7518705584078917,0.9107033640356239,0.0,1.1892966359643762,1.0456327478329785,0.0,1.0543672521670215,1.187235050915978,0.2,0.9127649490840222
2852,2.7,1-3m,0.0,min|p05|p10|p25|median|p75|p90,p90,p90,1.4832777829607728,3.9910434632203877,0.9118590331997185,0.6220435288575803,1.0665458199562026,"Measuring from the closest point of each object, what is the distance between the tv and the stool (in meters)?",0.10282520543574394,0.0,2.597174794564256,0.3048631838395089,0.0,2.395136816160491,0.37320442187998293,0.0,2.3267955781200174,0.5163059317100631,0.0,2.1836940682899373,1.0665458199562026,0.0,1.6334541800437976,1.1383494605676434,0.0,1.5616505394323568,1.2167222170392273,0.0,1.4832777829607728
2853,0.7,<1m,0.6,median,median,median,0.1439675172047824,9.587815054840627,1.1232987520898683,0.6457705608073272,0.8439675172047824,"Measuring from the closest point of each object, what is the distance between the bathtub and the toilet (in meters)?",0.0007769244520921061,0.0,0.6992230755479079,0.1308014605480712,0.0,0.5691985394519288,0.20266151792529216,0.0,0.49733848207470777,0.430304027828271,0.3,0.26969597217172897,0.8439675172047824,0.6,0.1439675172047824,1.0760745886355982,0.0,0.3760745886355983,1.2541002126379395,0.0,0.5541002126379395
2854,2.1,1-3m,0.0,min|p05|p10|p25|median|p75|p90,p90,p90,1.152490852043416,4.378763077836984,0.7311217501655546,0.4459105072042925,0.5112139848132986,"Measuring from the closest point of each object, what is the distance between the stove and the refrigerator (in meters)?",0.008933542027845173,0.0,2.091066457972155,0.21638739779102947,0.0,1.8836126022089705,0.2741135078439908,0.0,1.8258864921560094,0.37939064523262456,0.0,1.7206093547673755,0.5112139848132986,0.0,1.5887860151867015,0.825301152436917,0.0,1.2746988475630832,0.947509147956584,0.0,1.152490852043416
2855,2.6,1-3m,0.3,p90,p90,p90,0.9143360758395127,9.598444768004821,1.5100454812873845,0.5470139450534887,0.6929030271586754,"Measuring from the closest point of each object, what is the distance between the table and the bed (in meters)?",0.03655185874190975,0.0,2.5634481412580903,0.17561844287310283,0.0,2.4243815571268974,0.2176309973031043,0.0,2.3823690026968958,0.5035499326056584,0.0,2.0964500673943416,0.6929030271586754,0.0,1.9070969728413247,1.050563877659147,0.0,1.549436122340853,1.6856639241604874,0.3,0.9143360758395127
2856,0.9,<1m,0.9,p90,p90,p90,0.050862285476881985,5.249165362185372,0.6873714800965465,0.5113791784794275,0.5276599637030914,"Measuring from the closest point of each object, what is the distance between the dishwasher and the stove (in meters)?",0.10360402205207714,0.0,0.7963959779479228,0.1617662344265715,0.0,0.7382337655734286,0.18418416848536615,0.0,0.7158158315146339,0.27285169164959683,0.0,0.6271483083504032,0.5276599637030914,0.2,0.3723400362969086,0.7842308701290244,0.8,0.11576912987097565,0.849137714523118,0.9,0.050862285476881985
2857,1.5,1-3m,1.0,p75,p75,p75,0.013948583215659394,2.386504971773451,0.917952435036385,0.3608800438099935,1.3569765511037897,"Measuring from the closest point of each object, what is the distance between the refrigerator and the stove (in meters)?",0.37679638795478626,0.0,1.1232036120452138,0.6620621301215028,0.0,0.8379378698784972,0.8101089919455741,0.1,0.6898910080544259,1.125171372974347,0.6,0.3748286270256529,1.3569765511037897,0.9,0.14302344889621033,1.4860514167843406,1.0,0.013948583215659394,1.5800145651578879,0.9,0.08001456515788785
2858,1.6,1-3m,1.0,p75,p75,p75,0.0339212980234016,5.511541839156415,1.4843285620443472,1.0120579775201217,1.3992919106042159,"Measuring from the closest point of each object, what is the distance between the refrigerator and the washer (in meters)?",0.008727360589875305,0.0,1.5912726394101249,0.3290069370878078,0.0,1.2709930629121922,0.42751651277104186,0.0,1.1724834872289582,0.62186332050328,0.0,0.9781366794967201,1.3992919106042159,0.8,0.20070808939578422,1.6339212980234017,1.0,0.0339212980234016,1.813335499132155,0.8,0.213335499132155
2859,1.0,1-3m,0.5,p90,p90,p90,0.2600945911004371,3.6612824229264143,0.5378162708788564,0.29455948390875414,0.4258105261861141,"Measuring from the closest point of each object, what is the distance between the table and the bed (in meters)?",0.0020417599388914327,0.0,0.9979582400611086,0.20208913802070652,0.0,0.7979108619792935,0.2239084609480035,0.0,0.7760915390519965,0.2927730135552456,0.0,0.7072269864447545,0.4258105261861141,0.0,0.574189473813886,0.5873324974639997,0.2,0.41266750253600026,0.7399054088995629,0.5,0.2600945911004371
2860,3.4,>=3m,0.0,min|p05|p10|p25|median|p75|p90,p90,p90,1.9958072176180603,2.1709591788468656,0.7573852347947042,0.6209061167039446,0.7668176910560127,"Measuring from the closest point of each object, what is the distance between the tv and the table (in meters)?",0.5748013686671484,0.0,2.8251986313328517,0.6468075475872354,0.0,2.7531924524127644,0.6654829077296557,0.0,2.734517092270344,0.706262576771255,0.0,2.693737423228745,0.7668176910560127,0.0,2.6331823089439874,1.3271686934751996,0.0,2.0728313065248,1.4041927823819396,0.0,1.9958072176180603
2861,3.3,>=3m,0.0,min|p05|p10|p25|median|p75|p90,p90,p90,1.694399569967508,1.0942115377079307,0.13824208596331955,0.062250078198486936,1.537744153569112,"Measuring from the closest point of each object, what is the distance between the tv and the stool (in meters)?",1.3912464626816314,0.0,1.9087535373183684,1.4673583440691722,0.0,1.8326416559308276,1.4819299967048345,0.0,1.8180700032951653,1.507613169372895,0.0,1.792386830627105,1.537744153569112,0.0,1.7622558464308877,1.5698632475713818,0.0,1.730136752428618,1.6056004300324918,0.0,1.694399569967508
2862,0.7,<1m,0.9,p75,p75,p75,0.037423991264185164,2.0267162890705803,0.43121022318761787,0.2393045434579265,0.5800610312482253,"Measuring from the closest point of each object, what is the distance between the toilet and the bathtub (in meters)?",0.27341343641529003,0.0,0.4265865635847099,0.4199896580758104,0.2,0.28001034192418955,0.4512022511855572,0.3,0.24879774881444278,0.4981194478062586,0.5,0.20188055219374135,0.5800610312482253,0.7,0.11993896875177468,0.7374239912641851,0.9,0.037423991264185164,0.8511998812634283,0.6,0.15119988126342832
2863,3.2,>=3m,0.0,min|p05|p10|p25|median|p75|p90,p90,p90,2.3755053742712895,1.2804898477708615,0.18060461194685162,0.10683226425131265,0.7127295196288957,"Measuring from the closest point of each object, what is the distance between the tv and the sofa (in meters)?",0.6008423311318261,0.0,2.599157668868174,0.6438900137818592,0.0,2.556109986218141,0.6544417763230348,0.0,2.5455582236769656,0.6764838373529292,0.0,2.523516162647071,0.7127295196288957,0.0,2.4872704803711043,0.7833161016042418,0.0,2.4166838983957586,0.8244946257287108,0.0,2.3755053742712895
2864,4.8,>=3m,0.0,min|p05|p10|p25|median|p75|p90,p90,p90,3.4786907877755695,1.9921513775667914,0.658051777521715,0.23375281845309792,1.240735576885971,"Measuring from the closest point of each object, what is the distance between the stove and the tv (in meters)?",0.5712106792732625,0.0,4.2287893207267375,0.6632574347027151,0.0,4.1367425652972845,0.6877726226774888,0.0,4.112227377322511,1.051290905201246,0.0,3.7487090947987536,1.240735576885971,0.0,3.559264423114029,1.285043723654344,0.0,3.514956276345656,1.32130921222443,0.0,3.4786907877755695
2865,2.1,1-3m,0.0,min|p05|p10|p25|median|p75|p90,p90,p90,1.0689997189916423,3.6430546502777896,0.7479959398767357,0.3983988319137408,0.6423557218752174,"Measuring from the closest point of each object, what is the distance between the chair and the bed (in meters)?",0.029907825888972988,0.0,2.070092174111027,0.2830043411316221,0.0,1.816995658868378,0.4033836564530161,0.0,1.6966163435469839,0.4836370543278945,0.0,1.6163629456721056,0.6423557218752174,0.0,1.4576442781247827,0.8820358862416353,0.0,1.2179641137583648,1.0310002810083578,0.0,1.0689997189916423
2866,0.4,<1m,0.8,min,min,min,0.054609961254329764,2.205606490182522,0.7272965091751945,0.3075650409486963,0.9816028653453288,"Measuring from the closest point of each object, what is the distance between the toilet and the bathtub (in meters)?",0.34539003874567026,0.8,0.054609961254329764,0.6032619391963342,0.0,0.20326193919633417,0.6952136497512347,0.0,0.29521364975123465,0.836434916958906,0.0,0.436434916958906,0.9816028653453288,0.0,0.5816028653453288,1.1439999579076023,0.0,0.7439999579076023,1.3305584483715287,0.0,0.9305584483715287
2867,1.3,1-3m,0.8,p75,p75,p75,0.16660424674551444,2.60188072291396,0.9434259643843632,0.45292396733553475,0.8743093421446186,"Measuring from the closest point of each object, what is the distance between the tv and the bed (in meters)?",0.48357278510959356,0.0,0.8164272148904065,0.5889489466283042,0.0,0.7110510533716958,0.6166371586915929,0.0,0.6833628413084072,0.6804717859189509,0.1,0.6195282140810492,0.8743093421446186,0.4,0.4256906578553814,1.1333957532544856,0.8,0.16660424674551444,1.5323749110126674,0.7,0.23237491101266738
2868,2.4,1-3m,0.2,p90,p90,p90,0.9678496894944055,1.588931975439209,0.53082140993405,0.20486165122720923,1.004459357763676,"Measuring from the closest point of each object, what is the distance between the tv and the sofa (in meters)?",0.5124494617537099,0.0,1.88755053824629,0.9013289005715444,0.0,1.4986710994284556,0.9225170778713253,0.0,1.4774829221286745,0.9506256879625401,0.0,1.4493743120374598,1.004459357763676,0.0,1.395540642236324,1.1554873391897493,0.0,1.2445126608102506,1.4321503105055944,0.2,0.9678496894944055
2869,2.7,1-3m,0.2,p75|p90,p90,p90,1.1319229256318286,4.734907914049063,1.2369033529710793,1.0465274973883933,0.8199119389653283,"Measuring from the closest point of each object, what is the distance between the tv and the stool (in meters)?",0.17535762251389797,0.0,2.524642377486102,0.3311737213970923,0.0,2.3688262786029077,0.37121105922463504,0.0,2.328788940775365,0.4384865658135756,0.0,2.2615134341864245,0.8199119389653283,0.0,1.8800880610346717,1.485014063201969,0.2,1.2149859367980311,1.5680770743681716,0.2,1.1319229256318286
2870,1.5,1-3m,0.9,p75,p75,p75,0.1346439357082756,5.314130547687245,1.3408265670613462,0.7006960209450646,1.018966371556453,"Measuring from the closest point of each object, what is the distance between the toilet and the bathtub (in meters)?",0.008879810098865458,0.0,1.4911201899011346,0.31079879299900826,0.0,1.1892012070009916,0.4161482249980399,0.0,1.08385177500196,0.6646600433466598,0.0,0.8353399566533402,1.018966371556453,0.4,0.481033628443547,1.3653560642917244,0.9,0.1346439357082756,1.6516253600603545,0.8,0.15162536006035454
2871,4.4,>=3m,0.0,min|p05|p10|p25|median|p75|p90,p90,p90,2.9527046858607684,7.999196184398226,1.2663652205678226,1.1643005596171452,0.7869454458615772,"Measuring from the closest point of each object, what is the distance between the stove and the tv (in meters)?",0.1409539389465152,0.0,4.2590460610534855,0.18093009357140938,0.0,4.219069906428591,0.19638808089413468,0.0,4.203611919105866,0.23009824359793193,0.0,4.169901756402068,0.7869454458615772,0.0,3.613054554138423,1.3943988032150771,0.0,3.005601196784923,1.447295314139232,0.0,2.9527046858607684
2872,3.6,>=3m,0.0,min|p05|p10|p25|median|p75|p90,p90,p90,1.8617223052431733,3.1652881249693503,1.1891088273022539,0.835531199058412,1.4302271089872567,"Measuring from the closest point of each object, what is the distance between the sofa and the tv (in meters)?",0.282780068062235,0.0,3.317219931937765,0.5491688674545729,0.0,3.050831132545427,0.6372702524369276,0.0,2.9627297475630723,0.8371635153508468,0.0,2.7628364846491533,1.4302271089872567,0.0,2.1697728910127436,1.6726947144092588,0.0,1.9273052855907413,1.7382776947568268,0.0,1.8617223052431733
2873,4.0,>=3m,0.0,min|p05|p10|p25|median|p75|p90,p90,p90,2.6150067512108155,9.677938265338062,1.2418849533219984,0.8297726728023795,0.7307268960637678,"Measuring from the closest point of each object, what is the distance between the stool and the tv (in meters)?",0.026871488495466268,0.0,3.973128511504534,0.14310829546718593,0.0,3.856891704532814,0.17557945199916197,0.0,3.824420548000838,0.28594608603914673,0.0,3.7140539139608535,0.7307268960637678,0.0,3.269273103936232,1.1157187588415263,0.0,2.8842812411584737,1.3849932487891843,0.0,2.6150067512108155
2874,4.1,>=3m,0.1,p90,p90,p90,2.0387934825771197,7.979502586238702,1.8028938600678215,0.8487174381489584,1.7658719882614755,"Measuring from the closest point of each object, what is the distance between the tv and the refrigerator (in meters)?",0.038458417523147825,0.0,4.061541582476852,0.2583126573550584,0.0,3.841687342644941,0.31416539663441223,0.0,3.785834603365587,0.9893059518500531,0.0,3.1106940481499468,1.7658719882614755,0.0,2.334128011738524,1.8380233899990115,0.0,2.261976610000988,2.06120651742288,0.1,2.0387934825771197
2875,1.4,1-3m,1.0,p75,p75,p75,0.015017959454928675,1.7749560672386808,0.7689288386575927,0.1575486179768999,1.3001545888443782,"Measuring from the closest point of each object, what is the distance between the refrigerator and the table (in meters)?",0.7996995190864755,0.2,0.6003004809135244,0.9922224899760262,0.5,0.40777751002397367,1.0765266762336012,0.6,0.3234733237663987,1.2274334225681713,0.8,0.17256657743182857,1.3001545888443782,0.9,0.09984541115562173,1.3849820405450712,1.0,0.015017959454928675,1.761151328633619,0.5,0.361151328633619
2876,2.1,1-3m,0.4,p90,p90,p90,0.698817515428598,2.107825843599607,0.7364299914628849,0.40166766582035307,1.168571027668599,"Measuring from the closest point of each object, what is the distance between the stove and the refrigerator (in meters)?",0.4102129386839587,0.0,1.6897870613160415,0.6647524931085171,0.0,1.435247506891483,0.752636944308492,0.0,1.347363055691508,0.888082100912456,0.0,1.211917899087544,1.168571027668599,0.2,0.9314289723314011,1.289749766732809,0.3,0.810250233267191,1.401182484571402,0.4,0.698817515428598
2877,1.5,1-3m,1.0,p90,p90,p90,0.05711985582111878,6.220956467644813,1.2109415103557226,0.2272213788408195,0.6988600053639371,"Measuring from the closest point of each object, what is the distance between the tv and the stove (in meters)?",0.004036943513161598,0.0,1.4959630564868385,0.2319386338231587,0.0,1.2680613661768412,0.3577154463297014,0.0,1.1422845536702986,0.6009933845962653,0.0,0.8990066154037347,0.6988600053639371,0.0,0.8011399946360629,0.8282147634370848,0.2,0.6717852365629152,1.4428801441788812,1.0,0.05711985582111878
2878,1.5,1-3m,0.8,p75,p75,p75,0.1601286289191146,3.847158732195064,1.466997340726926,0.7478254275946108,1.107765797841473,"Measuring from the closest point of each object, what is the distance between the tv and the table (in meters)?",0.20127957001928257,0.0,1.2987204299807174,0.5152495799192481,0.0,0.9847504200807519,0.6474049770362612,0.0,0.8525950229637388,0.9123032013245038,0.3,0.5876967986754962,1.107765797841473,0.5,0.392234202158527,1.6601286289191146,0.8,0.1601286289191146,1.982246920646174,0.4,0.4822469206461739
2879,0.9,<1m,0.6,p75,p75,p75,0.2060217250130657,3.2776462994018716,0.8890122527241917,0.208719777842938,0.567202499589929,"Measuring from the closest point of each object, what is the distance between the stool and the tv (in meters)?",0.2282640994760723,0.0,0.6717359005239277,0.3903205923402828,0.0,0.5096794076597172,0.41974415553060734,0.0,0.4802558444693927,0.4852584971439963,0.1,0.4147415028560037,0.567202499589929,0.3,0.33279750041007106,0.6939782749869343,0.6,0.2060217250130657,1.2793328450644745,0.2,0.3793328450644745
2880,2.2,1-3m,0.4,p90,p90,p90,0.6946007972071824,2.9431389125940237,0.9939047584256,0.27728400025017086,1.0263000017940775,"Measuring from the closest point of each object, what is the distance between the tv and the bed (in meters)?",0.14887144857023915,0.0,2.051128551429761,0.5114944443672178,0.0,1.6885055556327824,0.6212797320667651,0.0,1.578720267933235,0.8580689762102729,0.0,1.3419310237897273,1.0263000017940775,0.0,1.1736999982059226,1.1353529764604438,0.1,1.0646470235395564,1.5053992027928178,0.4,0.6946007972071824
2881,1.3,1-3m,0.2,p90,p90,p90,0.5611284881426045,1.4767317494125418,0.2385291090131919,0.1307624760627839,0.6145482566876896,"Measuring from the closest point of each object, what is the distance between the tv and the bed (in meters)?",0.4269773865131722,0.0,0.8730226134868279,0.5003424028442036,0.0,0.7996575971557964,0.5188357581090726,0.0,0.7811642418909275,0.5553368438436952,0.0,0.7446631561563049,0.6145482566876896,0.0,0.6854517433123104,0.6860993199064791,0.1,0.613900680093521,0.7388715118573955,0.2,0.5611284881426045
2882,1.3,1-3m,1.0,p90,p90,p90,0.053083799314136204,1.5130361781758845,0.4228009424577722,0.2203770020081407,0.9742065743790465,"Measuring from the closest point of each object, what is the distance between the tv and the bed (in meters)?",0.7608815792594968,0.2,0.5391184207405032,0.8241152582280916,0.3,0.4758847417719084,0.845789488731197,0.4,0.4542105112688031,0.8911299064880146,0.4,0.40887009351198544,0.9742065743790465,0.5,0.3257934256209536,1.1115069084961553,0.8,0.18849309150384475,1.2469162006858638,1.0,0.053083799314136204
2883,2.0,1-3m,0.0,min|p05|p10|p25|median|p75|p90,p90,p90,1.0857603200677395,5.208993094041819,0.7387278941750492,0.33179087870635676,0.43311311616445863,"Measuring from the closest point of each object, what is the distance between the stove and the table (in meters)?",0.00034837529571054,0.0,1.9996516247042895,0.1755117857572112,0.0,1.8244882142427887,0.24681087858750964,0.0,1.7531891214124904,0.3380306699523124,0.0,1.6619693300476877,0.43311311616445863,0.0,1.5668868838355414,0.6698215486586692,0.0,1.3301784513413308,0.9142396799322604,0.0,1.0857603200677395
2884,2.2,1-3m,0.1,p90,p90,p90,1.0010554173153012,2.0149848053816535,0.6039303773752899,0.39706520943690093,0.8038792062667294,"Measuring from the closest point of each object, what is the distance between the tv and the bed (in meters)?",0.5372418689043474,0.0,1.6627581310956527,0.5950142053094091,0.0,1.6049857946905912,0.6063869606463703,0.0,1.5936130393536299,0.675328952881292,0.0,1.5246710471187082,0.8038792062667294,0.0,1.396120793733271,1.072394162318193,0.0,1.1276058376818072,1.198944582684699,0.1,1.0010554173153012
2885,1.0,1-3m,0.9,median,median,median,0.08950005207882539,3.047047080257042,0.8968378994475714,0.4948057844688408,1.0895000520788254,"Measuring from the closest point of each object, what is the distance between the chair and the bed (in meters)?",0.01175400511495754,0.0,0.9882459948850425,0.4381129814244223,0.0,0.5618870185755778,0.5456197264709223,0.1,0.4543802735290777,0.745545866783215,0.5,0.254454133216785,1.0895000520788254,0.9,0.08950005207882539,1.2403516512520558,0.6,0.24035165125205582,1.3349508808719937,0.4,0.33495088087199365
2886,2.5,1-3m,0.0,min|p05|p10|p25|median|p75|p90,p90,p90,2.1217877767374094,7.118810167749953,0.32508365060082917,0.08668755253878943,0.1281198965551077,"Measuring from the closest point of each object, what is the distance between the table and the tv (in meters)?",0.0016362315845292665,0.0,2.4983637684154707,0.05312857266176162,0.0,2.4468714273382384,0.06731812029676332,0.0,2.4326818797032366,0.0939009263760405,0.0,2.4060990736239596,0.1281198965551077,0.0,2.371880103444892,0.18058847891482993,0.0,2.3194115210851702,0.3782122232625908,0.0,2.1217877767374094
2887,2.2,1-3m,0.5,p75|p90,p90,p90,0.554464365845245,1.3394258563034263,0.4169975807710937,0.2517550867888012,1.4193774495997946,"Measuring from the closest point of each object, what is the distance between the stove and the refrigerator (in meters)?",1.124641571864879,0.1,1.0753584281351212,1.2285380533836614,0.2,0.9714619466163388,1.254276812583214,0.2,0.9457231874167862,1.3109665581026357,0.2,0.8890334418973644,1.4193774495997946,0.3,0.7806225504002056,1.562721644891437,0.5,0.6372783551085632,1.6455356341547551,0.5,0.554464365845245
2888,1.9,1-3m,1.0,p90,p90,p90,0.09437858581619674,2.5717871659900893,1.1035332172825354,0.745954240373025,1.1796958366204089,"Measuring from the closest point of each object, what is the distance between the dishwasher and the chair (in meters)?",0.6662804973098212,0.0,1.2337195026901786,0.7020881969012678,0.0,1.1979118030987321,0.7253959362970707,0.0,1.1746040637029291,0.9230291281705398,0.0,0.9769708718294601,1.1796958366204089,0.3,0.720304163379591,1.6689833685435649,0.8,0.23101663145643503,1.8056214141838032,1.0,0.09437858581619674
2889,1.7,1-3m,0.1,p90,p90,p90,0.7826210484050857,1.8170512328609454,0.4125065875116506,0.21885141470565928,0.6521099656593479,"Measuring from the closest point of each object, what is the distance between the tv and the chair (in meters)?",0.37230428320385983,0.0,1.32769571679614,0.5048723640832636,0.0,1.1951276359167364,0.5510211769239693,0.0,1.1489788230760305,0.5982298555831917,0.0,1.1017701444168082,0.6521099656593479,0.0,1.047890034340652,0.817081270288851,0.0,0.8829187297111489,0.9173789515949142,0.1,0.7826210484050857
2890,2.6,1-3m,0.0,min|p05|p10|p25|median|p75|p90,p90,p90,1.4159243070563514,1.2355210616837748,0.2257142941262268,0.12743115386944814,1.0476241258291474,"Measuring from the closest point of each object, what is the distance between the tv and the stove (in meters)?",0.8947860864649058,0.0,1.7052139135350943,0.9583613988174219,0.0,1.6416386011825783,0.9733668142147806,0.0,1.6266331857852196,1.0036034545742476,0.0,1.5963965454257525,1.0476241258291474,0.0,1.5523758741708527,1.1310346084436957,0.0,1.4689653915563043,1.1840756929436487,0.0,1.4159243070563514
2891,1.8,1-3m,0.0,min|p05|p10|p25|median|p75|p90,p90,p90,0.912073352890302,3.3246470357637037,0.6208526878117202,0.2944208104430903,0.5993579925972808,"Measuring from the closest point of each object, what is the distance between the table and the stove (in meters)?",0.06600660866055263,0.0,1.7339933913394474,0.26707395929797784,0.0,1.5329260407020222,0.3554741981071206,0.0,1.4445258018928795,0.45934591269628167,0.0,1.3406540873037183,0.5993579925972808,0.0,1.200642007402719,0.753766723139372,0.0,1.0462332768606282,0.887926647109698,0.0,0.912073352890302
2892,1.3,1-3m,0.4,p90,p90,p90,0.40646564270201846,9.877805020364471,0.8030755604847386,0.5690786623721887,0.5798310514482741,"Measuring from the closest point of each object, what is the distance between the toilet and the bathtub (in meters)?",0.0005832516761795383,0.0,1.2994167483238206,0.09045879681324302,0.0,1.209541203186757,0.11838272498320221,0.0,1.181617275016798,0.22662725339469725,0.0,1.073372746605303,0.5798310514482741,0.0,0.720168948551726,0.795705915766886,0.3,0.5042940842331141,0.8935343572979816,0.4,0.40646564270201846
2893,1.9,1-3m,0.1,p90,p90,p90,0.9008002514678999,6.594100099158884,0.8476703914543157,0.20153279884928377,0.8268029632948098,"Measuring from the closest point of each object, what is the distance between the tv and the table (in meters)?",0.0013382973435384865,0.0,1.8986617026564614,0.1515293570777844,0.0,1.7484706429222154,0.22965221557212326,0.0,1.6703477844278767,0.7197758731594492,0.0,1.1802241268405507,0.8268029632948098,0.0,1.07319703670519,0.921308672008733,0.0,0.9786913279912669,0.9991997485321,0.1,0.9008002514678999
2894,1.9,1-3m,0.9,p75|p90,p90,p90,0.09707760608907767,3.1855793002476327,1.3701656952997798,0.6099549230613783,1.5242328660673552,"Measuring from the closest point of each object, what is the distance between the sofa and the tv (in meters)?",0.5128069518383706,0.0,1.3871930481616292,0.6269119107892978,0.0,1.2730880892107022,0.6770341369207159,0.0,1.222965863079284,1.1838682024773453,0.3,0.7161317975226547,1.5242328660673552,0.7,0.3757671339326447,1.7938231255387236,0.9,0.10617687446127633,1.9970776060890776,0.9,0.09707760608907767
2895,2.2,1-3m,0.9,p90,p90,p90,0.13838915074643365,6.299257859117805,1.7343324784738237,1.0579019902306408,1.1954727497308095,"Measuring from the closest point of each object, what is the distance between the stove and the tv (in meters)?",0.19074539436442667,0.0,2.0092546056355736,0.3272783707797429,0.0,1.8727216292202573,0.3851041495341816,0.0,1.8148958504658186,0.5228745758806534,0.0,1.6771254241193467,1.1954727497308095,0.1,1.0045272502691907,1.5807765661112942,0.5,0.6192234338887059,2.0616108492535665,0.9,0.13838915074643365
2896,1.2,1-3m,0.9,p90,p90,p90,0.10737434095991483,10.005042943405451,0.9834181658568341,0.23406297444441815,0.5973840975734125,"Measuring from the closest point of each object, what is the distance between the table and the tv (in meters)?",0.002184652245039193,0.0,1.1978153477549607,0.10920749318325108,0.0,1.0907925068167488,0.1844378793255886,0.0,1.0155621206744114,0.46343569909973314,0.0,0.7365643009002668,0.5973840975734125,0.0,0.6026159024265875,0.6974986735441513,0.2,0.5025013264558487,1.0926256590400851,0.9,0.10737434095991483
2897,0.9,<1m,0.7,p90,p90,p90,0.16808251076436487,6.6464993183490595,0.6217967393222149,0.32221426268806963,0.4509259576894332,"Measuring from the closest point of each object, what is the distance between the table and the sofa (in meters)?",0.0014029619040361102,0.0,0.8985970380959639,0.11012074991342029,0.0,0.7898792500865798,0.15350006274990902,0.0,0.746499937250091,0.29824845730923377,0.0,0.6017515426907663,0.4509259576894332,0.1,0.4490740423105668,0.6204627199973034,0.4,0.2795372800026966,0.7319174892356352,0.7,0.16808251076436487
2899,1.4,1-3m,0.0,min|p05|p10|p25|median|p75|p90,p90,p90,0.8726846697986848,2.319558325777336,0.29998096040287525,0.09137048435282469,0.33895583611747215,"Measuring from the closest point of each object, what is the distance between the stool and the tv (in meters)?",0.13466299535482182,0.0,1.2653370046451782,0.22733436979843993,0.0,1.17266563020156,0.2551643075902124,0.0,1.1448356924097876,0.29650875129772986,0.0,1.1034912487022701,0.33895583611747215,0.0,1.0610441638825279,0.38787923565055454,0.0,1.0121207643494454,0.5273153302013152,0.0,0.8726846697986848
2900,2.4,1-3m,0.0,min|p05|p10|p25|median|p75|p90,p90,p90,1.6503274844972962,6.159994516499665,0.6279723234822902,0.3643813807628723,0.6267403242096943,"Measuring from the closest point of each object, what is the distance between the tv and the table (in meters)?",0.0015926783728657207,0.0,2.398407321627134,0.12170019202041356,0.0,2.2782998079795864,0.2067180338800551,0.0,2.1932819661199447,0.33091478982785383,0.0,2.069085210172146,0.6267403242096943,0.0,1.7732596757903056,0.6952961705907261,0.0,1.7047038294092738,0.7496725155027038,0.0,1.6503274844972962
2901,2.5,1-3m,0.0,min|p05|p10|p25|median|p75|p90,p90,p90,1.3812581200014684,18.14051103953534,1.0570709668935838,0.7653002719421476,0.8077174328163819,"Measuring from the closest point of each object, what is the distance between the stool and the table (in meters)?",0.000615476172462463,0.0,2.4993845238275374,0.06167091310494788,0.0,2.438329086895052,0.12548857411779102,0.0,2.374511425882209,0.2655869647463904,0.0,2.23441303525361,0.8077174328163819,0.0,1.6922825671836181,1.030887236688538,0.0,1.469112763311462,1.1187418799985316,0.0,1.3812581200014684
2902,2.2,1-3m,0.9,p90,p90,p90,0.1664958309266673,5.878653091626187,1.6875908897253908,1.0488983042125122,1.1600436456536354,"Measuring from the closest point of each object, what is the distance between the refrigerator and the bed (in meters)?",0.03901617334867446,0.0,2.160983826651326,0.3459132793479421,0.0,1.8540867206520582,0.4323805718708965,0.0,1.7676194281291036,0.8267500104706473,0.0,1.3732499895293528,1.1600436456536354,0.1,1.0399563543463648,1.8756483146831595,0.8,0.32435168531684067,2.033504169073333,0.9,0.1664958309266673
2903,0.4,<1m,1.0,p05,p05,p05,0.00663313442164315,3.0147065633536974,0.8192464447963708,0.3122184833065681,0.6755852596790648,"Measuring from the closest point of each object, what is the distance between the toilet and the bathtub (in meters)?",0.26797828054607997,0.4,0.13202171945392005,0.40663313442164317,1.0,0.00663313442164315,0.4597382612877496,0.8,0.05973826128774956,0.5534675929050786,0.3,0.1534675929050786,0.6755852596790648,0.0,0.2755852596790648,0.8656860762116467,0.0,0.4656860762116467,1.225879579218014,0.0,0.8258795792180139
2904,1.9,1-3m,0.6,p90,p90,p90,0.4605007934359926,1.3431741248541713,0.36778469097929567,0.1946220418036,1.257130534138249,"Measuring from the closest point of each object, what is the distance between the tv and the sofa (in meters)?",0.8591121876245276,0.0,1.0408878123754723,1.0717145155847116,0.2,0.8282854844152883,1.1093508827940841,0.2,0.7906491172059158,1.1731031680248702,0.3,0.7268968319751297,1.257130534138249,0.4,0.6428694658617509,1.3677252098284702,0.5,0.5322747901715297,1.4394992065640073,0.6,0.4605007934359926
2905,1.8,1-3m,1.0,p90,p90,p90,0.06388541876060438,7.907744235227395,1.5165684591600601,0.9011658516136728,1.2050172642698604,"Measuring from the closest point of each object, what is the distance between the tv and the table (in meters)?",0.01229351693832827,0.0,1.7877064830616718,0.21954612207933555,0.0,1.5804538779206645,0.28698015991961234,0.0,1.5130198400803878,0.4607214848842328,0.0,1.3392785151157671,1.2050172642698604,0.4,0.5949827357301396,1.3618873364979056,0.6,0.43811266350209443,1.7361145812393957,1.0,0.06388541876060438
2906,1.4,1-3m,0.5,p90,p90,p90,0.36343943307925564,2.1459667122665116,0.5535332389590923,0.3307397260545589,0.7966166177658409,"Measuring from the closest point of each object, what is the distance between the tv and the stool (in meters)?",0.32732232074948403,0.0,1.072677679250516,0.483027327961652,0.0,0.916972672038348,0.5173006715851208,0.0,0.8826993284148791,0.6298067732009961,0.0,0.7701932267990038,0.7966166177658409,0.2,0.603383382234159,0.960546499255555,0.4,0.4394535007444449,1.0365605669207443,0.5,0.36343943307925564
2907,1.2,1-3m,0.3,p90,p90,p90,0.4716838884202631,3.8187516090135865,0.5375951152571018,0.2447608731554518,0.5198949411401708,"Measuring from the closest point of each object, what is the distance between the stove and the refrigerator (in meters)?",0.061245811597460474,0.0,1.1387541884025394,0.19072099632263503,0.0,1.009279003677365,0.3625254707677092,0.0,0.8374745292322907,0.41403942076236167,0.0,0.7859605792376383,0.5198949411401708,0.0,0.6801050588598292,0.6588002939178135,0.1,0.5411997060821865,0.7283161115797369,0.3,0.4716838884202631
2908,1.9,1-3m,0.7,p90,p90,p90,0.3715436055303032,9.088325304082426,1.3602783921062556,0.8814950729021688,0.7342163375072681,"Measuring from the closest point of each object, what is the distance between the refrigerator and the washer (in meters)?",0.0026614295460914436,0.0,1.8973385704539085,0.16817800236344121,0.0,1.7318219976365588,0.20638697536643755,0.0,1.6936130246335623,0.3277153190635903,0.0,1.5722846809364097,0.7342163375072681,0.0,1.1657836624927318,1.209210391965759,0.3,0.6907896080342408,1.5284563944696967,0.7,0.3715436055303032
2909,2.0,1-3m,0.1,p90,p90,p90,0.9704406591025321,6.415926047895303,0.8690900129763321,0.639399135306504,0.8360463860300006,"Measuring from the closest point of each object, what is the distance between the refrigerator and the stove (in meters)?",0.009060315934824233,0.0,1.9909396840651759,0.16046932792113577,0.0,1.8395306720788642,0.2068333677596382,0.0,1.7931666322403619,0.2920088945699328,0.0,1.7079911054300672,0.8360463860300006,0.0,1.1639536139699995,0.9314080298764368,0.0,1.0685919701235633,1.029559340897468,0.1,0.9704406591025321
2910,1.0,1-3m,0.9,median,median,median,0.059454461310739504,6.010126103463307,1.4339211033229138,0.8022371012512897,1.0594544613107395,"Measuring from the closest point of each object, what is the distance between the tv and the bed (in meters)?",0.003938150748268214,0.0,0.9960618492517318,0.28620459320009917,0.0,0.7137954067999008,0.38293586716771794,0.0,0.6170641328322821,0.6134345908766954,0.3,0.3865654091233046,1.0594544613107395,0.9,0.059454461310739504,1.415671692127985,0.2,0.41567169212798505,1.720125696523013,0.0,0.720125696523013
2911,0.9,<1m,0.4,p90,p90,p90,0.28698305151765435,3.665105073750544,0.4457592747875944,0.1870356312738884,0.45146550320968093,"Measuring from the closest point of each object, what is the distance between the table and the bed (in meters)?",0.002311481990206153,0.0,0.8976885180097939,0.16725767369475125,0.0,0.7327423263052488,0.2296875480160789,0.0,0.6703124519839211,0.34775680531231407,0.0,0.552243194687686,0.45146550320968093,0.1,0.4485344967903191,0.5347924365862025,0.2,0.36520756341379756,0.6130169484823457,0.4,0.28698305151765435
2912,2.3,1-3m,0.1,p75|p90,p90,p90,1.0399149280752684,1.2492071752242087,0.251377231531027,0.13048253528809828,1.1447267545826196,"Measuring from the closest point of each object, what is the distance between the table and the refrigerator (in meters)?",0.9322092948370111,0.0,1.3677907051629887,1.0087078403937044,0.0,1.2912921596062954,1.0312680929699904,0.0,1.2687319070300094,1.0809561481642092,0.0,1.2190438518357907,1.1447267545826196,0.0,1.1552732454173802,1.2114386834523074,0.1,1.0885613165476924,1.2600850719247314,0.1,1.0399149280752684
2913,3.0,>=3m,0.0,min|p05|p10|p25|median|p75|p90,p90,p90,1.8273241270887677,5.405194758178694,0.9557223818021773,0.5655029950868059,0.8968592406136249,"Measuring from the closest point of each object, what is the distance between the bed and the dishwasher (in meters)?",0.11701243073354312,0.0,2.882987569266457,0.21695349110905507,0.0,2.783046508890945,0.2714043954458156,0.0,2.7285956045541844,0.5056062518302108,0.0,2.4943937481697893,0.8968592406136249,0.0,2.103140759386375,1.0711092469170167,0.0,1.9288907530829833,1.1726758729112323,0.0,1.8273241270887677
2914,1.9,1-3m,0.9,p90,p90,p90,0.10014603869388439,2.560239641772469,1.0968518157491216,0.6736792126643727,1.1669476945889536,"Measuring from the closest point of each object, what is the distance between the tv and the bed (in meters)?",0.5279297670713764,0.0,1.3720702329286234,0.703002145556994,0.0,1.1969978544430058,0.7694726406026066,0.0,1.1305273593973935,0.8827483202910908,0.0,1.017251679708909,1.1669476945889536,0.3,0.7330523054110463,1.5564275329554635,0.7,0.34357246704453637,1.7998539613061155,0.9,0.10014603869388439
2915,1.2,1-3m,0.5,p90,p90,p90,0.3430435852414718,1.3390833926442196,0.21699894872921677,0.09160517548255365,0.748944509113455,"Measuring from the closest point of each object, what is the distance between the table and the bed (in meters)?",0.5639246711867397,0.0,0.6360753288132602,0.6399574660293114,0.1,0.5600425339706886,0.6619355705724566,0.2,0.5380644294275434,0.7047104887881388,0.2,0.49528951121186116,0.748944509113455,0.3,0.45105549088654495,0.7963156642706924,0.4,0.4036843357293075,0.8569564147585281,0.5,0.3430435852414718
2916,1.7,1-3m,0.7,p90,p90,p90,0.27402658259729273,5.7008701096334615,1.1758408253632808,0.6925959511418532,0.9088533351592926,"Measuring from the closest point of each object, what is the distance between the tv and the bed (in meters)?",0.04011150991883489,0.0,1.659888490081165,0.2501325920394265,0.0,1.4498674079605736,0.3278372445709656,0.0,1.3721627554290343,0.45299973104140634,0.0,1.2470002689585935,0.9088533351592926,0.1,0.7911466648407074,1.1455956821832596,0.4,0.5544043178167404,1.4259734174027072,0.7,0.27402658259729273
2917,1.8,1-3m,0.4,p90,p90,p90,0.6061873226174779,4.659742312835472,0.9376155322970288,0.6236009629160182,1.0664526575902276,"Measuring from the closest point of each object, what is the distance between the refrigerator and the stove (in meters)?",0.10660284383999276,0.0,1.6933971561600072,0.25619714508549346,0.0,1.5438028549145066,0.2932155019817263,0.0,1.5067844980182739,0.5157756760558403,0.0,1.2842243239441598,1.0664526575902276,0.2,0.7335473424097725,1.1393766389718585,0.3,0.6606233610281416,1.1938126773825222,0.4,0.6061873226174779
2918,1.8,1-3m,0.4,p90,p90,p90,0.5549086079511474,2.3749335801713682,0.7208277231848963,0.3539794077020303,0.906802462119287,"Measuring from the closest point of each object, what is the distance between the tv and the bed (in meters)?",0.26560057773234225,0.0,1.5343994222676578,0.5242636688639564,0.0,1.2757363311360437,0.6094095622038458,0.0,1.1905904377961543,0.7387620935622367,0.0,1.0612379064377633,0.906802462119287,0.1,0.8931975378807131,1.092741501264267,0.3,0.7072584987357331,1.2450913920488527,0.4,0.5549086079511474
2919,0.8,<1m,1.0,p25,p25,p25,0.0076554642879157475,2.230897032275225,0.8647864124761577,0.7090524582096113,1.0025985342884765,"Measuring from the closest point of each object, what is the distance between the tv and the bed (in meters)?",0.5881311652374656,0.5,0.21186883476253449,0.7025660065794961,0.8,0.09743399342050396,0.7310077387851427,0.9,0.06899226121485735,0.8076554642879158,1.0,0.0076554642879157475,1.0025985342884765,0.5,0.2025985342884764,1.516707922497527,0.0,0.716707922497527,1.5673524190556538,0.0,0.7673524190556538
2920,1.8,1-3m,0.6,p90,p90,p90,0.4130659280179916,1.5701875682985358,0.5036421010202856,0.286501159043406,1.060446305529264,"Measuring from the closest point of each object, what is the distance between the toilet and the stove (in meters)?",0.792229077913417,0.0,1.007770922086583,0.8832919709617228,0.0,0.9167080290382772,0.9130623011185374,0.1,0.8869376988814627,0.9705171413391719,0.1,0.8294828586608282,1.060446305529264,0.2,0.7395536944707359,1.257018300382578,0.4,0.5429816996174222,1.3869340719820085,0.6,0.4130659280179916
2921,2.2,1-3m,0.4,p90,p90,p90,0.7185431513834128,1.382059980693476,0.40953748960784364,0.1968832281826276,1.3405625978651519,"Measuring from the closest point of each object, what is the distance between the stove and the tv (in meters)?",0.9402052417491366,0.0,1.2597947582508637,1.0719193590087437,0.0,1.1280806409912565,1.1095688330896385,0.1,1.0904311669103617,1.2234830220097896,0.2,0.9765169779902105,1.3405625978651519,0.3,0.8594374021348483,1.4203662501924172,0.3,0.7796337498075829,1.4814568486165873,0.4,0.7185431513834128
2922,2.3,1-3m,0.2,p25|median|p75|p90,p90,p90,0.979261256269589,1.047427551834406,0.05980309102837644,0.030470612159839927,1.2874248759176252,"Measuring from the closest point of each object, what is the distance between the refrigerator and the tv (in meters)?",1.2460981700765013,0.1,1.0539018299234986,1.2609356527020343,0.1,1.0390643472979655,1.2642026242753583,0.1,1.0357973757246415,1.272334409405235,0.2,1.027665590594765,1.2874248759176252,0.2,1.0125751240823746,1.3028050215650748,0.2,0.997194978434925,1.3207387437304108,0.2,0.979261256269589
2923,0.8,<1m,1.0,p25,p25,p25,0.0358631423363901,6.744945083477989,2.551246998634435,1.5651215280606494,1.0375068709372042,"Measuring from the closest point of each object, what is the distance between the stove and the refrigerator (in meters)?",0.026283080496704653,0.0,0.7737169195032954,0.44408553285768054,0.2,0.3559144671423195,0.5662368279180044,0.5,0.2337631720819956,0.8358631423363901,1.0,0.0358631423363901,1.0375068709372042,0.5,0.23750687093720413,2.4009846703970394,0.0,1.6009846703970394,2.9953325314921155,0.0,2.1953325314921157
2924,1.0,1-3m,0.8,median,median,median,0.13730260604404565,5.303875555919725,1.5621656157681008,0.6446047394800977,1.1373026060440456,"Measuring from the closest point of each object, what is the distance between the table and the refrigerator (in meters)?",0.02256403950127922,0.0,0.9774359604987208,0.3629671897969807,0.0,0.6370328102030193,0.4878544239101438,0.0,0.5121455760898562,0.822293262277002,0.7,0.17770673772299805,1.1373026060440456,0.8,0.13730260604404565,1.4668980017570996,0.1,0.4668980017570996,1.9251328055650814,0.0,0.9251328055650814
2925,1.4,1-3m,0.9,p90,p90,p90,0.08390476497858113,2.6664808898537,0.822525136683445,0.5200671181011475,0.8483757580068616,"Measuring from the closest point of each object, what is the distance between the tv and the stool (in meters)?",0.29760665914826506,0.0,1.1023933408517348,0.4935700983379739,0.0,0.9064299016620261,0.5529255434843053,0.0,0.8470744565156946,0.6521352281035054,0.0,0.7478647718964945,0.8483757580068616,0.3,0.5516242419931383,1.172202346204653,0.7,0.227797653795347,1.3160952350214188,0.9,0.08390476497858113
2926,4.0,>=3m,0.1,p75|p90,p90,p90,1.8284091097014321,9.287177827467355,1.9377641099093774,1.670821082505619,1.9742224898350529,"Measuring from the closest point of each object, what is the distance between the tv and the stool (in meters)?",0.10126164738901738,0.0,3.8987383526109824,0.23382678038919044,0.0,3.7661732196108098,0.2790667335469303,0.0,3.72093326645307,0.4411405331211532,0.0,3.5588594668788467,1.9742224898350529,0.0,2.0257775101649473,2.111961615626772,0.1,1.8880383843732278,2.171590890298568,0.1,1.8284091097014321
2927,1.9,1-3m,0.6,p90,p90,p90,0.40744079891760254,11.056605724827765,1.3575666691762596,0.6164956157852625,0.7251714022720297,"Measuring from the closest point of each object, what is the distance between the tv and the sofa (in meters)?",0.04072624742704614,0.0,1.8592737525729537,0.13499253190613775,0.0,1.765007468093862,0.16912729338640656,0.0,1.7308727066135934,0.5493921261090237,0.0,1.3506078738909761,0.7251714022720297,0.0,1.1748285977279702,1.1658877418942861,0.3,0.7341122581057138,1.4925592010823974,0.6,0.40744079891760254
2928,4.5,>=3m,0.0,min|p05|p10|p25|median|p75|p90,p90,p90,2.2538099911177985,1.3682700053146735,0.6045622598578964,0.5238846561934922,1.903863298285657,"Measuring from the closest point of each object, what is the distance between the stove and the tv (in meters)?",1.6027030486260472,0.0,2.897296951373953,1.6416277490243052,0.0,2.8583722509756946,1.6522861168070893,0.0,2.8477138831929105,1.6723547223158368,0.0,2.827645277684163,1.903863298285657,0.0,2.596136701714343,2.196239378509329,0.0,2.303760621490671,2.2461900088822015,0.0,2.2538099911177985
2929,1.8,1-3m,0.9,p90,p90,p90,0.1606152092747899,13.42458246675189,1.8145685658033401,0.34366496675882774,1.121665023203204,"Measuring from the closest point of each object, what is the distance between the sofa and the tv (in meters)?",0.0,0.0,1.8,0.14604664347144986,0.0,1.6539533565285502,0.3733095160508605,0.0,1.4266904839491397,0.9833004403792708,0.1,0.8166995596207293,1.121665023203204,0.3,0.6783349767967961,1.3269654071380985,0.5,0.4730345928619015,1.96061520927479,0.9,0.1606152092747899
2930,3.5,>=3m,0.1,p90,p90,p90,1.6678153287876685,8.492988343015483,1.6164555783166494,1.0075802714751152,1.6213731101217421,"Measuring from the closest point of each object, what is the distance between the bathtub and the tv (in meters)?",0.1472159540544181,0.0,3.3527840459455818,0.215729092895682,0.0,3.284270907104318,0.24889356569180784,0.0,3.251106434308192,0.7111650138596217,0.0,2.7888349861403783,1.6213731101217421,0.0,1.8786268898782579,1.718745285334737,0.0,1.781254714665263,1.8321846712123315,0.1,1.6678153287876685
2931,1.5,1-3m,0.9,p90,p90,p90,0.09294429667360804,3.548869899455784,1.010575769378359,0.5372463687926438,1.1542937110881968,"Measuring from the closest point of each object, what is the distance between the bathtub and the sofa (in meters)?",0.25924162263636286,0.0,1.2407583773636373,0.39647993394803305,0.0,1.103520066051967,0.45881276509828944,0.0,1.0411872349017106,0.7661042938604795,0.1,0.7338957061395205,1.1542937110881968,0.6,0.3457062889118032,1.3033506626531233,0.8,0.19664933734687673,1.407055703326392,0.9,0.09294429667360804
2932,1.4,1-3m,1.0,p90,p90,p90,0.024468582548480722,2.9690391204464244,0.9446943105495662,0.4840459134220224,1.0615202611807586,"Measuring from the closest point of each object, what is the distance between the bathtub and the toilet (in meters)?",0.1409207283280336,0.0,1.2590792716719663,0.4797742719989145,0.0,0.9202257280010855,0.6387805101095312,0.0,0.7612194898904687,0.7934797489909754,0.2,0.6065202510090245,1.0615202611807586,0.6,0.3384797388192413,1.2775256624129978,0.9,0.1224743375870021,1.4244685825484806,1.0,0.024468582548480722
2933,2.3,1-3m,0.5,p90,p90,p90,0.6759031427978563,4.133270179212136,1.2311641944958984,0.9732572317120691,0.9385971235906904,"Measuring from the closest point of each object, what is the distance between the sofa and the washer (in meters)?",0.21345363890284688,0.0,2.086546361097153,0.39293266270624505,0.0,1.9070673372937548,0.4274966801468251,0.0,1.8725033198531746,0.4966325434055711,0.0,1.8033674565944287,0.9385971235906904,0.0,1.3614028764093096,1.4698897751176403,0.3,0.8301102248823595,1.6240968572021435,0.5,0.6759031427978563
2934,1.6,1-3m,1.0,median,median,median,0.023723766060324225,6.1921534190083625,2.0796262107533634,1.0065707883136312,1.5762762339396759,"Measuring from the closest point of each object, what is the distance between the sofa and the bathtub (in meters)?",0.18678701318602225,0.0,1.4132129868139778,0.40053250413208064,0.0,1.1994674958679195,0.6864700907687684,0.0,0.9135299092312317,0.9728139833962328,0.3,0.6271860166037673,1.5762762339396759,1.0,0.023723766060324225,1.979384771709864,0.6,0.37938477170986395,2.480158714885444,0.0,0.880158714885444
2935,1.4,1-3m,0.9,p75|p90,p75,p75,0.07365881856913781,3.7405356573529147,1.1056354613660964,0.5900401892305797,1.070140607045471,"Measuring from the closest point of each object, what is the distance between the bed and the stool (in meters)?",0.005620138559543748,0.0,1.3943798614404561,0.40343772152705004,0.0,0.9965622784729499,0.5472548867420334,0.0,0.8527451132579665,0.7363009922002824,0.1,0.6636990077997175,1.070140607045471,0.6,0.3298593929545288,1.326341181430862,0.9,0.07365881856913781,1.5090731828931463,0.9,0.10907318289314638
2936,0.7,<1m,0.4,p25|median,median,median,0.21606646956202935,9.300813043636976,1.267811072798061,0.7516584771207926,0.9160664695620293,"Measuring from the closest point of each object, what is the distance between the chair and the bed (in meters)?",0.001726984915042557,0.0,0.6982730150849574,0.15273336071216623,0.0,0.5472666392878337,0.24347156644074539,0.0,0.45652843355925454,0.47315979902909455,0.4,0.2268402009709054,0.9160664695620293,0.4,0.21606646956202935,1.2248182761498871,0.0,0.5248182761498872,1.420544433510227,0.0,0.7205444335102271
2937,1.0,1-3m,1.0,median|p75,median,median,0.02421452024247772,1.4390139138315707,0.3313963228821484,0.13302581141711567,0.9757854797575223,"Measuring from the closest point of each object, what is the distance between the toilet and the bathtub (in meters)?",0.578895051885917,0.2,0.42110494811408306,0.7548651932004364,0.6,0.24513480679956356,0.8146931064004441,0.7,0.18530689359955588,0.9063106909924885,0.9,0.09368930900751149,0.9757854797575223,1.0,0.02421452024247772,1.0393365024096042,1.0,0.03933650240960418,1.0862615160825848,0.9,0.08626151608258481
2938,1.4,1-3m,0.7,median,median,median,0.23476452284578642,4.7738333707084335,1.5522799607831073,1.2091076229098592,1.6347645228457863,"Measuring from the closest point of each object, what is the distance between the stool and the bathtub (in meters)?",0.13739555584472316,0.0,1.2626044441552768,0.41132710649906346,0.0,0.9886728935009365,0.4905242169275623,0.0,0.9094757830724376,0.6487742375378401,0.0,0.7512257624621598,1.6347645228457863,0.7,0.23476452284578642,1.8578818604476992,0.4,0.4578818604476993,1.9636070672821708,0.2,0.5636070672821709
2939,1.7,1-3m,0.3,p90,p90,p90,0.6572107548010195,4.260639981653495,0.798039806220499,0.6421872465059701,0.837187128183738,"Measuring from the closest point of each object, what is the distance between the refrigerator and the stove (in meters)?",0.11517033739976014,0.0,1.5848296626002398,0.24474943897848145,0.0,1.4552505610215185,0.27077812967964626,0.0,1.4292218703203536,0.32271050444604266,0.0,1.3772894955539572,0.837187128183738,0.0,0.862812871816262,0.9648977509520128,0.2,0.7351022490479872,1.0427892451989804,0.3,0.6572107548010195
2940,0.5,<1m,0.5,p25,p25,p25,0.13645438665944604,12.24577279104346,0.9802862483769291,0.4926454191838358,0.656294210182135,"Measuring from the closest point of each object, what is the distance between the bathtub and the toilet (in meters)?",0.0005468066926767428,0.0,0.49945319330732324,0.08716930944556024,0.0,0.41283069055443977,0.15339293373846907,0.0,0.3466070662615309,0.36354561334055396,0.5,0.13645438665944604,0.656294210182135,0.4,0.15629421018213496,0.8561910325243898,0.0,0.3561910325243898,1.0674555578224894,0.0,0.5674555578224894
2941,1.6,1-3m,0.3,p90,p90,p90,0.5998797596518011,5.47824912497283,0.8175582177871752,0.38882500915315615,0.7183255595082829,"Measuring from the closest point of each object, what is the distance between the tv and the sofa (in meters)?",0.004975994272133253,0.0,1.5950240057278668,0.18256202256102386,0.0,1.4174379774389763,0.27887721806073285,0.0,1.3211227819392672,0.4801566287847429,0.0,1.1198433712152571,0.7183255595082829,0.0,0.8816744404917172,0.8689816379378991,0.1,0.731018362062101,1.000120240348199,0.3,0.5998797596518011
2942,1.3,1-3m,1.0,p90,p90,p90,0.014059360514480979,2.8453205230950496,0.8339913321762977,0.42663100630448003,0.7788523064455865,"Measuring from the closest point of each object, what is the distance between the tv and the chair (in meters)?",0.24095869979551973,0.0,1.0590413002044803,0.4519493073092214,0.0,0.8480506926907787,0.5099442152309052,0.0,0.7900557847690949,0.5970364517795905,0.0,0.7029635482204095,0.7788523064455865,0.2,0.5211476935544136,1.0236674580840706,0.6,0.2763325419159295,1.285940639485519,1.0,0.014059360514480979
2943,3.4,>=3m,0.0,min|p05|p10|p25|median|p75|p90,p90,p90,2.0926224410373315,5.836970731229055,1.0833953566932761,0.9483807770113335,0.7837529473985654,"Measuring from the closest point of each object, what is the distance between the stove and the tv (in meters)?",0.1458308401223642,0.0,3.2541691598776357,0.22398220226939222,0.0,3.1760177977306077,0.2477905888718496,0.0,3.1522094111281502,0.31245150073242467,0.0,3.0875484992675752,0.7837529473985654,0.0,2.6162470526014348,1.2608322777437582,0.0,2.139167722256242,1.3073775589626684,0.0,2.0926224410373315
2944,2.9,1-3m,0.2,p90,p90,p90,1.2945066654192263,10.184876672449377,1.4478583050939937,0.7542778423031875,0.8434710898766553,"Measuring from the closest point of each object, what is the distance between the refrigerator and the tv (in meters)?",0.0008236688077276615,0.0,2.8991763311922725,0.15763502948677982,0.0,2.7423649705132203,0.4246676022583405,0.0,2.4753323977416595,0.6153556671284524,0.0,2.2846443328715473,0.8434710898766553,0.0,2.056528910123345,1.3696335094316399,0.0,1.53036649056836,1.6054933345807736,0.2,1.2945066654192263
2945,0.8,<1m,0.5,p90,p90,p90,0.2241208709603193,1.6790021711339091,0.2328902163745098,0.15269337485622247,0.5192386451516278,"Measuring from the closest point of each object, what is the distance between the refrigerator and the stove (in meters)?",0.2969356511389646,0.0,0.5030643488610355,0.34298891266517095,0.0,0.4570110873348291,0.3581006226427257,0.0,0.44189937735727436,0.4015261595600763,0.1,0.39847384043992373,0.5192386451516278,0.3,0.2807613548483723,0.5542195344162988,0.4,0.24578046558370126,0.5758791290396807,0.5,0.2241208709603193
2946,2.5,1-3m,0.0,min|p05|p10|p25|median|p75|p90,p90,p90,1.8162166061002014,2.2452618142111667,0.37923833391086625,0.1634251444204488,0.49130442115262374,"Measuring from the closest point of each object, what is the distance between the tv and the bed (in meters)?",0.23162407879578187,0.0,2.268375921204218,0.3045450599889322,0.0,2.195454940011068,0.34801094068209115,0.0,2.1519890593179087,0.4289842109703998,0.0,2.0710157890296004,0.49130442115262374,0.0,2.008695578847376,0.5924093553908486,0.0,1.9075906446091513,0.6837833938997985,0.0,1.8162166061002014
2947,3.2,>=3m,0.0,min|p05|p10|p25|median|p75|p90,p90,p90,1.7619809685541263,9.830157198169108,1.2917325578466816,0.5084086361086354,1.1623173385856942,"Measuring from the closest point of each object, what is the distance between the tv and the stool (in meters)?",0.0047653099651802115,0.0,3.19523469003482,0.14628647359919214,0.0,3.053713526400808,0.18857234458188335,0.0,3.011427655418117,0.8312487178702087,0.0,2.3687512821297916,1.1623173385856942,0.0,2.0376826614143058,1.3396573539788441,0.0,1.860342646021156,1.4380190314458738,0.0,1.7619809685541263
2948,1.6,1-3m,0.9,p75|p90,p90,p90,0.09895046753354997,1.1931096367418494,0.2429509585872509,0.11157016326286295,1.399576376426677,"Measuring from the closest point of each object, what is the distance between the stove and the refrigerator (in meters)?",1.1160571823392023,0.4,0.48394281766079783,1.2580985738791992,0.6,0.3419014261208009,1.2895205656313626,0.7,0.31047943436863745,1.3426035429524756,0.7,0.25739645704752445,1.399576376426677,0.8,0.200423623573323,1.4541737062153386,0.9,0.1458262937846615,1.5010495324664501,0.9,0.09895046753354997
2949,1.9,1-3m,0.7,p90,p90,p90,0.332466787232218,2.4992288867996675,0.9403264687007941,0.7088439640401311,1.3408862898770617,"Measuring from the closest point of each object, what is the distance between the table and the stove (in meters)?",0.5463233790137637,0.0,1.3536766209862363,0.6272067440669878,0.0,1.2727932559330122,0.6647772323348758,0.0,1.2352227676651242,0.7748442402115004,0.0,1.1251557597884996,1.3408862898770617,0.5,0.5591137101229382,1.4836882042516315,0.6,0.4163117957483684,1.567533212767782,0.7,0.332466787232218
2950,1.5,1-3m,1.0,p90,p90,p90,0.010393432381641254,4.822753768245426,1.1807360261807238,0.7461430261663758,0.9237777513167769,"Measuring from the closest point of each object, what is the distance between the toilet and the bathtub (in meters)?",0.09029800965949034,0.0,1.4097019903405097,0.3088705414376349,0.0,1.191129458562365,0.3650572182532297,0.0,1.1349427817467703,0.575426204488969,0.0,0.924573795511031,0.9237777513167769,0.3,0.5762222486832231,1.3215692306553448,0.8,0.17843076934465518,1.4896065676183587,1.0,0.010393432381641254
2951,3.2,>=3m,0.0,min|p05|p10|p25|median|p75|p90,p90,p90,1.6012297567799336,6.495113376790375,1.3526205379765663,0.8694365400137757,1.065347656742299,"Measuring from the closest point of each object, what is the distance between the stool and the tv (in meters)?",0.0437368213605925,0.0,3.1562631786394078,0.2461497052435003,0.0,2.9538502947564997,0.4357904878116411,0.0,2.764209512188359,0.6532011199694204,0.0,2.54679888003058,1.065347656742299,0.0,2.1346523432577014,1.5226376599831961,0.0,1.677362340016804,1.5987702432200666,0.0,1.6012297567799336
2952,5.3,>=3m,0.0,min|p05|p10|p25|median|p75|p90,p90,p90,3.210207888279505,1.1912470629752672,0.33550269798543386,0.18346081937380654,1.913186037770617,"Measuring from the closest point of each object, what is the distance between the stove and the tv (in meters)?",1.662893544964256,0.0,3.637106455035744,1.7542894137350609,0.0,3.545710586264939,1.7812280729412149,0.0,3.518771927058785,1.834289830865561,0.0,3.4657101691344385,1.913186037770617,0.0,3.386813962229383,2.0177506502393676,0.0,3.282249349760632,2.0897921117204947,0.0,3.210207888279505
2953,1.9,1-3m,0.3,p90,p90,p90,0.7478279273100519,24.260208241876676,1.1046798145360741,0.5766240651822517,0.5233683902649232,"Measuring from the closest point of each object, what is the distance between the stove and the stool (in meters)?",0.021411579346804765,0.0,1.878588420653195,0.04749225815387397,0.0,1.852507741846126,0.29509709924460564,0.0,1.6049029007553943,0.35720039694871997,0.0,1.54279960305128,0.5233683902649232,0.0,1.3766316097350768,0.9338244621309717,0.0,0.9661755378690282,1.152172072689948,0.3,0.7478279273100519
2954,2.9,1-3m,0.5,p90,p90,p90,0.8497874589894385,11.10186934387673,1.8655398091033568,1.4719611772012922,0.5387738379970839,"Measuring from the closest point of each object, what is the distance between the refrigerator and the tv (in meters)?",0.010590016974528547,0.0,2.8894099830254714,0.18467273190720465,0.0,2.7153272680927953,0.2350297952046508,0.0,2.664970204795349,0.33885705155271684,0.0,2.561142948447283,0.5387738379970839,0.0,2.3612261620029162,1.8108182287540089,0.3,1.089181771245991,2.0502125410105614,0.5,0.8497874589894385
2955,1.9,1-3m,0.6,p90,p90,p90,0.3888708849587432,6.802435050960603,1.2889837944728724,0.9289156285514799,0.9069265524763835,"Measuring from the closest point of each object, what is the distance between the refrigerator and the stove (in meters)?",0.09803776744196158,0.0,1.8019622325580382,0.2221453205683843,0.0,1.6778546794316156,0.2890095397952894,0.0,1.6109904602047105,0.45026485387910853,0.0,1.4497351461208914,0.9069265524763835,0.0,0.9930734475236164,1.3791804824305884,0.5,0.5208195175694115,1.5111291150412567,0.6,0.3888708849587432
3319,2.7,1-3m,0.6,p75|p90,p90,p90,0.5902684575650672,4.281034193868382,1.6169226913735122,1.166267238449188,1.6090027084433958,"Measuring from the closest point of each object, what is the distance between the door and the power strip (in meters)?",0.37676857868077357,0.0,2.3232314213192264,0.49280885106142075,0.0,2.2071911489385796,0.5469771389282804,0.0,2.1530228610717197,0.8979978009743941,0.0,1.802002199025606,1.6090027084433958,0.2,1.0909972915566044,2.064265039423582,0.6,0.6357349605764182,2.109731542434933,0.6,0.5902684575650672
3320,1.0,1-3m,1.0,p75,p75,p75,0.049252048788597236,7.5597199424874395,0.9569120893828149,0.653610703680739,0.5038881641244641,"Measuring from the closest point of each object, what is the distance between the computer mouse and the power strip (in meters)?",0.0007932471721558603,0.0,0.9992067528278441,0.14587697306784025,0.0,0.8541230269321598,0.1792299847907062,0.0,0.8207700152092938,0.29713724753066373,0.0,0.7028627524693363,0.5038881641244641,0.1,0.49611183587553587,0.9507479512114028,1.0,0.049252048788597236,1.102789062450655,0.8,0.10278906245065511
3321,1.0,1-3m,0.6,p90,p90,p90,0.20755071050160812,23.921272112670334,0.7593219003793719,0.47397540250498194,0.4749354307212254,"Measuring from the closest point of each object, what is the distance between the headphones and the telephone (in meters)?",0.00044121383649136086,0.0,0.9995587861635087,0.03312738911902,0.0,0.96687261088098,0.07893620483500641,0.0,0.9210637951649936,0.21371833086917336,0.0,0.7862816691308266,0.4749354307212254,0.0,0.5250645692787745,0.6876937333741553,0.4,0.3123062666258447,0.7924492894983919,0.6,0.20755071050160812
3322,2.9,1-3m,0.0,min|p05|p10|p25|median|p75|p90,p90,p90,1.6452567203541784,3.623508524533795,0.9084647291331638,0.7848771624162149,0.5392476231505205,"Measuring from the closest point of each object, what is the distance between the laptop and the suitcase (in meters)?",0.2673808629295593,0.0,2.6326191370704404,0.3462785505126577,0.0,2.5537214494873424,0.36972968609768114,0.0,2.5302703139023186,0.422145779967222,0.0,2.477854220032778,0.5392476231505205,0.0,2.3607523768494794,1.2070229423834369,0.0,1.692977057616563,1.2547432796458216,0.0,1.6452567203541784
3323,2.4,1-3m,0.1,p90,p90,p90,1.1857054086819827,1.45950958168344,0.3823064998678637,0.2626370396435178,1.0769360051597345,"Measuring from the closest point of each object, what is the distance between the ceiling light and the suitcase (in meters)?",0.7661011151197961,0.0,1.6338988848802039,0.8319880914501535,0.0,1.5680119085498463,0.8477989733593385,0.0,1.5522010266406614,0.906570686817348,0.0,1.493429313182652,1.0769360051597345,0.0,1.3230639948402654,1.1692077264608658,0.0,1.2307922735391341,1.2142945913180172,0.1,1.1857054086819827
3324,2.0,1-3m,0.9,p90,p90,p90,0.14931962067647486,3.0347312661092785,1.4410791103290657,0.3970626719181708,1.020828798134596,"Measuring from the closest point of each object, what is the distance between the ceiling light and the laptop (in meters)?",0.572531695426099,0.0,1.427468304573901,0.7082405103474093,0.0,1.2917594896525908,0.863120128829057,0.0,1.136879871170943,0.9495288640965226,0.0,1.0504711359034773,1.020828798134596,0.1,0.979171201865404,1.3465915360146934,0.4,0.6534084639853066,2.149319620676475,0.9,0.14931962067647486
3325,2.5,1-3m,0.1,median|p75|p90,p90,p90,1.1330068892086784,2.5390604263946055,0.828607692082554,0.7327099369034716,1.2871057978183589,"Measuring from the closest point of each object, what is the distance between the keyboard and the suitcase (in meters)?",0.48083631136851834,0.0,2.0191636886314814,0.5383854187087675,0.0,1.9616145812912325,0.5550879231868907,0.0,1.9449120768131092,0.5938062378064489,0.0,1.906193762193551,1.2871057978183589,0.1,1.2128942021816411,1.3265161747099206,0.1,1.1734838252900794,1.3669931107913216,0.1,1.1330068892086784
3326,1.9,1-3m,1.0,median|p75,p75,p75,0.03068971815349708,2.6220170569683834,1.2404491052155082,1.145573187321971,1.833256942615101,"Measuring from the closest point of each object, what is the distance between the keyboard and the ceiling light (in meters)?",0.7463802476708832,0.0,1.1536197523291167,0.7647571274829615,0.0,1.1352428725170385,0.7710879398222151,0.0,1.1289120601777847,0.7851165308315259,0.0,1.1148834691684741,1.833256942615101,1.0,0.06674305738489883,1.930689718153497,1.0,0.03068971815349708,2.0052062326984696,0.9,0.10520623269846974
3327,3.7,>=3m,0.0,min|p05|p10|p25|median|p75|p90,p90,p90,2.010038522299898,6.500042862377856,1.4299691186525065,0.4773375124767316,1.2542749869823422,"Measuring from the closest point of each object, what is the distance between the laptop and the door (in meters)?",0.07185786208575855,0.0,3.628142137914242,0.25999235904759516,0.0,3.440007640952405,0.47247129983198705,0.0,3.2275287001680133,1.0041867029211817,0.0,2.6958132970788187,1.2542749869823422,0.0,2.445725013017658,1.4815242153979133,0.0,2.218475784602087,1.6899614777001017,0.0,2.010038522299898
3328,3.4,>=3m,0.1,p75|p90,p90,p90,1.541759316498315,10.325803075215441,1.678279796201603,0.8032861053488085,1.482950156614387,"Measuring from the closest point of each object, what is the distance between the laptop and the bookshelf (in meters)?",0.008225160303012407,0.0,3.3917748396969873,0.1799608873000819,0.0,3.220039112699918,0.26683818658094105,0.0,3.1331618134190586,0.9212052460810907,0.0,2.4787947539189092,1.482950156614387,0.0,1.917049843385613,1.7244913514298992,0.1,1.6755086485701007,1.858240683501685,0.1,1.541759316498315
3329,2.5,1-3m,0.2,p90,p90,p90,1.1149225599526182,3.462945570702097,0.9851065448171217,0.3923742908218627,1.0696299682083645,"Measuring from the closest point of each object, what is the distance between the laptop and the whiteboard (in meters)?",0.12377061867920351,0.0,2.3762293813207966,0.3999708952302601,0.0,2.1000291047697397,0.4646712441358226,0.0,2.0353287558641773,0.8093629209409922,0.0,1.690637079059008,1.0696299682083645,0.0,1.4303700317916355,1.2017372117628549,0.0,1.2982627882371451,1.3850774400473818,0.2,1.1149225599526182
3330,2.2,1-3m,0.1,p90,p90,p90,1.0934683563848147,4.655440059723516,0.868845919082218,0.615757702607532,0.7224074107277143,"Measuring from the closest point of each object, what is the distance between the computer mouse and the sofa (in meters)?",0.1059321643279015,0.0,2.0940678356720985,0.2376857245329675,0.0,1.9623142754670326,0.27662834611986253,0.0,1.9233716538801375,0.3948666029269345,0.0,1.8051333970730656,0.7224074107277143,0.0,1.4775925892722859,1.0106243055344666,0.0,1.1893756944655336,1.1065316436151855,0.1,1.0934683563848147
3331,1.0,1-3m,0.7,p75,p75,p75,0.17016113770751184,7.785865065858805,1.1359549824470914,0.9800479056483931,0.21454932221326906,"Measuring from the closest point of each object, what is the distance between the telephone and the power strip (in meters)?",0.09060764159945246,0.0,0.9093923584005476,0.16740017247945782,0.0,0.8325998275205422,0.17572649979897162,0.0,0.8242735002010284,0.1901132320591188,0.0,0.8098867679408812,0.21454932221326906,0.0,0.7854506777867309,1.1701611377075118,0.7,0.17016113770751184,1.3033551549265492,0.4,0.3033551549265492
3332,1.5,1-3m,0.9,p90,p90,p90,0.11025180219804609,3.127425927153157,0.945373740924883,0.4496118505341822,0.9508186144169616,"Measuring from the closest point of each object, what is the distance between the door and the chair (in meters)?",0.22012194407729635,0.0,1.2798780559227037,0.44437445687707083,0.0,1.055625543122929,0.5116391451487037,0.0,0.9883608548512963,0.7013851406951783,0.0,0.7986148593048217,0.9508186144169616,0.3,0.5491813855830384,1.1509969912293605,0.6,0.3490030087706395,1.389748197801954,0.9,0.11025180219804609
3333,1.7,1-3m,0.0,min|p05|p10|p25|median|p75|p90,p90,p90,0.9691362924809872,1.0958525785637312,0.06392755039748432,0.029790387870111235,0.6953670211130656,"Measuring from the closest point of each object, what is the distance between the computer mouse and the ceiling light (in meters)?",0.6517357056490402,0.0,1.0482642943509597,0.6669361571215284,0.0,1.0330638428784715,0.6717452111282664,0.0,1.0282547888717337,0.6819493234598939,0.0,1.018050676540106,0.6953670211130656,0.0,1.0046329788869344,0.7117397113300051,0.0,0.9882602886699948,0.7308637075190128,0.0,0.9691362924809872
3334,2.4,1-3m,0.4,p90,p90,p90,0.8302534001110937,1.2788999781219135,0.3423272342289694,0.10517500064571661,1.482372542808727,"Measuring from the closest point of each object, what is the distance between the keyboard and the door (in meters)?",1.122451030372963,0.0,1.277548969627037,1.2274193656599368,0.1,1.172580634340063,1.2730110449022856,0.1,1.1269889550977144,1.4249359038065343,0.2,0.9750640961934656,1.482372542808727,0.3,0.9176274571912728,1.530110904452251,0.3,0.869889095547749,1.5697465998889062,0.4,0.8302534001110937
3335,1.7,1-3m,0.0,min|p05|p10|p25|median|p75|p90,p90,p90,0.9674797675134584,1.0966392576155781,0.06455195814329062,0.0317463934502481,0.696948286904844,"Measuring from the closest point of each object, what is the distance between the keyboard and the ceiling light (in meters)?",0.6534319202728244,0.0,1.0465680797271757,0.6679682743432509,0.0,1.032031725656749,0.6723713467502099,0.0,1.02762865324979,0.6826399790350787,0.0,1.0173600209649214,0.696948286904844,0.0,1.003051713095156,0.7143863724853268,0.0,0.9856136275146732,0.7325202324865415,0.0,0.9674797675134584
3336,2.7,1-3m,0.3,p90,p90,p90,1.024160313875508,4.695331546548001,1.3189235302554638,0.4092912564192861,1.2263148696832198,"Measuring from the closest point of each object, what is the distance between the door and the computer tower (in meters)?",0.09544935156574358,0.0,2.6045506484342567,0.3569161558690283,0.0,2.343083844130972,0.5190651408201576,0.0,2.1809348591798425,0.9227761326010007,0.0,1.7772238673989995,1.2263148696832198,0.0,1.4736851303167804,1.3320673890202868,0.0,1.3679326109797134,1.6758396861244922,0.3,1.024160313875508
3337,2.6,1-3m,0.3,p90,p90,p90,0.953472686719532,7.224259535114575,1.4186109011862902,1.1629597116836976,0.9460301288500407,"Measuring from the closest point of each object, what is the distance between the keyboard and the door (in meters)?",0.04603617069770848,0.0,2.5539638293022917,0.22791641209417798,0.0,2.372083587905822,0.2624268024576272,0.0,2.337573197542373,0.3855848760789169,0.0,2.214415123921083,0.9460301288500407,0.0,1.6539698711499593,1.5485445877626145,0.2,1.0514554122373856,1.646527313280468,0.3,0.953472686719532
3338,3.1,>=3m,0.0,min|p05|p10|p25|median|p75|p90,p90,p90,2.3871478527066547,4.012116635346808,0.5351773157560199,0.2606356833184009,0.4392697676534878,"Measuring from the closest point of each object, what is the distance between the keyboard and the computer tower (in meters)?",0.005229418080946894,0.0,3.0947705819190534,0.17767483153732552,0.0,2.9223251684626748,0.21611172048901497,0.0,2.8838882795109853,0.30739221886784474,0.0,2.7926077811321552,0.4392697676534878,0.0,2.6607302323465123,0.5680279021862457,0.0,2.5319720978137545,0.7128521472933455,0.0,2.3871478527066547
3339,1.8,1-3m,0.9,p75,p75,p75,0.094479672124681,5.062516541895248,1.6788003217144838,0.6489639547156574,1.277671438658,"Measuring from the closest point of each object, what is the distance between the paper bag and the coat rack (in meters)?",0.08814346468001638,0.0,1.7118565353199837,0.41324147345657053,0.0,1.3867585265434295,0.6038411881698273,0.0,1.1961588118301727,1.0565563731596617,0.2,0.7434436268403384,1.277671438658,0.5,0.5223285613420001,1.705520327875319,0.9,0.094479672124681,2.0920417951710544,0.7,0.29204179517105433
3340,1.9,1-3m,1.0,p90,p90,p90,0.0225549820816886,10.14337787728362,1.6923543074437561,0.9811423170804703,1.1830478602408818,"Measuring from the closest point of each object, what is the distance between the door and the coat rack (in meters)?",0.0025195892837701905,0.0,1.8974804107162297,0.18509071047455528,0.0,1.7149092895254445,0.24479573014753825,0.0,1.6552042698524616,0.45653400280937145,0.0,1.4434659971906285,1.1830478602408818,0.3,0.7169521397591181,1.4376763198898417,0.6,0.46232368011015823,1.8774450179183113,1.0,0.0225549820816886
3341,1.8,1-3m,0.7,p90,p90,p90,0.2879618888348796,1.6354202903881025,0.5874818242877589,0.420934902622375,1.0518803027105688,"Measuring from the closest point of each object, what is the distance between the door and the paper bag (in meters)?",0.6333294518661704,0.0,1.1666705481338298,0.9245562868773616,0.1,0.8754437131226385,0.9495951944613465,0.1,0.8504048055386535,0.9918954126060062,0.2,0.8081045873939938,1.0518803027105688,0.2,0.7481196972894313,1.4128303152283812,0.6,0.38716968477161884,1.5120381111651204,0.7,0.2879618888348796
3342,1.0,1-3m,0.0,min|p05|p10|p25|median|p75|p90,p90,p90,0.5656044295565327,6.888699487892309,0.3713364151984217,0.24342181713346825,0.3815185420381232,"Measuring from the closest point of each object, what is the distance between the computer mouse and the telephone (in meters)?",0.0,0.0,1.0,0.06305915524504561,0.0,0.9369408447549544,0.07705737341266901,0.0,0.922942626587331,0.1665673308584711,0.0,0.8334326691415289,0.3815185420381232,0.0,0.6184814579618768,0.40998914799193936,0.0,0.5900108520080607,0.4343955704434673,0.0,0.5656044295565327
3343,2.1,1-3m,0.7,p90,p90,p90,0.37291957810059784,1.9092425060993568,0.8224910801149043,0.3001568688906606,1.1372616750974052,"Measuring from the closest point of each object, what is the distance between the computer mouse and the exhaust fan (in meters)?",0.871595657693445,0.0,1.228404342306555,0.9045893417844979,0.0,1.1954106582155022,0.9181166851233644,0.0,1.1818833148766357,1.0037199771143617,0.0,1.0962800228856384,1.1372616750974052,0.1,0.9627383249025949,1.3038768460050223,0.3,0.7961231539949778,1.7270804218994023,0.7,0.37291957810059784
3344,2.1,1-3m,0.9,p90,p90,p90,0.12667560625142116,2.360638766059673,1.1373962449270592,0.9413593680319643,1.000588627638558,"Measuring from the closest point of each object, what is the distance between the telephone and the exhaust fan (in meters)?",0.5194247842100473,0.0,1.5805752157899526,0.8359281488215198,0.0,1.2640718511784803,0.906132181210776,0.0,1.193867818789224,0.9388804890527387,0.0,1.1611195109472614,1.000588627638558,0.0,1.099411372361442,1.880239857084703,0.8,0.2197601429152971,1.973324393748579,0.9,0.12667560625142116
3345,1.6,1-3m,1.0,p90,p90,p90,0.0375310837724101,3.4093412154609686,1.157223898223954,0.5325974640739648,1.2480644011027802,"Measuring from the closest point of each object, what is the distance between the door and the table (in meters)?",0.048689477183686956,0.0,1.551310522816313,0.4803071855484561,0.0,1.1196928144515441,0.6194406723300685,0.0,0.9805593276699316,0.9325239295067613,0.2,0.6674760704932388,1.2480644011027802,0.6,0.3519355988972199,1.4651213935807261,0.9,0.13487860641927396,1.6375310837724102,1.0,0.0375310837724101
3346,1.3,1-3m,1.0,p75,p75,p75,0.016696244969652385,1.7172407016469367,0.666431461985931,0.25095414614658185,1.1237271778850344,"Measuring from the closest point of each object, what is the distance between the ceiling light and the microwave (in meters)?",0.8849703528379373,0.4,0.4150296471620627,0.929160127772536,0.5,0.37083987222746406,0.9511031760750183,0.5,0.3488968239249818,1.0323496088837658,0.6,0.26765039111623423,1.1237271778850344,0.8,0.17627282211496564,1.2833037550303477,1.0,0.016696244969652385,1.595591589758467,0.6,0.2955915897584669
3347,1.6,1-3m,1.0,p90,p90,p90,0.06404476783004642,1.8724177612820672,0.7156493880733529,0.3799286098073493,1.1866950842122221,"Measuring from the closest point of each object, what is the distance between the ceiling light and the table (in meters)?",0.759568354729269,0.0,0.8404316452707311,0.8203058440966008,0.1,0.7796941559033993,0.8349327771680473,0.1,0.7650672228319528,1.0113402997234398,0.3,0.5886597002765603,1.1866950842122221,0.5,0.41330491578777795,1.391268909530789,0.8,0.208731090469211,1.5359552321699537,1.0,0.06404476783004642
3348,1.9,1-3m,0.8,p90,p90,p90,0.20583316456074519,4.610945574148969,1.32674396995641,0.6304531235927783,1.2403532814653861,"Measuring from the closest point of each object, what is the distance between the door and the microwave (in meters)?",0.0,0.0,1.9,0.36742286548284464,0.0,1.5325771345171553,0.44630751952545183,0.0,1.4536924804745481,0.8675796537536969,0.0,1.0324203462463029,1.2403532814653861,0.4,0.6596467185346138,1.4980327773464752,0.6,0.4019672226535247,1.6941668354392547,0.8,0.20583316456074519
3349,1.3,1-3m,1.0,p10|p25,p25,p25,0.01572531995132631,1.866675349300723,0.8511438447069621,0.3896232768175434,1.4083104197918352,"Measuring from the closest point of each object, what is the distance between the microwave and the ceiling light (in meters)?",0.8816370240135909,0.4,0.41836297598640915,0.9820792126990892,0.6,0.3179207873009109,1.2505016365746673,1.0,0.04949836342533276,1.3157253199513264,1.0,0.01572531995132631,1.4083104197918352,0.9,0.1083104197918352,1.7053485967688697,0.4,0.4053485967688697,1.8332230574060513,0.2,0.5332230574060512
3350,1.3,1-3m,1.0,p90,p90,p90,0.028246029622467805,4.9168726202529225,1.058105610659541,0.4093798573329135,0.9229127539126223,"Measuring from the closest point of each object, what is the distance between the kettle and the ceiling light (in meters)?",0.19703469566238305,0.0,1.102965304337617,0.27014041896292673,0.0,1.0298595810370732,0.2929430931370061,0.0,1.007056906862994,0.8155663144102738,0.3,0.4844336855897262,0.9229127539126223,0.5,0.37708724608737776,1.2249461717431873,0.9,0.07505382825681273,1.3282460296224678,1.0,0.028246029622467805
3351,1.5,1-3m,1.0,p90,p90,p90,0.032905528920388116,7.425683082215565,1.326472597168738,0.9211169379050362,0.7958239673719256,"Measuring from the closest point of each object, what is the distance between the kettle and the microwave (in meters)?",0.010575551953611328,0.0,1.4894244480463887,0.20643293175165003,0.0,1.29356706824835,0.2322915453665525,0.0,1.2677084546334476,0.2796829970712357,0.0,1.2203170029287644,0.7958239673719256,0.1,0.7041760326280744,1.200799934976272,0.7,0.2992000650237281,1.5329055289203881,1.0,0.032905528920388116
3352,1.4,1-3m,0.6,p90,p90,p90,0.3375288999749517,1.580773732257087,0.390350176995784,0.24710233774659662,0.8801603243339273,"Measuring from the closest point of each object, what is the distance between the monitor and the ceiling light (in meters)?",0.5880142692635028,0.0,0.8119857307364972,0.6721209230292642,0.0,0.7278790769707357,0.6988854506798293,0.0,0.7011145493201706,0.7568420803286802,0.1,0.6431579196713197,0.8801603243339273,0.3,0.5198396756660726,1.0039444180752768,0.5,0.3960555819247231,1.0624711000250482,0.6,0.3375288999749517
3353,3.2,>=3m,0.0,min|p05|p10|p25|median|p75|p90,p90,p90,1.6891307038509698,7.586445015760323,1.3117155036928403,0.5807198684495057,0.948997109700757,"Measuring from the closest point of each object, what is the distance between the crate and the heater (in meters)?",0.04083586890023223,0.0,3.159164131099768,0.19915379245619025,0.0,3.00084620754381,0.26580522427687014,0.0,2.93419477572313,0.6405852524985806,0.0,2.5594147475014197,0.948997109700757,0.0,2.251002890299243,1.2213051209480863,0.0,1.9786948790519139,1.5108692961490304,0.0,1.6891307038509698
3354,1.5,1-3m,0.6,min,min,min,0.3460912557726672,1.0866813640840647,0.17133273880379485,0.07611349444789761,2.052456251933772,"Measuring from the closest point of each object, what is the distance between the heater and the ceiling light (in meters)?",1.8460912557726672,0.6,0.3460912557726672,1.9765810173180258,0.4,0.4765810173180258,1.9958880288148952,0.4,0.49588802881489524,2.0212889544746635,0.4,0.5212889544746635,2.052456251933772,0.3,0.5524562519337719,2.097402448922561,0.3,0.5974024489225611,2.1479137561218207,0.2,0.6479137561218207
3355,1.2,1-3m,1.0,median,median,median,0.016544637894084113,2.8406345651645126,0.9865387124691744,0.6671292223380576,1.216544637894084,"Measuring from the closest point of each object, what is the distance between the toilet and the heater (in meters)?",0.3925557364267729,0.0,0.8074442635732271,0.5359774999015078,0.0,0.6640225000984922,0.5922132832581108,0.0,0.6077867167418891,0.7602944230665452,0.3,0.4397055769334548,1.216544637894084,1.0,0.016544637894084113,1.4274236454046028,0.7,0.2274236454046028,1.5225162123706821,0.5,0.3225162123706822
3356,1.9,1-3m,0.8,p90,p90,p90,0.28019892411741165,1.1987276413590824,0.26853409913538906,0.13275696988980168,1.4947751077734828,"Measuring from the closest point of each object, what is the distance between the toilet and the ceiling light (in meters)?",1.3188029191693709,0.4,0.581197080830629,1.3512669767471992,0.5,0.5487330232528007,1.3801633777919133,0.5,0.5198366222080866,1.4461633250243142,0.6,0.4538366749756857,1.4947751077734828,0.6,0.40522489222651714,1.578920294914116,0.7,0.321079705085884,1.6198010758825883,0.8,0.28019892411741165
3357,1.1,1-3m,0.9,p75,p75,p75,0.07463146175065649,2.304084736387731,0.8122442341537761,0.259731493577378,0.871432903475568,"Measuring from the closest point of each object, what is the distance between the door and the ceiling light (in meters)?",0.5110042411491473,0.0,0.5889957588508528,0.6228462089079152,0.2,0.4771537910920849,0.6658857258407452,0.3,0.43411427415925485,0.7656370446719656,0.4,0.3343629553280345,0.871432903475568,0.6,0.22856709652443208,1.0253685382493436,0.9,0.07463146175065649,1.4350904430616913,0.4,0.3350904430616912
3358,1.9,1-3m,1.0,p90,p90,p90,0.03480498147366595,17.844956901692232,1.760672770094932,0.5846321694056588,1.231929962029981,"Measuring from the closest point of each object, what is the distance between the cup and the exhaust fan (in meters)?",0.0007056708771285943,0.0,1.8992943291228712,0.10452224843140183,0.0,1.795477751568598,0.3345461417351691,0.0,1.5654538582648307,0.7303065470158469,0.0,1.169693452984153,1.231929962029981,0.3,0.6680700379700188,1.3149387164215056,0.4,0.5850612835784943,1.865195018526334,1.0,0.03480498147366595
3359,1.7,1-3m,1.0,median|p75|p90,p75,p75,0.026196936043889618,2.7563556681532786,1.1342574223013382,0.9086128869433177,1.6492463659234877,"Measuring from the closest point of each object, what is the distance between the toilet and the ceiling light (in meters)?",0.5133227686674101,0.0,1.18667723133259,0.6458016692564063,0.0,1.0541983307435938,0.7046693413504951,0.0,0.9953306586495049,0.8175840491005719,0.0,0.882415950899428,1.6492463659234877,1.0,0.05075363407651223,1.7261969360438896,1.0,0.026196936043889618,1.7800590915577443,1.0,0.08005909155774438
3360,1.7,1-3m,0.9,p75,p75,p75,0.12192684351138117,3.9315797931623315,1.4812261257476345,0.6859905733270977,1.3234529765386736,"Measuring from the closest point of each object, what is the distance between the toilet and the exhaust fan (in meters)?",0.42014785561384826,0.0,1.2798521443861517,0.5052654985555817,0.0,1.1947345014444184,0.6721062965759786,0.0,1.0278937034240214,1.1359362701842834,0.4,0.5640637298157165,1.3234529765386736,0.6,0.3765470234613264,1.8219268435113811,0.9,0.12192684351138117,1.986491624303216,0.7,0.28649162430321606
3361,1.6,1-3m,1.0,p75|p90,p90,p90,0.025111126127116412,2.9507075583206577,1.0743580968936741,0.26563294726515885,1.4210447525502148,"Measuring from the closest point of each object, what is the distance between the printer and the trash can (in meters)?",0.3043677231786004,0.0,1.2956322768213997,0.5507530292334424,0.0,1.0492469707665577,0.6112013064634892,0.0,0.9887986935365108,1.2589800332942358,0.6,0.3410199667057643,1.4210447525502148,0.8,0.1789552474497853,1.5246129805593946,1.0,0.07538701944060544,1.6251111261271165,1.0,0.025111126127116412
3362,1.8,1-3m,0.8,p75|p90,p90,p90,0.18729706032706406,2.625085880514984,0.9983600141163217,0.5856044906924669,1.358356169747126,"Measuring from the closest point of each object, what is the distance between the chair and the ceiling light (in meters)?",0.5510278479133651,0.0,1.248972152086635,0.6143429255566143,0.0,1.1856570744433856,0.6780944182225129,0.0,1.121905581777487,0.9707127568321356,0.1,0.8292872431678644,1.358356169747126,0.6,0.441643830252874,1.5563172475246025,0.8,0.2436827524753975,1.612702939672936,0.8,0.18729706032706406
3363,1.7,1-3m,0.9,p90,p90,p90,0.16496010088298574,2.7725693139518013,0.9813874110105619,0.3802404036310809,1.0882604120451322,"Measuring from the closest point of each object, what is the distance between the table and the ceiling light (in meters)?",0.47558352743617843,0.0,1.2244164725638216,0.5536524881064523,0.0,1.1463475118935476,0.6164963733407328,0.0,1.083503626659267,0.9238910841260741,0.1,0.7761089158739258,1.0882604120451322,0.3,0.6117395879548677,1.304131487757155,0.6,0.3958685122428449,1.5350398991170142,0.9,0.16496010088298574
3364,1.1,1-3m,0.8,p25|median,p25,p25,0.11272317549021071,2.4972366431717785,0.9593753362072666,0.4388437524473796,1.227256787112899,"Measuring from the closest point of each object, what is the distance between the door and the ceiling light (in meters)?",0.43466591268415156,0.0,0.6653340873158485,0.6407639971827734,0.2,0.45923600281722665,0.7286981922422138,0.4,0.3713018077577863,0.9872768245097894,0.8,0.11272317549021071,1.227256787112899,0.8,0.1272567871128989,1.426120576957169,0.5,0.3261205769571689,1.60013933339004,0.1,0.5001393333900399
3365,0.7,<1m,1.0,median,median,median,0.02459380982318704,3.547057012802043,0.6340158573671574,0.32760383811235033,0.6754061901768129,"Measuring from the closest point of each object, what is the distance between the table and the door (in meters)?",0.003239862013497313,0.0,0.6967601379865026,0.24892095236991582,0.0,0.4510790476300841,0.32358109787390626,0.0,0.3764189021260937,0.46699848814705697,0.4,0.233001511852943,0.6754061901768129,1.0,0.02459380982318704,0.7946023262594073,0.8,0.09460232625940734,0.8829368097370732,0.5,0.18293680973707327
3366,2.0,1-3m,0.1,p90,p90,p90,0.9106454003469917,3.1788543782680385,0.746666803980364,0.3869484416209611,0.5854822472511026,"Measuring from the closest point of each object, what is the distance between the bed and the chair (in meters)?",0.009377020065927303,0.0,1.9906229799340727,0.3426877956726443,0.0,1.6573122043273556,0.37881639392388894,0.0,1.6211836060761111,0.45316233119275695,0.0,1.546837668807243,0.5854822472511026,0.0,1.4145177527488975,0.840110772813718,0.0,1.159889227186282,1.0893545996530083,0.1,0.9106454003469917
3367,2.8,1-3m,0.0,min|p05|p10|p25|median|p75|p90,p90,p90,1.763412816773327,6.457347174593824,0.8760588493459913,0.3752069720593807,0.8043451192767392,"Measuring from the closest point of each object, what is the distance between the tv and the basket (in meters)?",0.08450614557742146,0.0,2.7154938544225784,0.16052833388068152,0.0,2.6394716661193183,0.49357478395049253,0.0,2.306425216049507,0.6167955187978638,0.0,2.183204481202136,0.8043451192767392,0.0,1.9956548807232606,0.9920024908572445,0.0,1.8079975091427554,1.0365871832266729,0.0,1.763412816773327
3368,3.5,>=3m,0.1,p90,p90,p90,1.6593708127489561,10.88917324007292,1.6715962270188198,1.2453440781890344,0.9599181373365667,"Measuring from the closest point of each object, what is the distance between the ceiling light and the basket (in meters)?",0.1153355720998105,0.0,3.3846644279001894,0.16903296023222403,0.0,3.330967039767776,0.2860435823309197,0.0,3.2139564176690802,0.38036390611647947,0.0,3.1196360938835204,0.9599181373365667,0.0,2.5400818626634334,1.6257079843055138,0.0,1.8742920156944862,1.8406291872510439,0.1,1.6593708127489561
3369,1.5,1-3m,1.0,p90,p90,p90,0.07004420752838869,2.910743947031,0.9386876429903811,0.614865820706001,1.1085710683865375,"Measuring from the closest point of each object, what is the distance between the ceiling light and the chair (in meters)?",0.28098086574733827,0.0,1.2190191342526617,0.4912681494812302,0.0,1.0087318505187697,0.5427632088459267,0.0,0.9572367911540733,0.6487482869971334,0.0,0.8512517130028666,1.1085710683865375,0.5,0.3914289316134625,1.2636141077031344,0.7,0.23638589229686557,1.4299557924716113,1.0,0.07004420752838869
3370,1.5,1-3m,0.3,p90,p90,p90,0.5264822532573092,2.5897725369301186,0.5976091552118354,0.21287345784021683,0.7540305957242185,"Measuring from the closest point of each object, what is the distance between the blanket and the tv (in meters)?",0.19620430606709333,0.0,1.3037956939329067,0.37590859153085526,0.0,1.1240914084691447,0.5150682583521113,0.0,0.9849317416478887,0.6530488296402341,0.0,0.8469511703597659,0.7540305957242185,0.1,0.7459694042757815,0.865922287480451,0.2,0.634077712519549,0.9735177467426908,0.3,0.5264822532573092
3371,1.4,1-3m,0.5,p90,p90,p90,0.40829242846467917,3.2567017809251664,0.6871947121314131,0.3200634032513897,0.7273040003467304,"Measuring from the closest point of each object, what is the distance between the tv and the chair (in meters)?",0.17277631369680757,0.0,1.2272236863031925,0.3045128594039076,0.0,1.0954871405960924,0.3466165101866981,0.0,1.0533834898133019,0.5691717043844977,0.0,0.8308282956155022,0.7273040003467304,0.1,0.6726959996532695,0.8892351076358874,0.3,0.5107648923641125,0.9917075715353207,0.5,0.40829242846467917
3372,2.1,1-3m,0.6,p90,p90,p90,0.4387227560497444,6.16528340283479,1.3918204914534602,0.8232819288047808,1.0901314025028825,"Measuring from the closest point of each object, what is the distance between the bed and the basket (in meters)?",0.02294517253964805,0.0,2.077054827460352,0.26945675249679557,0.0,1.8305432475032046,0.3412473492618338,0.0,1.7587526507381663,0.5835332147497398,0.0,1.5164667852502602,1.0901314025028825,0.1,1.0098685974971175,1.4068151435545206,0.4,0.6931848564454794,1.6612772439502557,0.6,0.4387227560497444
3373,1.7,1-3m,0.3,p75|p90,p90,p90,0.6305441336754787,1.2455021398672024,0.2108014874259443,0.1002351565266899,0.9744126571748715,"Measuring from the closest point of each object, what is the distance between the pillow and the heater (in meters)?",0.7333644952643402,0.0,0.9666355047356597,0.858654378898577,0.1,0.841345621101423,0.8829489745726162,0.1,0.8170510254273837,0.9249420272591202,0.1,0.7750579727408797,0.9744126571748715,0.2,0.7255873428251285,1.0251771837858101,0.3,0.6748228162141898,1.0694558663245213,0.3,0.6305441336754787
3374,1.2,1-3m,0.3,p90,p90,p90,0.46884175709589615,1.3929460962467526,0.20625764203075658,0.08887843216691738,0.6498485071476203,"Measuring from the closest point of each object, what is the distance between the chair and the heater (in meters)?",0.385751718552999,0.0,0.8142482814470009,0.5249006008733472,0.0,0.6750993991266527,0.5584378816587938,0.0,0.6415621183412061,0.6033968068767959,0.1,0.5966031931232041,0.6498485071476203,0.1,0.5501514928523796,0.6922752390437132,0.2,0.5077247609562867,0.7311582429041038,0.3,0.46884175709589615
3375,1.6,1-3m,0.0,min|p05|p10|p25|median|p75|p90,p90,p90,0.9019918005010285,1.259763379004669,0.14392938507077047,0.04450641538481992,0.6487832734547578,"Measuring from the closest point of each object, what is the distance between the ceiling light and the pillow (in meters)?",0.4767154685440455,0.0,1.1232845314559545,0.5540788144282012,0.0,1.045921185571799,0.5880856187916732,0.0,1.0119143812083269,0.6273769778960487,0.0,0.9726230221039514,0.6487832734547578,0.0,0.9512167265452423,0.6718833932808687,0.0,0.9281166067191314,0.6980081994989716,0.0,0.9019918005010285
3376,2.1,1-3m,0.0,min|p05|p10|p25|median|p75|p90,p90,p90,1.1413871033838534,2.0308316059056435,0.48658316562884696,0.1351080892760863,0.8812962871091599,"Measuring from the closest point of each object, what is the distance between the plant and the heater (in meters)?",0.3808027198101361,0.0,1.719197280189864,0.4720297309872997,0.0,1.6279702690127005,0.5038467235363404,0.0,1.5961532764636597,0.7918746053103936,0.0,1.3081253946896065,0.8812962871091599,0.0,1.2187037128908402,0.9269826945864799,0.0,1.1730173054135202,0.9586128966161467,0.0,1.1413871033838534
3377,3.4,>=3m,0.0,min|p05|p10|p25|median|p75|p90,p90,p90,2.281747678178839,2.4247065962193224,0.6570615437019548,0.4960505123709036,0.6241089544684526,"Measuring from the closest point of each object, what is the distance between the microwave and the power strip (in meters)?",0.1461675771992994,0.0,3.2538324228007003,0.46119077811920606,0.0,2.9388092218807937,0.505180874998977,0.0,2.894819125001023,0.5566932006834573,0.0,2.843306799316543,0.6241089544684526,0.0,2.775891045531547,1.0527437130543609,0.0,2.347256286945639,1.1182523218211609,0.0,2.281747678178839
3378,1.6,1-3m,0.0,min|p05|p10|p25|median|p75|p90,p90,p90,1.0021315749295043,3.6483375477614017,0.43399421736804666,0.2523078518139335,0.4698107498620658,"Measuring from the closest point of each object, what is the distance between the plant and the bookshelf (in meters)?",0.0927512872394282,0.0,1.5072487127605718,0.1638742077024491,0.0,1.436125792297551,0.21796376164290823,0.0,1.3820362383570919,0.2975499749642017,0.0,1.3024500250357984,0.4698107498620658,0.0,1.1301892501379343,0.5498578267781352,0.0,1.050142173221865,0.5978684250704958,0.0,1.0021315749295043
3380,2.2,1-3m,0.1,p90,p90,p90,1.0214947157260095,3.7719405960045216,0.8660652406735325,0.40611471866619453,0.4065684443874131,"Measuring from the closest point of each object, what is the distance between the clock and the power strip (in meters)?",0.24192055659632053,0.0,1.9580794434036797,0.31244004360045813,0.0,1.887559956399542,0.3284567020959339,0.0,1.8715432979040663,0.35934220236857894,0.0,1.8406577976314211,0.4065684443874131,0.0,1.793431555612587,0.7654569210347735,0.0,1.4345430789652267,1.1785052842739907,0.1,1.0214947157260095
3381,2.7,1-3m,0.0,min|p05|p10|p25|median|p75|p90,p90,p90,1.5591910534360354,1.1193531000105843,0.12164086943693708,0.05972762642000862,1.084365961187432,"Measuring from the closest point of each object, what is the distance between the keyboard and the cutting board (in meters)?",0.978339384587449,0.0,1.721660615412551,1.0191680771270277,0.0,1.6808319228729725,1.0316584186157314,0.0,1.6683415813842688,1.0549998326342227,0.0,1.6450001673657775,1.084365961187432,0.0,1.6156340388125683,1.1147274590542313,0.0,1.5852725409457689,1.1408089465639648,0.0,1.5591910534360354
3382,1.7,1-3m,0.3,p90,p90,p90,0.6024400504462293,1.5921314544518554,0.40819479287351246,0.21830933103601702,0.774990358182414,"Measuring from the closest point of each object, what is the distance between the computer mouse and the bed (in meters)?",0.6722056029992741,0.0,1.0277943970007257,0.6893651566802582,0.0,1.0106348433197416,0.6955863722458601,0.0,1.0044136277541398,0.7139195124378321,0.0,0.9860804875621678,0.774990358182414,0.0,0.9250096418175859,0.9322288434738492,0.1,0.7677711565261508,1.0975599495537707,0.3,0.6024400504462293
3383,1.4,1-3m,0.6,p90,p90,p90,0.29999390058943454,2.136898816187622,0.5852385816049943,0.24287833942002202,0.8860985214903874,"Measuring from the closest point of each object, what is the distance between the bed and the table (in meters)?",0.26119098225628196,0.0,1.138809017743718,0.5147675178055711,0.0,0.8852324821944288,0.5962288815290434,0.0,0.8037711184709565,0.7465365481982287,0.1,0.6534634518017712,0.8860985214903874,0.3,0.5139014785096125,0.9894148876182507,0.5,0.4105851123817492,1.1000060994105654,0.6,0.29999390058943454
3384,1.9,1-3m,0.7,p90,p90,p90,0.37267170992368936,1.312488044434133,0.363638992826518,0.12735228117077302,1.3469866179430188,"Measuring from the closest point of each object, what is the distance between the bed and the keyboard (in meters)?",1.103945175539304,0.2,0.796054824460696,1.1636892972497925,0.3,0.7363107027502074,1.204446771924944,0.3,0.6955532280750558,1.3000840418321005,0.4,0.5999159581678994,1.3469866179430188,0.5,0.5530133820569811,1.4274363230028735,0.6,0.4725636769971264,1.5273282900763105,0.7,0.37267170992368936
3385,3.1,>=3m,0.0,min|p05|p10|p25|median|p75|p90,p90,p90,2.2782187765933073,7.590913542830642,0.7135226826171145,0.2951248643454446,0.3972585418861933,"Measuring from the closest point of each object, what is the distance between the tv and the refrigerator (in meters)?",0.0,0.0,3.1,0.10825854078957821,0.0,2.991741459210422,0.15216017585269082,0.0,2.947839824147309,0.2380644992078683,0.0,2.8619355007921317,0.3972585418861933,0.0,2.702741458113807,0.5331893635533129,0.0,2.566810636446687,0.8217812234066927,0.0,2.2782187765933073
3386,1.3,1-3m,1.0,p75|p90,p90,p90,0.005511266517595814,1.247264737635865,0.2588118552986636,0.20089305358453347,1.208028269527132,"Measuring from the closest point of each object, what is the distance between the bowl and the heater (in meters)?",1.0054009596899642,0.6,0.2945990403100358,1.0466994112189323,0.7,0.25330058878106776,1.0568500873411193,0.7,0.24314991265888075,1.078460438010555,0.7,0.22153956198944513,1.208028269527132,0.9,0.091971730472868,1.2793534915950884,1.0,0.020646508404911668,1.3055112665175959,1.0,0.005511266517595814
3387,1.2,1-3m,1.0,median,median,median,0.04216950534876518,5.144510549503023,1.2462525859072293,0.7110784511430959,1.2421695053487651,"Measuring from the closest point of each object, what is the distance between the table lamp and the exhaust fan (in meters)?",0.2522232604692923,0.0,0.9477767395307077,0.30069958105346606,0.0,0.8993004189465339,0.33460870057340314,0.0,0.8653912994265969,0.7460486827284858,0.3,0.45395131727151417,1.2421695053487651,1.0,0.04216950534876518,1.4571271338715817,0.6,0.2571271338715817,1.5469521669606954,0.5,0.3469521669606954
3388,1.8,1-3m,0.9,p90,p90,p90,0.14636780780814052,23.33522636225636,1.5827679902972283,0.9058474284073147,0.6152294265308054,"Measuring from the closest point of each object, what is the distance between the printer and the telephone (in meters)?",0.0,0.0,1.8,0.07086420189463138,0.0,1.7291357981053688,0.1646549232511405,0.0,1.6353450767488595,0.4211030849223679,0.0,1.378896915077632,0.6152294265308054,0.0,1.1847705734691947,1.3269505133296826,0.5,0.47304948667031743,1.6536321921918595,0.9,0.14636780780814052
3389,2.5,1-3m,0.0,min|p05|p10|p25|median|p75|p90,p90,p90,2.113860796006971,1.7264354194356546,0.16247650590076454,0.051048354479415275,0.2579245959397579,"Measuring from the closest point of each object, what is the distance between the telephone and the kettle (in meters)?",0.1691026083697358,0.0,2.330897391630264,0.22366269809226477,0.0,2.276337301907735,0.23141447764594275,0.0,2.268585522354057,0.24369300510893913,0.0,2.256306994891061,0.2579245959397579,0.0,2.242075404060242,0.2947413595883544,0.0,2.2052586404116457,0.3861392039930293,0.0,2.113860796006971
3390,1.5,1-3m,0.9,p90,p90,p90,0.13439084183786565,4.46861372829395,1.0600089785101097,0.8109481549927856,1.0166702648194406,"Measuring from the closest point of each object, what is the distance between the shoes and the cup (in meters)?",0.19503248826349018,0.0,1.3049675117365098,0.3056001796520246,0.0,1.1943998203479755,0.32890834540022723,0.0,1.1710916545997727,0.4982175842133246,0.0,1.0017824157866753,1.0166702648194406,0.4,0.48332973518055944,1.3091657392061102,0.8,0.19083426079388977,1.3656091581621344,0.9,0.13439084183786565
3391,1.1,1-3m,0.6,p75,p75,p75,0.23044383887178221,3.514434589217606,0.9995973608999799,0.721224180359344,0.7849604804561532,"Measuring from the closest point of each object, what is the distance between the laptop and the shoes (in meters)?",0.3271286116963512,0.0,0.7728713883036489,0.39754359297571373,0.0,0.7024564070242864,0.44030420882766874,0.0,0.6596957911723313,0.6092196585124383,0.2,0.4907803414875618,0.7849604804561532,0.5,0.3150395195438469,1.3304438388717823,0.6,0.23044383887178221,1.3971409538756936,0.5,0.2971409538756935
3392,0.9,<1m,1.0,p75,p75,p75,0.025270800252568226,2.818689081152597,0.6314746801447708,0.4765940313860319,0.5165126006714482,"Measuring from the closest point of each object, what is the distance between the telephone and the shoes (in meters)?",0.2723861296512347,0.0,0.6276138703487653,0.34721420318011303,0.0,0.552785796819887,0.36397472033800377,0.0,0.5360252796619962,0.3981351683613999,0.0,0.5018648316386001,0.5165126006714482,0.2,0.3834873993285518,0.8747291997474318,1.0,0.025270800252568226,0.9786888833248839,0.9,0.07868888332488388
3393,3.7,>=3m,0.0,min|p05|p10|p25|median|p75|p90,p90,p90,2.228512307705582,5.388723331331905,1.1984197313288438,0.8946588351299769,0.8428416221427235,"Measuring from the closest point of each object, what is the distance between the laptop and the door (in meters)?",0.129444878397995,0.0,3.570555121602005,0.2730679609655739,0.0,3.4269320390344262,0.3099865872970172,0.0,3.390013412702983,0.39827426894741436,0.0,3.301725731052586,0.8428416221427235,0.0,2.8571583778572767,1.2929331040773913,0.0,2.407066895922609,1.4714876922944178,0.0,2.228512307705582
3394,1.8,1-3m,0.0,min|p05|p10|p25|median|p75|p90,p90,p90,1.2700482463476028,1.1826851802709981,0.08185976561297226,0.0389653055704271,0.49553119485990005,"Measuring from the closest point of each object, what is the distance between the kettle and the suitcase (in meters)?",0.41272185409788487,0.0,1.387278145902115,0.44809198803942496,0.0,1.351908011960575,0.4577444705177498,0.0,1.3422555294822502,0.4755224034599339,0.0,1.3244775965400661,0.49553119485990005,0.0,1.3044688051400999,0.514487709030361,0.0,1.285512290969639,0.5299517536523972,0.0,1.2700482463476028
3395,1.5,1-3m,1.0,median,median,median,0.040180504060020716,7.054931228516438,1.8877645268978107,1.029844393542115,1.5401805040600207,"Measuring from the closest point of each object, what is the distance between the trash can and the shoe rack (in meters)?",0.0012193457367270203,0.0,1.498780654263273,0.3117730748133279,0.0,1.1882269251866722,0.43631435945676283,0.0,1.063685640543237,0.8466562655261148,0.2,0.6533437344738852,1.5401805040600207,1.0,0.040180504060020716,1.87650065906823,0.5,0.37650065906823005,2.1995376017111385,0.1,0.6995376017111385
3396,1.8,1-3m,0.0,min|p05|p10|p25|median|p75|p90,p90,p90,0.9457965588920799,1.2725691272139215,0.18296018772328349,0.11487986431022035,0.7734300470898906,"Measuring from the closest point of each object, what is the distance between the cutting board and the suitcase (in meters)?",0.6143104682662944,0.0,1.1856895317337055,0.6712432533846366,0.0,1.1287567466153634,0.6860285186775464,0.0,1.1139714813224537,0.7149772629351087,0.0,1.0850227370648913,0.7734300470898906,0.0,1.0265699529101093,0.829857127245329,0.0,0.970142872754671,0.8542034411079201,0.0,0.9457965588920799
3397,1.3,1-3m,0.8,p90,p90,p90,0.13106875546739438,7.64213169389084,1.015972450919162,0.39803029988736016,0.4591259258690469,"Measuring from the closest point of each object, what is the distance between the microwave and the trash can (in meters)?",0.0938318071686032,0.0,1.2061681928313968,0.15295879361344367,0.0,1.1470412063865565,0.18572349352096643,0.0,1.1142765064790336,0.2827434287675057,0.0,1.0172565712324944,0.4591259258690469,0.0,0.8408740741309532,0.6807737286548659,0.1,0.6192262713451342,1.1689312445326057,0.8,0.13106875546739438
3398,1.5,1-3m,0.4,p90,p90,p90,0.4768833387560376,2.2064329944412293,0.5594195248153699,0.40276250451597717,0.7840459395398466,"Measuring from the closest point of each object, what is the distance between the kettle and the shoe rack (in meters)?",0.4257617737793742,0.0,1.0742382262206258,0.4636971364285924,0.0,1.0363028635714076,0.47971377025411127,0.0,1.0202862297458888,0.5512735927907368,0.0,0.9487264072092632,0.7840459395398466,0.1,0.7159540604601534,0.954036097306714,0.3,0.545963902693286,1.0231166612439624,0.4,0.4768833387560376
3399,1.7,1-3m,0.0,min|p05|p10|p25|median|p75|p90,p90,p90,1.0054767534204325,7.394616567583023,0.6006004258042129,0.46153051003929096,0.5475625784071426,"Measuring from the closest point of each object, what is the distance between the microwave and the cutting board (in meters)?",0.0050870806276625226,0.0,1.6949129193723373,0.0939228207753545,0.0,1.6060771792246455,0.11215413453260512,0.0,1.5878458654673948,0.15825023870842664,0.0,1.5417497612915734,0.5475625784071426,0.0,1.1524374215928574,0.6197807487477176,0.0,1.0802192512522824,0.6945232465795674,0.0,1.0054767534204325
3400,1.6,1-3m,0.4,p90,p90,p90,0.5447603224097561,2.4362430916436666,0.6220974836894282,0.36294898979340906,0.7118807520520698,"Measuring from the closest point of each object, what is the distance between the refrigerator and the suitcase (in meters)?",0.0024706866654545046,0.0,1.5975293133345456,0.4331421939008158,0.0,1.1668578060991843,0.5061781039915875,0.0,1.0938218960084125,0.5918723372210308,0.0,1.0081276627789693,0.7118807520520698,0.0,0.8881192479479303,0.9548213270144399,0.2,0.6451786729855602,1.055239677590244,0.4,0.5447603224097561
3401,1.4,1-3m,1.0,p75,p75,p75,0.032636526332952887,8.305451284235088,1.3838695156544636,0.6634584970247411,0.9954952914932615,"Measuring from the closest point of each object, what is the distance between the bed and the tv (in meters)?",0.06713892496526903,0.0,1.332861075034731,0.18942970965268172,0.0,1.2105702903473181,0.32920856777223245,0.0,1.0707914322277674,0.7691780293082117,0.1,0.6308219706917882,0.9954952914932615,0.5,0.40450470850673836,1.4326365263329528,1.0,0.032636526332952887,1.5732992253071454,0.8,0.17329922530714548
3402,1.5,1-3m,1.0,p90,p90,p90,0.0467166833983228,5.342550983030394,1.2572076663929304,0.4761668175449725,0.8593017754025416,"Measuring from the closest point of each object, what is the distance between the blanket and the tv (in meters)?",0.05824641447510248,0.0,1.4417535855248975,0.2895090170053925,0.0,1.2104909829946076,0.5942479422190191,0.0,0.9057520577809809,0.6986353405797354,0.0,0.8013646594202646,0.8593017754025416,0.2,0.6406982245974584,1.174802158124708,0.6,0.3251978418752921,1.5467166833983228,1.0,0.0467166833983228
3403,2.1,1-3m,0.8,p90,p90,p90,0.21253682725409173,3.4569618098196306,1.341474157945543,0.8401288635665095,1.042216445147268,"Measuring from the closest point of each object, what is the distance between the blanket and the toilet (in meters)?",0.46621390649631145,0.0,1.6337860935036885,0.5459890148003654,0.0,1.5540109851996347,0.5686480345428999,0.0,1.5313519654571002,0.6791928664457202,0.0,1.42080713355428,1.042216445147268,0.0,1.0577835548527321,1.5193217300122297,0.5,0.5806782699877704,1.8874631727459084,0.8,0.21253682725409173
3404,0.9,<1m,0.9,p90,p90,p90,0.08989424936233825,2.9421263562573223,0.5347587218077385,0.22286598664714619,0.4783515140493453,"Measuring from the closest point of each object, what is the distance between the table and the sofa (in meters)?",0.11503255444956163,0.0,0.7849674455504384,0.2753470288299232,0.0,0.6246529711700768,0.32254339482162075,0.0,0.5774566051783793,0.39398725675215374,0.0,0.5060127432478463,0.4783515140493453,0.1,0.42164848595065474,0.6168532433992999,0.4,0.2831467566007001,0.8101057506376618,0.9,0.08989424936233825
3405,1.4,1-3m,0.9,median,median,median,0.09104527043112198,25.70429841188463,2.790800379259727,1.6183291130755848,1.308954729568878,"Measuring from the closest point of each object, what is the distance between the laptop and the tv (in meters)?",0.0006410873264733752,0.0,1.3993589126735266,0.11296821033853534,0.0,1.2870317896614645,0.183933738518936,0.0,1.216066261481064,0.34363682114184235,0.0,1.0563631788581576,1.308954729568878,0.9,0.09104527043112198,1.9619659342174272,0.2,0.5619659342174272,2.9037685895982626,0.0,1.5037685895982627
3406,2.1,1-3m,0.1,p90,p90,p90,1.0172035284230991,7.44936218880925,0.9374422192083527,0.5754706044470517,0.8895027292354367,"Measuring from the closest point of each object, what is the distance between the microwave and the crate (in meters)?",0.052406355873401304,0.0,2.0475936441265987,0.1453542523685483,0.0,1.9546457476314518,0.20664569829455567,0.0,1.8933543017054444,0.4399808686944447,0.0,1.6600191313055555,0.8895027292354367,0.0,1.2104972707645634,1.0154514731414963,0.0,1.0845485268585038,1.082796471576901,0.1,1.0172035284230991
3407,1.4,1-3m,0.5,p90,p90,p90,0.4041318274833695,5.4833290854746695,0.8142507359205516,0.3593544455648576,0.677056928054417,"Measuring from the closest point of each object, what is the distance between the ceiling light and the bed (in meters)?",0.004418859318809578,0.0,1.3955811406811904,0.18161743659607876,0.0,1.2183825634039211,0.28364429216691084,0.0,1.116355707833089,0.47457182284223964,0.0,0.9254281771577603,0.677056928054417,0.0,0.7229430719455829,0.8339262684070973,0.2,0.5660737315929026,0.9958681725166304,0.5,0.4041318274833695
3408,1.2,1-3m,1.0,p90,p90,p90,0.012558169225933113,1.4562529864142173,0.37203280373547076,0.20758182447276152,1.0105112630991502,"Measuring from the closest point of each object, what is the distance between the heater and the keyboard (in meters)?",0.7234367440768127,0.3,0.47656325592318727,0.8154090270385961,0.4,0.3845909729614039,0.8432438772943336,0.5,0.35675612270566637,0.9048297183041555,0.6,0.29517028169584447,1.0105112630991502,0.7,0.18948873690084977,1.112411542776917,0.9,0.08758845722308295,1.1874418307740668,1.0,0.012558169225933113
3409,1.3,1-3m,0.7,p90,p90,p90,0.21809764306651425,2.8079939194157126,0.6966086604433566,0.2894506152588858,0.5389317796782056,"Measuring from the closest point of each object, what is the distance between the ceiling light and the chair (in meters)?",0.2504039829541825,0.0,1.0495960170458176,0.3852936964901292,0.0,0.9147063035098708,0.40065624491227797,0.0,0.8993437550877221,0.4395539016608614,0.0,0.8604460983391387,0.5389317796782056,0.0,0.7610682203217944,0.7290045169197472,0.2,0.5709954830802528,1.0819023569334858,0.7,0.21809764306651425
3410,2.2,1-3m,0.0,min|p05|p10|p25|median|p75|p90,p90,p90,1.2183323627983325,2.382516292788104,0.5696378684344263,0.1785111067933839,0.7341497070370484,"Measuring from the closest point of each object, what is the distance between the ceiling light and the trash can (in meters)?",0.0037383674618752766,0.0,2.196261632538125,0.41202976876724146,0.0,1.7879702312327588,0.4634003131640826,0.0,1.7365996868359175,0.6394641516742312,0.0,1.560535848325769,0.7341497070370484,0.0,1.4658502929629518,0.8179752584676151,0.0,1.3820247415323852,0.9816676372016677,0.0,1.2183323627983325
4885,0.9,<1m,0.8,median|p75,median,median,0.09495325263341592,11.476073119218352,1.0864409566699835,0.5749449096816321,0.8050467473665841,"Measuring from the closest point of each object, what is the distance between the chair and the bed (in meters)?",0.0007352538920315862,0.0,0.8992647461079685,0.10370688943330378,0.0,0.7962931105666963,0.16155832062810344,0.0,0.7384416793718966,0.42580028725302976,0.0,0.47419971274697026,0.8050467473665841,0.8,0.09495325263341592,1.000745196934662,0.8,0.10074519693466188,1.1901478461032873,0.4,0.29014784610328725
4886,1.7,1-3m,1.0,p90,p90,p90,0.039271970043769366,1.805218838482557,0.7758032021763908,0.4766742523236114,1.2412719826776177,"Measuring from the closest point of each object, what is the distance between the door and the bed (in meters)?",0.6861133443958258,0.0,1.0138866556041741,0.9634687678673786,0.2,0.7365312321326214,1.0069890101678687,0.2,0.6930109898321313,1.0901211754115634,0.3,0.6098788245884366,1.2412719826776177,0.5,0.4587280173223822,1.5667954277351748,0.9,0.13320457226482518,1.7392719700437693,1.0,0.039271970043769366
4887,3.9,>=3m,0.2,p90,p90,p90,1.744941004032805,3.270916906060825,1.4962042901279875,1.228419636988703,1.6544283456604514,"Measuring from the closest point of each object, what is the distance between the door and the window (in meters)?",0.17491848439993132,0.0,3.7250815156000687,0.6588547058392072,0.0,3.2411452941607926,0.7324713534506295,0.0,3.1675286465493704,0.8796458504505231,0.0,3.020354149549477,1.6544283456604514,0.0,2.2455716543395488,2.108065487439226,0.1,1.7919345125607737,2.155058995967195,0.2,1.744941004032805
4888,1.1,1-3m,1.0,p90,p90,p90,0.040653259254183505,1.5902733471077568,0.42338458256492195,0.21093046944858107,0.9204290812601355,"Measuring from the closest point of each object, what is the distance between the table and the bed (in meters)?",0.6209593728127324,0.2,0.4790406271872677,0.7172686766892616,0.4,0.38273132331073845,0.7568736323325764,0.4,0.34312636766742366,0.8204199570054874,0.5,0.27958004299451267,0.9204290812601355,0.7,0.17957091873986464,1.0313504264540685,0.9,0.0686495735459316,1.1406532592541836,1.0,0.040653259254183505
4889,2.5,1-3m,0.4,p90,p90,p90,0.7910784879213046,14.213276876316426,1.5886873446203613,1.270558658080947,1.1032043346650204,"Measuring from the closest point of each object, what is the distance between the table and the door (in meters)?",0.0,0.0,2.5,0.12023416745833398,0.0,2.379765832541666,0.17631183429735664,0.0,2.3236881657026434,0.3119636370801422,0.0,2.188036362919858,1.1032043346650204,0.0,1.3967956653349796,1.582522295161089,0.3,0.9174777048389109,1.7089215120786954,0.4,0.7910784879213046
4890,3.2,>=3m,0.0,min|p05|p10|p25|median|p75|p90,p90,p90,1.7550328513085791,2.991793657431746,0.9619902745670778,0.795199290103773,1.2668257263074103,"Measuring from the closest point of each object, what is the distance between the door and the backpack (in meters)?",0.42325871032965595,0.0,2.776741289670344,0.4829768741243433,0.0,2.7170231258756568,0.5031883373663587,0.0,2.6968116626336416,0.561143428257024,0.0,2.638856571742976,1.2668257263074103,0.0,1.9331742736925899,1.356342718360797,0.0,1.8436572816392032,1.444967148691421,0.0,1.7550328513085791
4891,0.9,<1m,0.8,p90,p90,p90,0.09008210248320991,3.5784059216718656,0.5835830670796694,0.3771336404963793,0.5904113424134967,"Measuring from the closest point of each object, what is the distance between the washing machine and the chair (in meters)?",0.09326682705648906,0.0,0.806733172943511,0.22633483043712063,0.0,0.6736651695628794,0.255939627693478,0.0,0.644060372306522,0.3193961434923688,0.0,0.5806038565076312,0.5904113424134967,0.4,0.30958865758650334,0.6965297839887481,0.6,0.20347021601125193,0.8099178975167901,0.8,0.09008210248320991
4892,3.0,>=3m,0.0,min|p05|p10|p25|median|p75|p90,p90,p90,1.7297205387781238,4.371741536208457,0.9797134589317295,0.6403034335883417,0.8025822314071784,"Measuring from the closest point of each object, what is the distance between the radiator and the refrigerator (in meters)?",0.020429440937671427,0.0,2.9795705590623287,0.29056600229014673,0.0,2.709433997709853,0.35765069679701217,0.0,2.642349303202988,0.5074398791044583,0.0,2.4925601208955417,0.8025822314071784,0.0,2.1974177685928216,1.1477433126928,0.0,1.8522566873072,1.2702794612218762,0.0,1.7297205387781238
4893,2.4,1-3m,0.1,p90,p90,p90,1.0953023765390102,8.57568495401629,1.152558449685727,0.5736342530896035,0.7131999259558401,"Measuring from the closest point of each object, what is the distance between the table and the refrigerator (in meters)?",0.030069564477025638,0.0,2.369930435522974,0.15213917377526265,0.0,2.2478608262247373,0.23940869237360152,0.0,2.1605913076263983,0.3898417334695804,0.0,2.0101582665304196,0.7131999259558401,0.0,1.6868000740441598,0.9634759865591839,0.0,1.436524013440816,1.3046976234609897,0.1,1.0953023765390102
4894,1.5,1-3m,1.0,p90,p90,p90,0.02179012682301229,1.897308245418546,0.6991009030102056,0.5832979145196896,0.9022194352780806,"Measuring from the closest point of each object, what is the distance between the radiator and the washing machine (in meters)?",0.6533154725177699,0.0,0.8466845274822301,0.7791089701667822,0.1,0.7208910298332178,0.7980527635713326,0.1,0.7019472364286674,0.8363081939263987,0.2,0.6636918060736013,0.9022194352780806,0.3,0.5977805647219194,1.4196061084460883,0.9,0.08039389155391174,1.4782098731769877,1.0,0.02179012682301229
4895,0.9,<1m,0.7,median,median,median,0.17428559718926218,2.3866393568734385,0.7211330060350201,0.5009381961167381,0.7257144028107378,"Measuring from the closest point of each object, what is the distance between the table and the washing machine (in meters)?",0.4381082523214037,0.0,0.4618917476785963,0.5200580832070234,0.2,0.3799419167929766,0.5551645319154099,0.3,0.3448354680845901,0.6283910482487092,0.4,0.27160895175129085,0.7257144028107378,0.7,0.17428559718926218,1.1293292443654472,0.5,0.22932924436544722,1.2411910892420435,0.3,0.34119108924204344
4896,1.2,1-3m,0.8,p75,p75,p75,0.12435388545747195,3.581064440754632,1.0596203166397016,0.42890052697406167,0.8326126828673711,"Measuring from the closest point of each object, what is the distance between the table and the door (in meters)?",0.007489856276019404,0.0,1.1925101437239805,0.4105361725606114,0.0,0.7894638274393886,0.4953320498578313,0.0,0.7046679501421687,0.6467455875684663,0.1,0.5532544124315336,0.8326126828673711,0.4,0.36738731713262884,1.075646114542528,0.8,0.12435388545747195,1.470156489200313,0.6,0.270156489200313
4897,1.9,1-3m,0.0,min|p05|p10|p25|median|p75|p90,p90,p90,1.0107434498822072,2.2385334164753736,0.49200692964174497,0.20582208956544934,0.6717853808679493,"Measuring from the closest point of each object, what is the distance between the refrigerator and the window (in meters)?",0.19302779620384614,0.0,1.7069722037961537,0.3972496204760477,0.0,1.502750379523952,0.4440159361068474,0.0,1.4559840638931525,0.5456843962018931,0.0,1.3543156037981068,0.6717853808679493,0.0,1.2282146191320507,0.7515064857673425,0.0,1.1484935142326576,0.8892565501177927,0.0,1.0107434498822072
4898,1.7,1-3m,0.0,min|p05|p10|p25|median|p75|p90,p90,p90,0.9450277598068315,3.2518286749092944,0.5228037234387526,0.28485203035982687,0.4550510720705959,"Measuring from the closest point of each object, what is the distance between the microwave and the window (in meters)?",0.16063092092272563,0.0,1.5393690790772743,0.23216851675441585,0.0,1.467831483245584,0.25509977261625477,0.0,1.4449002273837452,0.31534930482008605,0.0,1.3846506951799138,0.4550510720705959,0.0,1.244948927929404,0.6002013351799129,0.0,1.099798664820087,0.7549722401931684,0.0,0.9450277598068315
4899,1.7,1-3m,0.1,p90,p90,p90,0.8444999567483317,1.6355810281460914,0.3324443043248321,0.14620738353397067,0.7128664579843531,"Measuring from the closest point of each object, what is the distance between the microwave and the refrigerator (in meters)?",0.18262149113588344,0.0,1.5173785088641165,0.5230557389268362,0.0,1.1769442610731637,0.58365091329802,0.0,1.1163490867019799,0.6489815144931654,0.0,1.0510184855068345,0.7128664579843531,0.0,0.9871335420156468,0.7951888980271361,0.0,0.9048111019728639,0.8555000432516683,0.1,0.8444999567483317
4900,1.6,1-3m,0.1,p90,p90,p90,0.7954090987565635,2.097330737897069,0.42096475840142783,0.22751659560100723,0.5293523030268472,"Measuring from the closest point of each object, what is the distance between the oven and the window (in meters)?",0.16613388436874502,0.0,1.433866115631255,0.38362614284200874,0.0,1.2163738571579914,0.4187211496453032,0.0,1.181278850354697,0.46140381804407093,0.0,1.1385961819559292,0.5293523030268472,0.0,1.0706476969731529,0.6889204136450782,0.0,0.9110795863549219,0.8045909012434366,0.1,0.7954090987565635
4901,1.2,1-3m,0.4,p90,p90,p90,0.4197634914078331,1.6063846017621626,0.2945268549162866,0.1416329516565853,0.6421115243061264,"Measuring from the closest point of each object, what is the distance between the oven and the refrigerator (in meters)?",0.3237316427338893,0.0,0.8762683572661106,0.48570965367588026,0.0,0.7142903463241197,0.5148750749025861,0.0,0.6851249250974139,0.5705918328335828,0.0,0.6294081671664171,0.6421115243061264,0.1,0.5578884756938736,0.7122247844901681,0.2,0.4877752155098318,0.7802365085921669,0.4,0.4197634914078331
4902,2.3,1-3m,0.9,p90,p90,p90,0.16785411744485002,7.088343314872485,1.8313498025907997,1.0324514631806683,0.7359736191385198,"Measuring from the closest point of each object, what is the distance between the closet and the bed (in meters)?",0.0013954451523745526,0.0,2.2986045548476253,0.30079607996435004,0.0,1.9992039200356497,0.39788924724159674,0.0,1.9021107527584031,0.5291582081735038,0.0,1.770841791826496,0.7359736191385198,0.0,1.56402638086148,1.561609671354172,0.4,0.7383903286458278,2.13214588255515,0.9,0.16785411744485002
4903,1.4,1-3m,0.9,p75,p75,p75,0.1288505654749521,9.690371717806787,2.0343519307449123,0.7675209245177128,1.1371924656395875,"Measuring from the closest point of each object, what is the distance between the closet and the refrigerator (in meters)?",0.00853356372034501,0.0,1.391466436279655,0.2340926253564591,0.0,1.1659073746435409,0.32508898494952027,0.0,1.0749110150504797,0.7613296409572392,0.1,0.6386703590427607,1.1371924656395875,0.7,0.2628075343604124,1.528850565474952,0.9,0.1288505654749521,2.2684445561013713,0.0,0.8684445561013714
4905,0.9,<1m,1.0,p75,p75,p75,0.028930165662720553,4.031769166190522,1.1626210281179987,0.33160013057401627,0.7089751440410521,"Measuring from the closest point of each object, what is the distance between the table and the tv (in meters)?",0.19355831016050803,0.0,0.706441689839492,0.3834794024173202,0.0,0.5165205975826799,0.49328664600924776,0.1,0.40671335399075226,0.5973300350887043,0.4,0.3026699649112957,0.7089751440410521,0.6,0.19102485595894791,0.9289301656627206,1.0,0.028930165662720553,1.546100430535319,0.0,0.646100430535319
4907,2.5,1-3m,0.3,p90,p90,p90,0.9846663855522111,8.71049349875514,1.3413671664314564,0.923253882912658,1.0681823657322846,"Measuring from the closest point of each object, what is the distance between the table and the telephone (in meters)?",0.0027185320629874374,0.0,2.4972814679370128,0.17396644801633257,0.0,2.3260335519836675,0.24773220281714553,0.0,2.2522677971828546,0.39946495543219585,0.0,2.1005350445678044,1.0681823657322846,0.0,1.4318176342677154,1.3227188383448538,0.1,1.1772811616551462,1.515333614447789,0.3,0.9846663855522111
4908,0.8,<1m,0.8,p25,p25,p25,0.11671315682374284,5.75262223727264,1.9268278399070184,1.2041379591607853,1.3562976901812962,"Measuring from the closest point of each object, what is the distance between the table and the bed (in meters)?",0.3363188678854807,0.0,0.46368113211451933,0.40542415191255676,0.1,0.3945758480874433,0.45117102503703876,0.2,0.3488289749629613,0.6832868431762572,0.8,0.11671315682374284,1.3562976901812962,0.0,0.5562976901812962,1.8874248023370424,0.0,1.0874248023370423,2.332251991819575,0.0,1.5322519918195752
4909,2.0,1-3m,0.4,p90,p90,p90,0.6087182112828406,3.63090538846655,1.0081041402065374,0.6517211520813447,1.1524557397883424,"Measuring from the closest point of each object, what is the distance between the radiator and the chair (in meters)?",0.2818829910188001,0.0,1.7181170089812,0.3831776485106221,0.0,1.616822351489378,0.4343559356294613,0.0,1.5656440643705387,0.6275803871864744,0.0,1.3724196128135255,1.1524557397883424,0.2,0.8475442602116576,1.279301539267819,0.3,0.7206984607321809,1.3912817887171594,0.4,0.6087182112828406
4910,1.7,1-3m,0.5,p90,p90,p90,0.5076572482779442,1.8672628957697301,0.5537916647683658,0.4145077434718788,1.0792393626553534,"Measuring from the closest point of each object, what is the distance between the clock and the printer (in meters)?",0.5758378527941332,0.0,1.1241621472058667,0.6385510869536899,0.0,1.06144891304631,0.6650022377418812,0.0,1.0349977622581188,0.7257050392940313,0.0,0.9742949607059687,1.0792393626553534,0.3,0.6207606373446466,1.14021278276591,0.4,0.5597872172340899,1.1923427517220557,0.5,0.5076572482779442
4911,3.5,>=3m,0.5,p90,p90,p90,1.0076442935985113,1.1602824577677058,0.34429624922707847,0.17483294014895057,2.3405660271524322,"Measuring from the closest point of each object, what is the distance between the door and the window (in meters)?",1.9167831924307694,0.1,1.5832168075692306,2.1480594571744103,0.3,1.3519405428255897,2.1817982910795943,0.3,1.3182017089204057,2.2548515892915355,0.3,1.2451484107084645,2.3405660271524322,0.4,1.1594339728475678,2.429684529440486,0.4,1.070315470559514,2.4923557064014887,0.5,1.0076442935985113
4912,2.4,1-3m,0.7,p90,p90,p90,0.4360965507870129,5.860963201498775,1.6288214188888972,0.5770471834826124,0.9256816760854896,"Measuring from the closest point of each object, what is the distance between the table and the door (in meters)?",0.1506937973437012,0.0,2.2493062026562987,0.3350820303240898,0.0,2.06491796967591,0.3964430744676267,0.0,2.003556925532373,0.686006463080525,0.0,1.713993536919475,0.9256816760854896,0.0,1.4743183239145103,1.2630536465631375,0.1,1.1369463534368625,1.963903449212987,0.7,0.4360965507870129
4913,3.8,>=3m,0.3,median|p75|p90,p90,p90,1.3832324157293305,6.136220201337288,2.0229147717943547,0.6791990042914005,2.2822357177452934,"Measuring from the closest point of each object, what is the distance between the door and the window (in meters)?",0.01820959696581287,0.0,3.781790403034187,0.39385281247631476,0.0,3.4061471875236853,0.5207580098767011,0.0,3.2792419901232988,1.6799069213062803,0.0,2.1200930786937198,2.2822357177452934,0.3,1.5177642822547064,2.3591059255976807,0.3,1.440894074402319,2.4167675842706693,0.3,1.3832324157293305
4914,2.4,1-3m,0.8,p90,p90,p90,0.2429270012594582,10.524987113204666,1.9521251944782188,1.5420414948986019,0.7528800020116397,"Measuring from the closest point of each object, what is the distance between the table and the tv (in meters)?",0.003743377417896729,0.0,2.3962566225821034,0.20494780426232298,0.0,2.1950521957376767,0.2546730820539443,0.0,2.1453269179460555,0.38005581547591266,0.0,2.0199441845240873,0.7528800020116397,0.0,1.6471199979883602,1.9220973103745145,0.7,0.47790268962548543,2.1570729987405417,0.8,0.2429270012594582
4915,1.9,1-3m,0.9,p90,p90,p90,0.12000462493950881,3.7404456652552955,1.3041174892794656,0.8914849479787519,0.9079177141273993,"Measuring from the closest point of each object, what is the distance between the tv and the bed (in meters)?",0.1885259142094976,0.0,1.7114740857905022,0.4758778857810254,0.0,1.4241221142189744,0.5314089057529519,0.0,1.368591094247048,0.6641468947548792,0.0,1.2358531052451207,0.9079177141273993,0.0,0.9920822858726006,1.555631842733631,0.7,0.3443681572663688,1.779995375060491,0.9,0.12000462493950881
4916,2.2,1-3m,0.6,p75|p90,p90,p90,0.46250877118950884,1.6580732880738747,0.6895935023904043,0.5410519431351188,1.250326995488419,"Measuring from the closest point of each object, what is the distance between the lamp and the window (in meters)?",0.8880110623424603,0.0,1.31198893765754,1.047897726420087,0.0,1.1521022735799131,1.081372511422298,0.0,1.1186274885777021,1.1487458805730457,0.1,1.0512541194269545,1.250326995488419,0.2,0.9496730045115811,1.6897978237081646,0.6,0.5102021762918356,1.7374912288104913,0.6,0.46250877118950884
4917,1.0,1-3m,1.0,p75,p75,p75,0.03423350535658942,5.439468054575696,1.2976668419473243,0.4161846477072819,0.82154612294061,"Measuring from the closest point of each object, what is the distance between the chair and the bed (in meters)?",0.0010629539729648814,0.0,0.9989370460270351,0.29230232676409007,0.0,0.7076976732359099,0.4185528238378844,0.0,0.5814471761621156,0.6180488576493075,0.3,0.3819511423506925,0.82154612294061,0.7,0.17845387705938998,1.0342335053565894,1.0,0.03423350535658942,1.5899691687114144,0.0,0.5899691687114144
4918,0.9,<1m,0.8,p25|median,median,median,0.09194581224194409,6.112185660076052,1.5452375375723397,0.724954476826248,0.9919458122419441,"Measuring from the closest point of each object, what is the distance between the mirror and the chair (in meters)?",0.0,0.0,0.9,0.3022655357844245,0.0,0.5977344642155755,0.35292234127525784,0.0,0.5470776587247421,0.7773260525673994,0.8,0.12267394743260063,0.9919458122419441,0.8,0.09194581224194409,1.5022805293936474,0.0,0.6022805293936474,1.8475030733567641,0.0,0.9475030733567641
4919,1.2,1-3m,0.6,p90,p90,p90,0.29322494961259715,4.0565804194379345,0.6832431696825597,0.4552709459330849,0.5800051013865264,"Measuring from the closest point of each object, what is the distance between the mirror and the plant (in meters)?",0.05707571401957985,0.0,1.14292428598042,0.2235318807048431,0.0,0.9764681192951569,0.26738294555080455,0.0,0.9326170544491954,0.3689343093991472,0.0,0.8310656906008528,0.5800051013865264,0.0,0.6199948986134736,0.8242052553322321,0.4,0.37579474466776785,0.9067750503874028,0.6,0.29322494961259715
4920,2.8,1-3m,0.0,min|p05|p10|p25|median|p75|p90,p90,p90,1.629441459999504,3.0799035059184523,0.7904951588747207,0.540763609418737,1.0425940635708209,"Measuring from the closest point of each object, what is the distance between the clock and the pillow (in meters)?",0.14283385108989968,0.0,2.6571661489101,0.38006338112577515,0.0,2.4199366188742246,0.4621473998330652,0.0,2.3378526001669346,0.6068590527783949,0.0,2.193140947221605,1.0425940635708209,0.0,1.757405936429179,1.147622662197132,0.0,1.6523773378028679,1.1705585400004959,0.0,1.629441459999504
4921,2.4,1-3m,0.0,min|p05|p10|p25|median|p75|p90,p90,p90,1.490072677369301,1.711090730681081,0.3781452807348187,0.11511806518379541,0.833977390378239,"Measuring from the closest point of each object, what is the distance between the clock and the chair (in meters)?",0.3957342352500544,0.0,2.0042657647499453,0.5317820418958803,0.0,1.8682179581041196,0.58765477527978,0.0,1.8123452247202199,0.7599279734166255,0.0,1.6400720265833744,0.833977390378239,0.0,1.5660226096217609,0.875046038600421,0.0,1.524953961399579,0.909927322630699,0.0,1.490072677369301
4922,2.1,1-3m,0.1,p75|p90,p90,p90,0.9659403854577384,2.000003932887098,0.5670309223010448,0.3634023071487481,0.8627516317596564,"Measuring from the closest point of each object, what is the distance between the table and the clock (in meters)?",0.5058236215659763,0.0,1.5941763784340237,0.5670286922412169,0.0,1.5329713077587832,0.6095432395871738,0.0,1.4904567604128263,0.7434659934219455,0.0,1.3565340065780545,0.8627516317596564,0.0,1.2372483682403437,1.1068683005706936,0.1,0.9931316994293065,1.1340596145422617,0.1,0.9659403854577384
4923,1.4,1-3m,1.0,p75,p75,p75,0.02156319514204963,5.024652992846073,1.3432678251952916,0.3050711417745071,1.2519073832700178,"Measuring from the closest point of each object, what is the distance between the refrigerator and the bookshelf (in meters)?",0.12633785704962985,0.0,1.27366214295037,0.33375991112351444,0.0,1.0662400888764854,0.42729612948768303,0.0,0.9727038705123169,1.1164920533675424,0.6,0.2835079466324575,1.2519073832700178,0.8,0.14809261672998209,1.4215631951420495,1.0,0.02156319514204963,1.677027736318806,0.7,0.27702773631880606
4924,1.7,1-3m,0.4,p90,p90,p90,0.5138281064789745,5.911863203242917,0.9855292445384918,0.7027805525260183,0.8090164118840477,"Measuring from the closest point of each object, what is the distance between the door and the bookshelf (in meters)?",0.004734101108074626,0.0,1.6952658988919254,0.20064264898253364,0.0,1.4993573510174663,0.2735463367346811,0.0,1.4264536632653189,0.35153950340756135,0.0,1.3484604965924385,0.8090164118840477,0.0,0.8909835881159522,1.0543200559335797,0.3,0.6456799440664203,1.1861718935210255,0.4,0.5138281064789745
4925,3.1,>=3m,0.0,min|p05|p10|p25|median|p75|p90,p90,p90,1.7757249958499048,6.799725597323197,1.1295208210296155,0.943361372570402,0.7556433041955999,"Measuring from the closest point of each object, what is the distance between the nightstand and the tv (in meters)?",0.006809576332188972,0.0,3.093190423667811,0.19475418312047973,0.0,2.9052458168795203,0.22857920164507897,0.0,2.871420798354921,0.31346368354089765,0.0,2.7865363164591024,0.7556433041955999,0.0,2.3443566958044,1.2568250561112997,0.0,1.8431749438887004,1.3242750041500952,0.0,1.7757249958499048
4926,3.4,>=3m,0.0,min|p05|p10|p25|median|p75|p90,p90,p90,2.1832587748745453,27.334611663120718,1.1722283840388166,0.5530367894110495,0.724186635502927,"Measuring from the closest point of each object, what is the distance between the telephone and the towel (in meters)?",0.0005462240319269702,0.0,3.3994537759680727,0.044512841086638014,0.0,3.3554871589133617,0.07865582906771035,0.0,3.3213441709322895,0.4850722785481541,0.0,2.914927721451846,0.724186635502927,0.0,2.675813364497073,1.0381090679592035,0.0,2.3618909320407964,1.2167412251254546,0.0,2.1832587748745453
4927,3.3,>=3m,0.0,min|p05|p10|p25|median|p75|p90,p90,p90,1.8274685524387824,2.293063663356527,0.8303637349536381,0.39386167279277595,1.2098725308268,"Measuring from the closest point of each object, what is the distance between the towel and the sofa (in meters)?",0.4865411376704671,0.0,2.813458862329533,0.6421677126075793,0.0,2.6578322873924205,0.7045665492209092,0.0,2.5954334507790904,1.0194354378390003,0.0,2.2805645621609996,1.2098725308268,0.0,2.0901274691731997,1.4132971106317762,0.0,1.8867028893682236,1.4725314475612175,0.0,1.8274685524387824
4928,2.1,1-3m,0.6,p90,p90,p90,0.49248134391622367,2.602951261292144,0.9899432600366833,0.591139516876364,0.951653299653187,"Measuring from the closest point of each object, what is the distance between the tv and the sofa (in meters)?",0.5262091993871589,0.0,1.5737908006128412,0.6175753960470931,0.0,1.482424603952907,0.6616144065641837,0.0,1.4383855934358163,0.8165685984215838,0.0,1.2834314015784163,0.951653299653187,0.0,1.148346700346813,1.4077081152979478,0.4,0.6922918847020523,1.6075186560837764,0.6,0.49248134391622367
4929,3.3,>=3m,0.0,min|p05|p10|p25|median|p75|p90,p90,p90,1.6510535245812719,4.520292928077538,1.2841589491112197,0.5825074955402199,1.0194598386770286,"Measuring from the closest point of each object, what is the distance between the tv and the chair (in meters)?",0.148087038078347,0.0,3.151912961921653,0.36478752630750816,0.0,2.935212473692492,0.9155282236386492,0.0,2.3844717763613508,0.9614162146948457,0.0,2.338583785305154,1.0194598386770286,0.0,2.280540161322971,1.5439237102350656,0.0,1.7560762897649342,1.648946475418728,0.0,1.6510535245812719
4930,2.7,1-3m,0.6,p90,p90,p90,0.6506750721122732,4.29371710151377,1.5720403561665888,0.37010035682802056,1.7385019759138443,"Measuring from the closest point of each object, what is the distance between the closet and the window (in meters)?",0.14257308018841272,0.0,2.5574269198115873,0.4772845717211383,0.0,2.2227154282788617,0.6133624890412394,0.0,2.0866375109587607,1.5430886984979155,0.2,1.1569113015020847,1.7385019759138443,0.3,0.9614980240861559,1.913189055325936,0.5,0.7868109446740641,2.049324927887727,0.6,0.6506750721122732
4931,1.7,1-3m,1.0,p75,p75,p75,0.0762982310051068,4.48411777229355,1.5629214791705985,0.8322622787672405,1.1559544134439161,"Measuring from the closest point of each object, what is the distance between the fan and the lamp (in meters)?",0.36955526697401964,0.0,1.3304447330259803,0.4485845718532491,0.0,1.2514154281467509,0.5094155254877898,0.0,1.1905844745122103,0.7914394902276527,0.0,0.9085605097723473,1.1559544134439161,0.4,0.5440455865560838,1.6237017689948932,1.0,0.0762982310051068,2.0115060510238476,0.7,0.31150605102384765
4932,1.0,1-3m,0.8,median,median,median,0.1281095165855204,4.149818716575692,1.6495821727499562,0.7364234722324932,1.1281095165855204,"Measuring from the closest point of each object, what is the distance between the fan and the closet (in meters)?",0.25501325163441224,0.0,0.7449867483655878,0.5237070197307387,0.1,0.47629298026926126,0.588671531029306,0.2,0.411328468970694,0.8182453676750858,0.7,0.18175463232491418,1.1281095165855204,0.8,0.1281095165855204,1.554668839907579,0.0,0.554668839907579,2.173289192480695,0.0,1.173289192480695
4933,1.8,1-3m,1.0,p75,p75,p75,0.06487066354033355,10.22604798032393,1.7255801351364997,1.2844242465842257,1.2891282860851256,"Measuring from the closest point of each object, what is the distance between the closet and the bookshelf (in meters)?",0.0015229790124796196,0.0,1.7984770209875205,0.18703350977759753,0.0,1.6129664902224026,0.2798023424007368,0.0,1.5201976575992633,0.4507050898754408,0.0,1.3492949101245593,1.2891282860851256,0.5,0.5108717139148744,1.7351293364596665,1.0,0.06487066354033355,1.9126136449140971,0.9,0.11261364491409709
4934,3.2,>=3m,0.4,p75|p90,p90,p90,1.0151159815083588,1.2725766109535077,0.46798619113446094,0.20691227370703924,2.0119161781352375,"Measuring from the closest point of each object, what is the distance between the refrigerator and the sofa (in meters)?",1.5600586879962777,0.0,1.6399413120037225,1.7168978273571804,0.1,1.4831021726428197,1.7922499534915344,0.2,1.4077500465084658,1.9023496313003445,0.2,1.2976503686996557,2.0119161781352375,0.3,1.1880838218647627,2.1092619050073838,0.4,1.0907380949926164,2.1848840184916414,0.4,1.0151159815083588
4935,1.2,1-3m,0.6,p90,p90,p90,0.2762159335808908,2.024239751774622,0.4674230718238588,0.2405388677335829,0.6863055024240403,"Measuring from the closest point of each object, what is the distance between the lamp and the bed (in meters)?",0.010187040020101608,0.0,1.1898129599798983,0.45636099459525037,0.0,0.7436390054047496,0.5008009078179945,0.0,0.6991990921820055,0.5768941031977237,0.0,0.6231058968022762,0.6863055024240403,0.2,0.5136944975759596,0.8174329709313066,0.4,0.38256702906869333,0.9237840664191092,0.6,0.2762159335808908
4936,4.3,>=3m,0.3,p90,p90,p90,1.648047411136592,19.474458256129495,2.5157766524658594,2.2195351535326595,1.29070357567957,"Measuring from the closest point of each object, what is the distance between the door and the window (in meters)?",0.0,0.0,4.3,0.13617593639754874,0.0,4.163824063602451,0.19264280447285306,0.0,4.107357195527147,0.34596415102946276,0.0,3.954035848970537,1.29070357567957,0.0,3.00929642432043,2.565499304562122,0.2,1.7345006954378777,2.651952588863408,0.3,1.648047411136592
4939,1.6,1-3m,0.3,p90,p90,p90,0.6212194106538624,4.346225148831653,0.753578130700098,0.40174089319102496,0.4982593942891412,"Measuring from the closest point of each object, what is the distance between the door and the chair (in meters)?",0.015370603216703886,0.0,1.5846293967832963,0.22520245864603958,0.0,1.3747975413539606,0.2601434910336456,0.0,1.3398565089663546,0.3491041854591164,0.0,1.2508958145408837,0.4982593942891412,0.0,1.101740605710859,0.7508450786501414,0.0,0.8491549213498587,0.9787805893461377,0.3,0.6212194106538624
4940,1.2,1-3m,0.9,p75,p75,p75,0.1135950108681123,7.305567886995551,1.4035124961352854,0.5744086568988972,0.9679096190055811,"Measuring from the closest point of each object, what is the distance between the table and the door (in meters)?",0.0014304469595861288,0.0,1.198569553040414,0.222583044269471,0.0,0.977416955730529,0.33722430988556384,0.0,0.8627756901144361,0.7391863539692151,0.3,0.4608136460307849,0.9679096190055811,0.7,0.2320903809944188,1.3135950108681123,0.9,0.1135950108681123,1.6260955404047563,0.3,0.4260955404047564
4942,1.9,1-3m,1.0,p90,p90,p90,0.04146209431967174,3.12828131717442,1.2644296023519597,0.7665340807453149,1.127998121636838,"Measuring from the closest point of each object, what is the distance between the door and the window (in meters)?",0.004045641114955822,0.0,1.895954358885044,0.5941083033283684,0.0,1.3058916966716314,0.726454970625297,0.0,1.173545029374703,0.8834205111754092,0.0,1.0165794888245907,1.127998121636838,0.2,0.7720018783631619,1.6499545919207241,0.8,0.2500454080792758,1.8585379056803282,1.0,0.04146209431967174
4943,1.0,1-3m,1.0,p90,p90,p90,0.026174437487930136,1.4393130367156213,0.29723503795582085,0.14342346471384426,0.828084738732503,"Measuring from the closest point of each object, what is the distance between the trash bin and the towel (in meters)?",0.5728400399439502,0.2,0.42715996005604984,0.676590524556249,0.4,0.323409475443751,0.7065290092514042,0.5,0.29347099074859584,0.7603128932569712,0.6,0.23968710674302884,0.828084738732503,0.7,0.171915261267497,0.9037363579708154,0.9,0.09626364202918458,0.9738255625120699,1.0,0.026174437487930136
4944,2.8,1-3m,0.4,p75|p90,p90,p90,0.8719809419969602,3.5747310677695947,1.3886724550134053,1.13258103795989,1.2294819953896787,"Measuring from the closest point of each object, what is the distance between the door and the lamp (in meters)?",0.4058208567584558,0.0,2.3941791432415442,0.5393466029896344,0.0,2.2606533970103655,0.5908352735284231,0.0,2.2091647264715766,0.7014264735065905,0.0,2.0985735264934093,1.2294819953896787,0.0,1.570518004610321,1.8340075114664804,0.4,0.9659924885335194,1.9280190580030396,0.4,0.8719809419969602
4945,3.7,>=3m,0.4,p90,p90,p90,1.2888584308977253,1.1274839151190972,0.27262629915486825,0.11213122232927297,2.3047230735457216,"Measuring from the closest point of each object, what is the distance between the trash bin and the door (in meters)?",2.033779703713363,0.1,1.666220296286637,2.1385152699474066,0.2,1.5614847300525936,2.1716699255647285,0.2,1.5283300744352717,2.246159292860626,0.3,1.4538407071393742,2.3047230735457216,0.3,1.3952769264542786,2.358290515189899,0.3,1.3417094848101012,2.411141569102275,0.4,1.2888584308977253
4946,1.2,1-3m,0.9,p90,p90,p90,0.08387949857772292,1.454355435325197,0.34868740060486236,0.13065053361205414,0.9796659187933865,"Measuring from the closest point of each object, what is the distance between the monitor and the bed (in meters)?",0.4319454619970318,0.0,0.7680545380029682,0.7674331008174147,0.3,0.4325668991825853,0.8639787068755665,0.5,0.3360212931244334,0.9152976965461771,0.6,0.28470230345382286,0.9796659187933865,0.7,0.22033408120661346,1.0459482301582312,0.8,0.15405176984176872,1.116120501422277,0.9,0.08387949857772292
4947,1.6,1-3m,0.9,p90,p90,p90,0.1280451358094299,6.6606986404958155,1.250963802496027,0.826088792445903,0.8543917910417202,"Measuring from the closest point of each object, what is the distance between the door and the bookshelf (in meters)?",0.006075778730624486,0.0,1.5939242212693756,0.2209910616945431,0.0,1.379008938305457,0.3114355555687636,0.0,1.2885644444312365,0.4714940812171722,0.0,1.128505918782828,0.8543917910417202,0.1,0.7456082089582798,1.2975828736630752,0.7,0.30241712633692486,1.4719548641905702,0.9,0.1280451358094299
4948,3.0,>=3m,0.1,p90,p90,p90,1.4585203919546128,10.737813999539728,1.397923423508063,0.9430290699978103,0.9117833225078936,"Measuring from the closest point of each object, what is the distance between the sofa and the mattress (in meters)?",0.0,0.0,3.0,0.14355618453732408,0.0,2.856443815462676,0.22382797499334095,0.0,2.776172025006659,0.419122619825689,0.0,2.580877380174311,0.9117833225078936,0.0,2.0882166774921065,1.3621516898234993,0.0,1.6378483101765007,1.5414796080453872,0.1,1.4585203919546128
4949,1.1,1-3m,1.0,median,median,median,0.01944959730181517,2.7055223180234607,0.9626608728868704,0.5428248889911864,1.080550402698185,"Measuring from the closest point of each object, what is the distance between the table and the radiator (in meters)?",0.017628027490404433,0.0,1.0823719725095957,0.5644375700709114,0.1,0.5355624299290886,0.6307201050658401,0.2,0.46927989493416,0.7782641894231388,0.5,0.3217358105768613,1.080550402698185,1.0,0.01944959730181517,1.3210890784143252,0.6,0.22108907841432512,1.5270984429577819,0.3,0.42709844295778177
4950,1.4,1-3m,0.9,median,median,median,0.1002587503006156,2.4232332425264276,1.1065436559578876,0.5549079303583966,1.2997412496993843,"Measuring from the closest point of each object, what is the distance between the table and the door (in meters)?",0.027718144645381422,0.0,1.3722818553546186,0.777485813915944,0.2,0.622514186084056,0.8935956778575168,0.3,0.5064043221424831,1.0976099402721138,0.6,0.30239005972788613,1.2997412496993843,0.9,0.1002587503006156,1.6525178706305104,0.7,0.25251787063051045,1.8840294698738316,0.4,0.48402946987383166
4953,2.5,1-3m,0.7,p90,p90,p90,0.48665397633169416,2.970301316205445,1.3355205072185634,0.8572926876754274,1.5022927523705878,"Measuring from the closest point of each object, what is the distance between the closet and the lamp (in meters)?",0.20440292725346665,0.0,2.295597072746533,0.6778255164497425,0.0,1.8221744835502576,0.7412659434887167,0.0,1.7587340565112832,0.9726778018394622,0.0,1.5273221981605378,1.5022927523705878,0.3,0.9977072476294122,1.8299704895148896,0.5,0.6700295104851104,2.013346023668306,0.7,0.48665397633169416
4954,3.5,>=3m,0.9,p90,p90,p90,0.2546617878966031,15.57898822577743,3.037023129951042,1.1944467570113013,1.5719613096232976,"Measuring from the closest point of each object, what is the distance between the closet and the tv (in meters)?",0.005026991097474758,0.0,3.4949730089025253,0.20831508215235503,0.0,3.291684917847645,0.34163010204556493,0.0,3.1583698979544352,1.0483502480240787,0.0,2.4516497519759213,1.5719613096232976,0.0,1.9280386903767024,2.24279700503538,0.3,1.25720299496462,3.245338212103397,0.9,0.2546617878966031
4955,1.3,1-3m,1.0,median,median,median,0.011312405866010788,6.595468212699943,2.1041474994817753,1.157257690276988,1.3113124058660108,"Measuring from the closest point of each object, what is the distance between the mirror and the closet (in meters)?",0.08152310002854009,0.0,1.21847689997146,0.37604493842106473,0.0,0.9239550615789354,0.578044552994778,0.0,0.7219554470052221,0.8726818204015961,0.4,0.4273181795984039,1.3113124058660108,1.0,0.011312405866010788,2.029939510678584,0.0,0.729939510678584,2.48019243790284,0.0,1.18019243790284
4956,1.0,1-3m,0.9,median,median,median,0.07300941425307528,4.656769665702915,1.2196676201342118,0.6183466581343893,0.9269905857469247,"Measuring from the closest point of each object, what is the distance between the table and the bed (in meters)?",0.0624253705873208,0.0,0.9375746294126792,0.3335369004981515,0.0,0.6664630995018486,0.46393689342512273,0.0,0.5360631065748773,0.6507465410710969,0.4,0.34925345892890314,0.9269905857469247,0.9,0.07300941425307528,1.2690931992054861,0.5,0.26909319920548613,1.5532045206323633,0.0,0.5532045206323633
4957,2.1,1-3m,0.0,min|p05|p10|p25|median|p75|p90,p90,p90,1.08203648531528,1.9092299731014557,0.484783369271915,0.29279697779914204,0.7149046576834004,"Measuring from the closest point of each object, what is the distance between the closet and the chair (in meters)?",0.3891497647254137,0.0,1.7108502352745865,0.5331801454128051,0.0,1.566819854587195,0.5669635090678521,0.0,1.5330364909321479,0.628944820949999,0.0,1.471055179050001,0.7149046576834004,0.0,1.3850953423165997,0.9217417987491411,0.0,1.1782582012508591,1.0179635146847201,0.0,1.08203648531528
4958,1.4,1-3m,1.0,p90,p90,p90,0.02863652693234897,5.325781125909476,1.1603873268324514,0.8725775191550252,0.8866028140535054,"Measuring from the closest point of each object, what is the distance between the chair and the bed (in meters)?",0.07021049254338085,0.0,1.329789507456619,0.2682492000998976,0.0,1.1317507999001024,0.31193494966861945,0.0,1.0880650503313805,0.42647343179177144,0.0,0.9735265682082285,0.8866028140535054,0.3,0.5133971859464945,1.2990509509467967,0.9,0.10094904905320323,1.4286365269323489,1.0,0.02863652693234897
4959,2.1,1-3m,0.8,p90,p90,p90,0.2868355315677471,4.713497105721375,1.4284894749478223,1.0396941218064888,0.6292051694772804,"Measuring from the closest point of each object, what is the distance between the closet and the bed (in meters)?",0.2562575212989679,0.0,1.8437424787010321,0.38467499348443074,0.0,1.7153250065155694,0.4167368978588757,0.0,1.6832631021411244,0.4821847742422193,0.0,1.6178152257577807,0.6292051694772804,0.0,1.4707948305227196,1.5218788960487082,0.5,0.5781211039512919,1.813164468432253,0.8,0.2868355315677471
4960,1.4,1-3m,0.7,p90,p90,p90,0.26096261845101476,1.2259434140949879,0.20992648747901554,0.0916595312284354,1.060596253099971,"Measuring from the closest point of each object, what is the distance between the radiator and the keyboard (in meters)?",0.776154919258382,0.2,0.6238450807416179,0.9291108940699696,0.4,0.4708891059300303,0.961427222421695,0.4,0.43857277757830493,1.0124715167514955,0.5,0.3875284832485044,1.060596253099971,0.6,0.33940374690002884,1.104131047979931,0.6,0.295868952020069,1.1390373815489852,0.7,0.26096261845101476
4961,1.8,1-3m,0.9,p90,p90,p90,0.11866844733757298,6.055948285267885,1.4036984763112716,0.8524810446337763,1.2132780400188299,"Measuring from the closest point of each object, what is the distance between the table and the door (in meters)?",0.09974911799842645,0.0,1.7002508820015736,0.27763307635115536,0.0,1.5223669236488446,0.33202366854021936,0.0,1.4679763314597807,0.7206185903764601,0.0,1.07938140962354,1.2132780400188299,0.4,0.5867219599811702,1.5730996350102364,0.8,0.22690036498976363,1.681331552662427,0.9,0.11866844733757298
4962,4.9,>=3m,0.0,min|p05|p10|p25|median|p75|p90,p90,p90,2.8898829880192136,1.4257807476502466,0.6002810219146046,0.37452443232575794,1.8969301485201475,"Measuring from the closest point of each object, what is the distance between the door and the window (in meters)?",1.2726081235452837,0.0,3.6273918764547166,1.409835990066182,0.0,3.4901640099338183,1.4597508643788466,0.0,3.440249135621154,1.5816024759978617,0.0,3.3183975240021386,1.8969301485201475,0.0,3.003069851479853,1.9561269083236197,0.0,2.9438730916763807,2.0101170119807867,0.0,2.8898829880192136
4965,2.7,1-3m,0.4,p90,p90,p90,0.8340522939324049,4.860025070433475,1.482009829405332,0.9428392483967619,1.4110298404265758,"Measuring from the closest point of each object, what is the distance between the table and the door (in meters)?",0.0,0.0,2.7,0.3839378766622633,0.0,2.316062123337737,0.5089033801456453,0.0,2.191096619854355,0.7651176740545517,0.0,1.9348823259454484,1.4110298404265758,0.1,1.2889701595734244,1.7079569224513136,0.3,0.9920430775486866,1.8659477060675953,0.4,0.8340522939324049
4966,1.7,1-3m,0.1,p90,p90,p90,0.8239240058091006,2.8121851913791756,0.5645474373673542,0.3404654114785678,0.4044084140503452,"Measuring from the closest point of each object, what is the distance between the door and the mirror (in meters)?",0.011725469471917991,0.0,1.688274530528082,0.311528556823545,0.0,1.3884714431764549,0.32394246975489294,0.0,1.376057530245107,0.34907350606138643,0.0,1.3509264939386134,0.4044084140503452,0.0,1.2955915859496547,0.6895389175399542,0.0,1.0104610824600457,0.8760759941908993,0.1,0.8239240058091006
4967,2.0,1-3m,0.9,p75,p75,p75,0.13860833036004827,6.639793464199804,2.2081516295809083,1.197498222845591,1.7052121602543222,"Measuring from the closest point of each object, what is the distance between the door and the mirror (in meters)?",0.0,0.0,2.0,0.3915305841601789,0.0,1.6084694158398212,0.5552079692188912,0.0,1.4447920307811088,0.9411101075144572,0.0,1.0588898924855428,1.7052121602543222,0.8,0.2947878397456778,2.1386083303600483,0.9,0.13860833036004827,2.599682213741087,0.5,0.5996822137410871
4968,1.4,1-3m,0.3,p90,p90,p90,0.5250160537454633,1.9976039721005512,0.4369672229825759,0.1856844542412115,0.6736168041247367,"Measuring from the closest point of each object, what is the distance between the table and the door (in meters)?",0.1875654476272364,0.0,1.2124345523727635,0.4380167232719607,0.0,0.9619832767280392,0.5037531222304849,0.0,0.8962468777695151,0.586026353905148,0.0,0.8139736460948519,0.6736168041247367,0.0,0.7263831958752632,0.7717108081463595,0.2,0.6282891918536404,0.8749839462545366,0.3,0.5250160537454633
4969,3.6,>=3m,0.1,p90,p90,p90,1.627368400825075,8.667914546271348,1.7450530289612296,1.2875023341866692,1.166802063770992,"Measuring from the closest point of each object, what is the distance between the door and the backpack (in meters)?",0.11101193506044531,0.0,3.4889880649395546,0.22757857021369535,0.0,3.372421429786305,0.2597689801325034,0.0,3.3402310198674967,0.5087683617591281,0.0,3.091231638240872,1.166802063770992,0.0,2.433197936229008,1.7962706959457972,0.0,1.8037293040542028,1.972631599174925,0.1,1.627368400825075
4971,1.0,1-3m,0.7,p25,p25,p25,0.17117673367842212,3.4021360443452555,1.3979877750396934,0.9723012241459857,1.373558770575128,"Measuring from the closest point of each object, what is the distance between the table and the window (in meters)?",0.13314991825698985,0.0,0.8668500817430101,0.5819769360401649,0.2,0.41802306395983513,0.6666971994496264,0.4,0.33330280055037365,0.8288232663215779,0.7,0.17117673367842212,1.373558770575128,0.3,0.373558770575128,1.8011244904675636,0.0,0.8011244904675636,1.9799647110798584,0.0,0.9799647110798584
4972,1.0,1-3m,1.0,p75,p75,p75,0.03325755373075401,1.850063159091014,0.5712968302759813,0.2572466994189311,0.879846277499341,"Measuring from the closest point of each object, what is the distance between the table and the door (in meters)?",0.25892102703720066,0.0,0.7410789729627993,0.6720639803833848,0.4,0.3279360196166152,0.7083063846479128,0.5,0.29169361535208715,0.7760108543118229,0.6,0.22398914568817707,0.879846277499341,0.8,0.12015372250065903,1.033257553730754,1.0,0.03325755373075401,1.243360810659366,0.6,0.2433608106593661
4973,1.2,1-3m,1.0,p75,p75,p75,0.01427348965757358,3.268523789663413,0.978427388963405,0.5985777948110251,0.9051620496492241,"Measuring from the closest point of each object, what is the distance between the table and the door (in meters)?",0.02223024415219155,0.0,1.1777697558478084,0.43130576519480845,0.0,0.7686942348051915,0.4876132576828371,0.0,0.7123867423171628,0.6156956948465484,0.1,0.5843043051534516,0.9051620496492241,0.6,0.29483795035077587,1.2142734896575735,1.0,0.01427348965757358,1.4097331541582134,0.7,0.20973315415821348
4974,1.5,1-3m,0.5,p75|p90,p90,p90,0.3787716640417158,1.439824803557366,0.3425028040824112,0.15752319691420624,0.9917078103655936,"Measuring from the closest point of each object, what is the distance between the tv and the sofa (in meters)?",0.6171634343665682,0.0,0.8828365656334318,0.778725531875873,0.1,0.721274468124127,0.8235360963390788,0.1,0.6764639036609212,0.8964787065146552,0.2,0.6035212934853448,0.9917078103655936,0.4,0.5082921896344064,1.0540019034288615,0.5,0.44599809657113854,1.1212283359582842,0.5,0.3787716640417158
4975,2.5,1-3m,0.8,p75|p90,p90,p90,0.3155777843984824,3.697152978884342,1.5935832029673442,1.395954292746169,1.350523390375736,"Measuring from the closest point of each object, what is the distance between the door and the window (in meters)?",0.4141458657425911,0.0,2.085854134257409,0.5908390126341734,0.0,1.9091609873658266,0.6584339958849192,0.0,1.8415660041150808,0.7570945012877937,0.0,1.7429054987122063,1.350523390375736,0.1,1.149476609624264,2.1530487940339627,0.8,0.34695120596603735,2.1844222156015176,0.8,0.3155777843984824
4976,1.3,1-3m,0.8,p25|median,median,median,0.1359835554519131,3.230811874826813,1.5565522878661637,1.0023174707354559,1.4359835554519131,"Measuring from the closest point of each object, what is the distance between the door and the mirror (in meters)?",0.17986819869718954,0.0,1.1201318013028105,0.6977514802708343,0.1,0.6022485197291657,0.8370359334106017,0.3,0.46296406658939837,1.1249288408614138,0.8,0.17507115913858629,1.4359835554519131,0.8,0.1359835554519131,2.1272463115968696,0.0,0.8272463115968696,2.254303768136998,0.0,0.9543037681369981
4982,1.7,1-3m,0.4,p90,p90,p90,0.5561267532543543,1.3065184114171828,0.26836071148417595,0.13898155489852437,1.02427810457636,"Measuring from the closest point of each object, what is the distance between the tv and the sofa (in meters)?",0.8128163040358887,0.0,0.8871836959641113,0.8755125352614697,0.1,0.8244874647385303,0.8962246151286111,0.1,0.8037753848713889,0.9568214277112518,0.2,0.7431785722887482,1.02427810457636,0.3,0.6757218954236399,1.0958029826097762,0.3,0.6041970173902238,1.1438732467456456,0.4,0.5561267532543543
4984,1.1,1-3m,0.8,median|p75,p75,p75,0.13793073433331848,2.589345785906033,0.91976607317256,0.47847645472031664,0.9492241139135555,"Measuring from the closest point of each object, what is the distance between the table and the window (in meters)?",0.1416798469402035,0.0,0.9583201530597966,0.5787073406736546,0.1,0.5212926593263455,0.6359859727811579,0.2,0.4640140272188422,0.7594542796130019,0.4,0.34054572038699815,0.9492241139135555,0.8,0.15077588608644454,1.2379307343333186,0.8,0.13793073433331848,1.4984734138462146,0.3,0.3984734138462145
4985,1.2,1-3m,1.0,p75,p75,p75,0.04971029814258654,2.249653302021417,0.7867773846734157,0.39453541166176875,0.9156423339143401,"Measuring from the closest point of each object, what is the distance between the table and the door (in meters)?",0.49587118119753254,0.0,0.7041288188024675,0.6295965316145994,0.1,0.5704034683854006,0.665735270310329,0.2,0.534264729689671,0.7557542901956447,0.3,0.4442457098043553,0.9156423339143401,0.6,0.2843576660856598,1.1502897018574134,1.0,0.04971029814258654,1.4163739162880151,0.7,0.21637391628801517
4986,1.6,1-3m,0.5,p90,p90,p90,0.4046002527785435,1.8964171288738814,0.565053327638492,0.17304879231613346,0.959132483907843,"Measuring from the closest point of each object, what is the distance between the lamp and the chair (in meters)?",0.4565707018341992,0.0,1.143429298165801,0.6303464195829646,0.0,0.9696535804170355,0.7022691389245973,0.0,0.8977308610754028,0.8936090385916349,0.2,0.7063909614083652,0.959132483907843,0.2,0.6408675160921571,1.0666578309077683,0.4,0.5333421690922318,1.1953997472214566,0.5,0.4046002527785435
4987,2.1,1-3m,1.0,p90,p90,p90,0.07087815374403839,2.524598662670711,1.2253814829819816,0.7517551266765343,1.5696296065756559,"Measuring from the closest point of each object, what is the distance between the lamp and the window (in meters)?",0.33497192586076946,0.0,1.7650280741392306,0.8037403632739802,0.0,1.29625963672602,0.9282875231332356,0.0,1.1717124768667646,1.1418965142116007,0.1,0.9581034857883994,1.5696296065756559,0.5,0.5303703934243442,1.893651640888135,0.9,0.2063483591118651,2.0291218462559617,1.0,0.07087815374403839
4989,1.7,1-3m,0.8,p90,p90,p90,0.1740993633834491,5.57380594653334,1.252137852039238,0.7529259026560458,1.2008930535479316,"Measuring from the closest point of each object, what is the distance between the bookshelf and the chair (in meters)?",0.015556418483438694,0.0,1.6844435815165613,0.2737627845773126,0.0,1.4262372154226872,0.33047527127647486,0.0,1.369524728723525,0.6661345038158557,0.0,1.0338654961841443,1.2008930535479316,0.5,0.4991069464520683,1.4190604064719015,0.7,0.2809395935280985,1.5259006366165508,0.8,0.1740993633834491
4990,4.6,>=3m,0.0,min|p05|p10|p25|median|p75|p90,p90,p90,2.3539040813600622,5.524751587977467,1.8395444415513176,1.5671239269518353,1.9833345168873207,"Measuring from the closest point of each object, what is the distance between the door and the window (in meters)?",0.20211640021305224,0.0,4.397883599786947,0.4065514770886199,0.0,4.19344852291138,0.4779712680644191,0.0,4.122028731935581,0.6452570311120587,0.0,3.954742968887941,1.9833345168873207,0.0,2.616665483112679,2.212380958063894,0.0,2.3876190419361056,2.2460959186399374,0.0,2.3539040813600622
4991,0.9,<1m,0.7,p75,p75,p75,0.1644679481677278,5.153124365418014,1.1624994637198651,0.1758334442046613,0.603782573822158,"Measuring from the closest point of each object, what is the distance between the computer mouse and the window (in meters)?",0.10256793488158501,0.0,0.797432065118415,0.27990962018852494,0.0,0.6200903798114751,0.3322710660074606,0.0,0.5677289339925394,0.5596986076276109,0.3,0.3403013923723891,0.603782573822158,0.4,0.29621742617784197,0.7355320518322722,0.7,0.1644679481677278,1.44240908390839,0.0,0.54240908390839
4992,1.6,1-3m,0.1,p90,p90,p90,0.7870645998576623,2.1908219980870145,0.4418712968732552,0.34153891243577544,0.4641541861590986,"Measuring from the closest point of each object, what is the distance between the computer mouse and the backpack (in meters)?",0.32602993685047194,0.0,1.273970063149528,0.37106410326908257,0.0,1.2289358967309174,0.3829875099497038,0.0,1.2170124900502963,0.41048863288810994,0.0,1.1895113671118902,0.4641541861590986,0.0,1.1358458138409016,0.7520275453238854,0.0,0.8479724546761147,0.8129354001423378,0.1,0.7870645998576623
4993,3.9,>=3m,0.0,min|p05|p10|p25|median|p75|p90,p90,p90,2.066475726601749,8.584377238059652,1.6199357715708678,0.8012557655719591,1.073918800868364,"Measuring from the closest point of each object, what is the distance between the door and the backpack (in meters)?",0.02913798049966651,0.0,3.8708620195003336,0.21358850182738323,0.0,3.6864114981726166,0.33584943581861015,0.0,3.5641505641813898,0.9317575567972242,0.0,2.968242443202776,1.073918800868364,0.0,2.826081199131636,1.7330133223691833,0.0,2.166986677630817,1.833524273398251,0.0,2.066475726601749
4994,1.1,1-3m,1.0,p90,p90,p90,0.016845494149546614,3.3088383918621576,0.7793114831515042,0.5998254210800735,0.5647616339501912,"Measuring from the closest point of each object, what is the distance between the telephone and the backpack (in meters)?",0.2623734174258154,0.0,0.8376265825741847,0.3375340109980425,0.0,0.7624659890019576,0.35778950409740656,0.0,0.7422104959025935,0.4042341288459625,0.0,0.6957658711540375,0.5647616339501912,0.1,0.5352383660498089,1.004059549926036,0.9,0.09594045007396401,1.1168454941495467,1.0,0.016845494149546614
4995,2.6,1-3m,0.3,p90,p90,p90,0.9928228206478154,4.723281879213762,1.2669101318941332,0.6910898584337135,0.9109185679830447,"Measuring from the closest point of each object, what is the distance between the table and the door (in meters)?",0.1777343322462332,0.0,2.422265667753767,0.3402670474580517,0.0,2.2597329525419485,0.42363125512738625,0.0,2.176368744872614,0.7494538394727415,0.0,1.8505461605272586,0.9109185679830447,0.0,1.6890814320169554,1.440543697906455,0.2,1.159456302093545,1.6071771793521847,0.3,0.9928228206478154
4996,2.5,1-3m,0.0,min|p05|p10|p25|median|p75|p90,p90,p90,1.336981393279884,1.2285870678051285,0.21638760498098042,0.09888275041541628,1.0221671037054543,"Measuring from the closest point of each object, what is the distance between the fan and the sofa (in meters)?",0.3611762817155305,0.0,2.1388237182844696,0.9466310017391356,0.0,1.5533689982608645,0.9608042472033136,0.0,1.5391957527966864,0.9858792608766566,0.0,1.5141207391233436,1.0221671037054543,0.0,1.4778328962945457,1.0847620112920728,0.0,1.4152379887079272,1.163018606720116,0.0,1.336981393279884
4997,3.4,>=3m,0.0,min|p05|p10|p25|median|p75|p90,p90,p90,1.7161023937384297,8.00112825968109,1.4734400868205948,1.2267170987268141,1.298504981175848,"Measuring from the closest point of each object, what is the distance between the backpack and the printer (in meters)?",0.1463223366343085,0.0,3.2536776633656914,0.21045751944097535,0.0,3.1895424805590245,0.2321583868009691,0.0,3.167841613199031,0.38404335742113255,0.0,3.0159566425788675,1.298504981175848,0.0,2.101495018824152,1.6107604561479467,0.0,1.7892395438520532,1.6838976062615703,0.0,1.7161023937384297
4998,3.4,>=3m,0.0,min|p05|p10|p25|median|p75|p90,p90,p90,1.811648755357474,2.588164116597601,0.9746532049948038,0.7851024208702223,0.8618985769031977,"Measuring from the closest point of each object, what is the distance between the table and the fan (in meters)?",0.37438232696670865,0.0,3.0256176730332913,0.6136980396477221,0.0,2.7863019603522776,0.6415726984442705,0.0,2.7584273015557295,0.7095037755611823,0.0,2.6904962244388178,0.8618985769031977,0.0,2.538101423096802,1.4946061964314046,0.0,1.9053938035685953,1.5883512446425259,0.0,1.811648755357474
4999,3.8,>=3m,1.0,p90,p90,p90,0.16139793740633124,8.572769809520048,3.2141649036076654,1.7795695458074616,2.081269098075734,"Measuring from the closest point of each object, what is the distance between the door and the window (in meters)?",0.09086120540448735,0.0,3.7091387945955123,0.42443715898600315,0.0,3.3755628410139966,0.52888821683557,0.0,3.2711117831644296,1.2547535869954027,0.0,2.5452464130045973,2.081269098075734,0.1,1.7187309019242658,3.0343231328028644,0.6,0.7656768671971355,3.6386020625936686,1.0,0.16139793740633124
5000,2.5,1-3m,0.5,p90,p90,p90,0.7005927241385737,8.196669537216714,1.579878201559812,1.223505245867492,0.951631963931194,"Measuring from the closest point of each object, what is the distance between the guitar and the lamp (in meters)?",0.08757260564662922,0.0,2.412427394353371,0.21952907430161428,0.0,2.2804709256983857,0.2643413825602306,0.0,2.2356586174397695,0.4343611590888927,0.0,2.0656388409111073,0.951631963931194,0.0,1.5483680360688061,1.6578664049563847,0.4,0.8421335950436153,1.7994072758614263,0.5,0.7005927241385737
5001,2.6,1-3m,0.8,p90,p90,p90,0.30687266684917347,7.310880752123829,2.509263573580251,1.1451809204134813,1.471828688962234,"Measuring from the closest point of each object, what is the distance between the clock and the tv (in meters)?",0.24755851496293674,0.0,2.352441485037063,0.39760909326892246,0.0,2.2023909067310776,0.4444146650477998,0.0,2.1555853349522005,0.5699346669645394,0.0,2.0300653330354606,1.471828688962234,0.2,1.128171311037766,1.7151155873780206,0.4,0.8848844126219795,2.9068726668491736,0.8,0.30687266684917347
5002,1.6,1-3m,0.9,p75,p75,p75,0.0936915080425913,5.828941216393645,2.0992917982202317,0.9898199287503686,1.2257171227954733,"Measuring from the closest point of each object, what is the distance between the window and the sofa (in meters)?",0.10235224496015904,0.0,1.497647755039841,0.4347312804499258,0.0,1.1652687195500744,0.5249243128877322,0.0,1.075075687112268,0.7038715792922228,0.0,0.8961284207077773,1.2257171227954733,0.6,0.3742828772045268,1.6936915080425914,0.9,0.0936915080425913,2.5340230786701574,0.0,0.9340230786701573
5003,3.0,>=3m,0.3,p90,p90,p90,1.1584614541331368,12.44823101946139,1.693602783509318,1.296628276161587,0.46186455439979357,"Measuring from the closest point of each object, what is the distance between the telephone and the fan (in meters)?",0.004930288269351531,0.0,2.9950697117306486,0.14793576235754521,0.0,2.852064237642455,0.18560948043624143,0.0,2.8143905195637586,0.3153790878609606,0.0,2.6846209121390396,0.46186455439979357,0.0,2.5381354456002065,1.6120073640225476,0.1,1.3879926359774524,1.8415385458668632,0.3,1.1584614541331368
5004,3.3,>=3m,0.0,min|p05|p10|p25|median|p75|p90,p90,p90,1.7030058448230645,2.3463663414295075,0.9163697671694012,0.7753253682955107,1.5182305233981572,"Measuring from the closest point of each object, what is the distance between the telephone and the pillow (in meters)?",0.5988069034348854,0.0,2.7011930965651145,0.6806243880075341,0.0,2.619375611992466,0.7027282130955304,0.0,2.5972717869044697,0.7867970877249276,0.0,2.513202912275072,1.5182305233981572,0.0,1.7817694766018426,1.5621224560204383,0.0,1.7378775439795615,1.5969941551769353,0.0,1.7030058448230645
5005,2.4,1-3m,0.6,p90,p90,p90,0.517416597724272,1.317327362660965,0.45349033426796903,0.2020737994464128,1.5488208192438018,"Measuring from the closest point of each object, what is the distance between the keyboard and the pillow (in meters)?",1.3334214026085156,0.2,1.0665785973914843,1.429093068007759,0.2,0.970906931992241,1.4520407452410193,0.3,0.9479592547589806,1.494204122497,0.3,0.905795877503,1.5488208192438018,0.3,0.8511791807561981,1.6962779219434128,0.5,0.7037220780565872,1.882583402275728,0.6,0.517416597724272
5006,2.3,1-3m,0.5,p90,p90,p90,0.6424131084976166,1.4843341752298258,0.5408660619454326,0.34197974938401865,1.4015809759466566,"Measuring from the closest point of each object, what is the distance between the fan and the keyboard (in meters)?",1.032100094691166,0.0,1.2678999053088338,1.1167208295569506,0.0,1.1832791704430492,1.1480986083188482,0.0,1.1519013916811516,1.2198271056759258,0.1,1.080172894324074,1.4015809759466566,0.3,0.8984190240533432,1.5618068550599444,0.4,0.7381931449400554,1.6575868915023833,0.5,0.6424131084976166
5007,2.3,1-3m,0.0,min|p05|p10|p25|median|p75|p90,p90,p90,1.8051766746444566,2.2354329952129013,0.2734687482265532,0.13968107272566976,0.3536523253954955,"Measuring from the closest point of each object, what is the distance between the table and the piano (in meters)?",0.1155100519147124,0.0,2.1844899480852873,0.22135457712898993,0.0,2.07864542287101,0.2444800156899391,0.0,2.055519984310061,0.2899969813832587,0.0,2.0100030186167412,0.3536523253954955,0.0,1.9463476746045043,0.42967805410892845,0.0,1.8703219458910714,0.49482332535554313,0.0,1.8051766746444566
5008,2.9,1-3m,0.0,min|p05|p10|p25|median|p75|p90,p90,p90,1.7829617568027907,3.3547919583444505,0.7840702806328617,0.5556702665328952,0.7737055042215762,"Measuring from the closest point of each object, what is the distance between the piano and the printer (in meters)?",0.1788857468554182,0.0,2.7211142531445818,0.3329679625643476,0.0,2.567032037435652,0.3783788435940403,0.0,2.52162115640596,0.45930637309313,0.0,2.44069362690687,0.7737055042215762,0.0,2.1262944957784238,1.0149766396260251,0.0,1.8850233603739748,1.1170382431972092,0.0,1.7829617568027907
5009,2.1,1-3m,0.2,p90,p90,p90,0.9094389385593471,2.4795588988732584,0.7104107161588133,0.5114888345188874,0.853645792036535,"Measuring from the closest point of each object, what is the distance between the printer and the sofa (in meters)?",0.23531742309432158,0.0,1.8646825769056785,0.4801503452818396,0.0,1.6198496547181604,0.5239014227973792,0.0,1.5760985772026208,0.6149532977375117,0.0,1.4850467022624882,0.853645792036535,0.0,1.246354207963465,1.126442132256399,0.1,0.973557867743601,1.190561061440653,0.2,0.9094389385593471
5010,1.0,1-3m,1.0,median,median,median,0.04183158040182722,2.6177059465187504,0.9165695093063804,0.4169825477214104,1.0418315804018272,"Measuring from the closest point of each object, what is the distance between the piano and the sofa (in meters)?",0.34240325627254664,0.0,0.6575967437274534,0.5665859801522073,0.2,0.4334140198477927,0.680436330491233,0.4,0.319563669508767,0.8576785915914469,0.8,0.14232140840855312,1.0418315804018272,1.0,0.04183158040182722,1.2746611393128573,0.5,0.2746611393128573,1.4831554894585877,0.1,0.48315548945858766
5011,2.9,1-3m,0.0,min|p05|p10|p25|median|p75|p90,p90,p90,1.5832842936939444,8.465756231333055,1.1611813783233185,0.5288676733930221,0.3180312283591192,"Measuring from the closest point of each object, what is the distance between the piano and the lamp (in meters)?",0.002623590517945592,0.0,2.8973764094820544,0.1555343279827371,0.0,2.7444656720172627,0.18972541829095055,0.0,2.7102745817090494,0.2443615853679997,0.0,2.655638414632,0.3180312283591192,0.0,2.581968771640881,0.7732292587610218,0.0,2.1267707412389782,1.3167157063060555,0.0,1.5832842936939444
5012,1.1,1-3m,0.9,p75,p75,p75,0.09097670390752022,3.3913172713206645,0.975067175698707,0.46010791395559625,0.9477501096182033,"Measuring from the closest point of each object, what is the distance between the table and the window (in meters)?",0.11069077933014689,0.0,0.9893092206698532,0.4077531607339589,0.0,0.6922468392660412,0.5104468714985212,0.0,0.5895531285014789,0.7308687899519241,0.4,0.36913121004807603,0.9477501096182033,0.8,0.15224989038179682,1.1909767039075203,0.9,0.09097670390752022,1.3828203364326659,0.5,0.2828203364326658
5014,2.1,1-3m,0.9,p90,p90,p90,0.17414555631592865,2.8829929733372253,1.2578491930660696,0.5515097684161403,1.392308615628663,"Measuring from the closest point of each object, what is the distance between the door and the window (in meters)?",0.092945510149989,0.0,2.007054489850011,0.6680052506180019,0.0,1.4319947493819982,0.7761375410650566,0.0,1.3238624589349435,1.23612199253827,0.2,0.86387800746173,1.392308615628663,0.4,0.707691384371337,1.7876317609544103,0.8,0.31236823904558975,1.9258544436840714,0.9,0.17414555631592865
5015,2.0,1-3m,1.0,p90,p90,p90,0.06814057685230512,3.038882847346599,1.387581081556821,0.678113816322764,1.395439179725714,"Measuring from the closest point of each object, what is the distance between the door and the mirror (in meters)?",0.02360293912165637,0.0,1.9763970608783437,0.6805594952954841,0.0,1.319440504704516,0.8283043149175092,0.0,1.171695685082491,1.1057739102814652,0.2,0.8942260897185348,1.395439179725714,0.4,0.604560820274286,1.7838877266042292,0.8,0.21611227339577077,2.068140576852305,1.0,0.06814057685230512
5018,2.0,1-3m,0.3,p90,p90,p90,0.7760494797101847,5.7230478044312445,1.010087110072949,0.7735638195497541,0.7254609622107686,"Measuring from the closest point of each object, what is the distance between the printer and the lamp (in meters)?",0.05131362050960849,0.0,1.9486863794903915,0.2138634102168663,0.0,1.7861365897831336,0.3027270221966236,0.0,1.6972729778033764,0.3883767943091017,0.0,1.6116232056908983,0.7254609622107686,0.0,1.2745390377892314,1.1619406138588557,0.2,0.8380593861411443,1.2239505202898153,0.3,0.7760494797101847
5019,3.1,>=3m,0.3,p90,p90,p90,1.1865042743205116,6.823827299942524,1.6330818697052019,0.5222246265336823,1.1654015711761363,"Measuring from the closest point of each object, what is the distance between the door and the window (in meters)?",0.004708181634289715,0.0,3.0952918183657103,0.2804138559742867,0.0,2.8195861440257133,0.4386985968117874,0.0,2.6613014031882125,0.9614223538728623,0.0,2.1385776461271377,1.1654015711761363,0.0,1.9345984288238638,1.4836469804065446,0.0,1.6163530195934555,1.9134957256794884,0.3,1.1865042743205116
5020,1.8,1-3m,0.9,p90,p90,p90,0.17334746210212826,4.371726788770634,1.2545678636963304,0.3151700115094729,1.066752171791642,"Measuring from the closest point of each object, what is the distance between the printer and the pillow (in meters)?",0.09916255848077299,0.0,1.7008374415192271,0.3720846742015413,0.0,1.4279153257984587,0.7928178293122096,0.0,1.0071821706877904,0.9247758170976605,0.1,0.8752241829023395,1.066752171791642,0.2,0.7332478282083581,1.2399458286071334,0.4,0.5600541713928666,1.6266525378978718,0.9,0.17334746210212826
5021,2.0,1-3m,1.0,p90,p90,p90,0.04514187460583363,5.085265790549925,1.5704420091260791,1.0213598183888712,1.3148146895932566,"Measuring from the closest point of each object, what is the distance between the table and the door (in meters)?",0.0682321904322285,0.0,1.9317678095677715,0.3844161162680872,0.0,1.6155838837319128,0.47742038226889216,0.0,1.522579617731108,0.6441410133200779,0.0,1.3558589866799222,1.3148146895932566,0.4,0.6851853104067434,1.6655008317089492,0.7,0.33449916829105075,1.9548581253941664,1.0,0.04514187460583363
5022,1.1,1-3m,1.0,median,median,median,0.009901174432275228,3.8835901455155004,1.281071228621772,0.5113078405830829,1.1099011744322753,"Measuring from the closest point of each object, what is the distance between the table and the window (in meters)?",0.18131520562657227,0.0,0.9186847943734278,0.44426259072013663,0.0,0.6557374092798635,0.6525549897101279,0.2,0.44744501028987216,0.9308876062273725,0.7,0.16911239377262755,1.1099011744322753,1.0,0.009901174432275228,1.4421954468104554,0.4,0.34219544681045533,1.7253338193419085,0.0,0.6253338193419085
5023,1.8,1-3m,0.9,p90,p90,p90,0.09600558984327856,3.9407148948138007,1.2715869775867397,0.6903341199667609,1.135030786881843,"Measuring from the closest point of each object, what is the distance between the nightstand and the pillow (in meters)?",0.14041358619799815,0.0,1.659586413802002,0.4324074325699818,0.0,1.3675925674300182,0.5086412642344398,0.0,1.2913587357655603,0.7698791538492386,0.0,1.0301208461507616,1.135030786881843,0.3,0.664969213118157,1.4602132738159994,0.7,0.33978672618400063,1.7039944101567215,0.9,0.09600558984327856
5024,1.3,1-3m,0.8,median,median,median,0.14435908116246376,4.383354734849583,1.5507303101952465,0.9909721984618713,1.1556409188375363,"Measuring from the closest point of each object, what is the distance between the door and the mirror (in meters)?",0.13689912886402694,0.0,1.1631008711359732,0.4583410347789586,0.0,0.8416589652210414,0.5076945565162696,0.0,0.7923054434837304,0.614108142300253,0.0,0.685891857699747,1.1556409188375363,0.8,0.14435908116246376,1.6050803407621244,0.6,0.3050803407621243,2.0090713449742053,0.0,0.7090713449742052
5028,2.1,1-3m,0.6,p90,p90,p90,0.4610678000734072,3.3275556816764755,1.1463988340834486,0.8389194397113979,1.3930485350360968,"Measuring from the closest point of each object, what is the distance between the refrigerator and the window (in meters)?",0.2721756180409806,0.0,1.8278243819590194,0.4925333658431443,0.0,1.6074666341568558,0.5478782446107291,0.0,1.552121755389271,0.6994814833179845,0.0,1.4005185166820155,1.3930485350360968,0.4,0.7069514649639033,1.5384009230293825,0.5,0.5615990769706176,1.638932199926593,0.6,0.4610678000734072
5029,1.3,1-3m,1.0,p75,p75,p75,0.04017706958713041,3.777965509695391,1.43170104575688,0.40387672297008426,1.0735373853647872,"Measuring from the closest point of each object, what is the distance between the table and the window (in meters)?",0.05455088977881386,0.0,1.2454491102211862,0.5153775454591115,0.0,0.7846224545408885,0.6210293646294216,0.0,0.6789706353705784,0.8559462074427854,0.4,0.44405379255721467,1.0735373853647872,0.7,0.2264626146352129,1.2598229304128696,1.0,0.04017706958713041,1.9470785912159916,0.1,0.6470785912159915
5030,1.9,1-3m,0.8,p90,p90,p90,0.2015190578777899,6.046712628341056,1.4175876623322299,0.8013201355885444,1.0667574093336807,"Measuring from the closest point of each object, what is the distance between the door and the mirror (in meters)?",0.0009763131829527988,0.0,1.8990236868170471,0.2808932797899801,0.0,1.6191067202100198,0.3938245431564495,0.0,1.5061754568435504,0.6408743869994968,0.0,1.259125613000503,1.0667574093336807,0.2,0.8332425906663192,1.4421945225880413,0.6,0.45780547741195865,1.69848094212221,0.8,0.2015190578777899
5031,3.2,>=3m,0.6,p90,p90,p90,0.6917208870201121,3.173293042882607,1.717844986952442,0.8459958995955525,1.6808441330569237,"Measuring from the closest point of each object, what is the distance between the microwave and the backpack (in meters)?",0.6322258921747452,0.0,2.567774107825255,0.790434126027446,0.0,2.409565873972554,0.8633771206014269,0.0,2.3366228793985733,1.5288511044322934,0.0,1.6711488955677067,1.6808441330569237,0.1,1.5191558669430765,2.374847004027846,0.5,0.8251529959721542,2.508279112979888,0.6,0.6917208870201121
5032,1.0,1-3m,0.5,min,min,min,0.2558408142322257,1.5418969607412878,0.7450804062220324,0.4569341936782698,1.5689102952014113,"Measuring from the closest point of each object, what is the distance between the backpack and the counter (in meters)?",1.2558408142322257,0.5,0.2558408142322257,1.3749484868909396,0.3,0.3749484868909396,1.4046397912056425,0.2,0.40463979120564253,1.4677068466476277,0.1,0.46770684664762774,1.5689102952014113,0.0,0.5689102952014113,1.9246410403258976,0.0,0.9246410403258976,2.120028893112972,0.0,1.120028893112972
5033,1.9,1-3m,1.0,median,median,median,0.06464514567629909,3.1311767519323093,1.4958570342013309,0.30446140667164845,1.964645145676299,"Measuring from the closest point of each object, what is the distance between the microwave and the refrigerator (in meters)?",0.2893911558981069,0.0,1.610608844101893,0.7018925262041533,0.0,1.1981074737958466,0.8482028987126669,0.0,1.051797101287333,1.787803763864346,0.9,0.11219623613565388,1.964645145676299,1.0,0.06464514567629909,2.0922651705359945,0.8,0.19226517053599457,2.197749560405484,0.7,0.2977495604054843
5034,3.1,>=3m,0.0,min|p05|p10|p25|median|p75|p90,p90,p90,1.6187200216143358,1.421545857020015,0.4392594406234356,0.32737961535272064,1.1356688252128908,"Measuring from the closest point of each object, what is the distance between the door and the backpack (in meters)?",0.9577585495785488,0.0,2.1422414504214515,1.0420205377622287,0.0,2.057979462237771,1.0597516024388458,0.0,2.0402483975611543,1.0921575772654422,0.0,2.0078424227345577,1.1356688252128908,0.0,1.9643311747871093,1.4195371926181628,0.0,1.6804628073818373,1.4812799783856643,0.0,1.6187200216143358
5035,1.8,1-3m,0.9,p90,p90,p90,0.12461272499028841,3.0467147934638508,1.1254876655668005,0.5989283480234748,1.3715585255662122,"Measuring from the closest point of each object, what is the distance between the table and the door (in meters)?",0.25319189856415536,0.0,1.5468081014358446,0.5498996094429113,0.0,1.2501003905570887,0.7107412158240074,0.0,1.0892587841759926,1.004220155468753,0.2,0.795779844531247,1.3715585255662122,0.6,0.4284414744337879,1.603148503492228,0.8,0.19685149650777212,1.6753872750097116,0.9,0.12461272499028841
5037,1.9,1-3m,0.5,p90,p90,p90,0.5475009135843782,9.150720188828387,1.2046966120194738,0.14229136998305814,1.176763272458578,"Measuring from the closest point of each object, what is the distance between the door and the window (in meters)?",0.0,0.0,1.9,0.14780247439614794,0.0,1.752197525603852,0.3574838282529086,0.0,1.5425161717470912,1.1079123702197382,0.2,0.7920876297802617,1.176763272458578,0.3,0.723236727541422,1.2502037402027963,0.4,0.6497962597972036,1.3524990864156217,0.5,0.5475009135843782
5038,2.1,1-3m,0.4,p90,p90,p90,0.662023070799179,7.329880924269321,1.2417968078512829,0.9637277620026894,1.219820806953152,"Measuring from the closest point of each object, what is the distance between the sofa and the bed (in meters)?",0.024087967161463185,0.0,2.075912032838537,0.19618012134953827,0.0,1.9038198786504619,0.25008177384547126,0.0,1.8499182261545288,0.37903788308165315,0.0,1.7209621169183469,1.219820806953152,0.2,0.8801791930468481,1.3427656450843426,0.3,0.7572343549156575,1.437976929200821,0.4,0.662023070799179
5039,3.5,>=3m,0.2,p90,p90,p90,1.4628137600780806,6.004414915429115,1.69790484970901,0.9067360285599158,0.9702099872448224,"Measuring from the closest point of each object, what is the distance between the mirror and the pillow (in meters)?",0.2008571940732607,0.0,3.2991428059267394,0.33928139021290943,0.0,3.1607186097870907,0.41631604893778984,0.0,3.08368395106221,0.7240101869272522,0.0,2.775989813072748,0.9702099872448224,0.0,2.5297900127551776,1.630746215487168,0.0,1.869253784512832,2.0371862399219194,0.2,1.4628137600780806
5040,0.9,<1m,0.7,p75|p90,p90,p90,0.16890777450023886,3.1437562517229813,0.7288980253619561,0.19675160633008137,0.6184471695599987,"Measuring from the closest point of each object, what is the distance between the printer and the chair (in meters)?",0.009576302708287365,0.0,0.8904236972917127,0.34000974913828275,0.0,0.5599902508617173,0.3815505749451615,0.0,0.5184494250548386,0.5270504806225753,0.2,0.3729495193774247,0.6184471695599987,0.4,0.28155283044000134,0.7238020869526567,0.7,0.17619791304734334,1.0689077745002389,0.7,0.16890777450023886
5041,3.5,>=3m,0.2,p90,p90,p90,1.5239252937323273,8.415511823998155,1.7412613345328027,1.300585596481481,0.7658659147452306,"Measuring from the closest point of each object, what is the distance between the radiator and the counter (in meters)?",0.09758360360989968,0.0,3.4024163963901004,0.23481337173487,0.0,3.26518662826513,0.28657024577610174,0.0,3.213429754223898,0.5066941393921759,0.0,2.993305860607824,0.7658659147452306,0.0,2.7341340852547695,1.807279735873657,0.1,1.692720264126343,1.9760747062676727,0.2,1.5239252937323273
5042,2.5,1-3m,0.1,p90,p90,p90,1.2451225040720062,3.7320459288454675,0.9186336447393246,0.1203795738300143,0.8751693529727689,"Measuring from the closest point of each object, what is the distance between the microwave and the nightstand (in meters)?",0.11873032447602697,0.0,2.381269675523973,0.3362438511886691,0.0,2.163756148811331,0.4077121304483624,0.0,2.0922878695516376,0.8133723613829597,0.0,1.6866276386170402,0.8751693529727689,0.0,1.6248306470272311,0.933751935212974,0.0,1.566248064787026,1.2548774959279938,0.1,1.2451225040720062
5043,2.5,1-3m,0.0,min|p05|p10|p25|median|p75|p90,p90,p90,1.5255288669276572,2.4482041514859287,0.5764360539794122,0.31676073009232886,0.7561541906091478,"Measuring from the closest point of each object, what is the distance between the fan and the nightstand (in meters)?",0.3013055932811709,0.0,2.198694406718829,0.3980350790929306,0.0,2.1019649209070694,0.5393784456260924,0.0,1.9606215543739076,0.5886350941908582,0.0,1.9113649058091418,0.7561541906091478,0.0,1.7438458093908522,0.9053958242831871,0.0,1.594604175716813,0.9744711330723428,0.0,1.5255288669276572
5044,2.1,1-3m,0.0,min|p05|p10|p25|median|p75|p90,p90,p90,1.0705070713742182,1.2069234155042126,0.17650348836730956,0.12194704226900888,0.924722716167056,"Measuring from the closest point of each object, what is the distance between the radiator and the lamp (in meters)?",0.6439608621428754,0.0,1.4560391378571247,0.8529894402584723,0.0,1.2470105597415277,0.865596364101492,0.0,1.234403635898508,0.8852834090386855,0.0,1.2147165909613147,0.924722716167056,0.0,1.1752772838329442,1.0072304513076944,0.0,1.0927695486923057,1.029492928625782,0.0,1.0705070713742182
5045,1.5,1-3m,0.7,p75,p75,p75,0.29944083544831357,3.178758940367916,1.2883028914071848,0.36107125707204024,1.1228418525859385,"Measuring from the closest point of each object, what is the distance between the clock and the backpack (in meters)?",0.526461632651457,0.0,0.973538367348543,0.5913012529920522,0.0,0.9086987470079478,0.610321456955356,0.0,0.889678543044644,0.8394879074796462,0.2,0.6605120925203538,1.1228418525859385,0.5,0.3771581474140615,1.2005591645516864,0.7,0.29944083544831357,1.8796041443992368,0.5,0.37960414439923684
5046,1.0,1-3m,0.7,p90,p90,p90,0.156562036163293,3.8732031057996386,0.6256755742078843,0.20440358473539144,0.6391586050571436,"Measuring from the closest point of each object, what is the distance between the chair and the bed (in meters)?",0.004423725432909717,0.0,0.9955762745670903,0.2177623896288227,0.0,0.7822376103711773,0.35820576932775666,0.0,0.6417942306722433,0.5390401373651023,0.1,0.46095986263489774,0.6391586050571436,0.3,0.3608413949428564,0.7434437221004937,0.5,0.2565562778995063,0.843437963836707,0.7,0.156562036163293
5047,2.4,1-3m,0.0,min|p05|p10|p25|median|p75|p90,p90,p90,1.3065778790472362,4.990973729982469,0.874342201861183,0.48443631316348434,0.47657117062572363,"Measuring from the closest point of each object, what is the distance between the nightstand and the chair (in meters)?",0.008261956946008415,0.0,2.3917380430539916,0.21907991909158064,0.0,2.180920080908419,0.27189605899612757,0.0,2.1281039410038725,0.3379143714445464,0.0,2.0620856285554536,0.47657117062572363,0.0,1.9234288293742763,0.8223506846080307,0.0,1.577649315391969,1.0934221209527637,0.0,1.3065778790472362
5048,1.0,1-3m,0.3,p90,p90,p90,0.3775184135028755,5.490831430960558,0.5091141312539704,0.2632957498939148,0.3598012728420016,"Measuring from the closest point of each object, what is the distance between the table and the bed (in meters)?",0.0030173660537758796,0.0,0.9969826339462241,0.11336745524315403,0.0,0.8866325447568459,0.1461046649036728,0.0,0.8538953350963272,0.23309139509166407,0.0,0.7669086049083359,0.3598012728420016,0.0,0.6401987271579984,0.4963871449855789,0.0,0.5036128550144211,0.6224815864971245,0.3,0.3775184135028755
5049,2.2,1-3m,0.0,min|p05|p10|p25|median|p75|p90,p90,p90,1.4183289903448837,18.797374443039956,0.7400869569447902,0.4752752468635248,0.4599663544933796,"Measuring from the closest point of each object, what is the distance between the table and the nightstand (in meters)?",0.0007474194691749232,0.0,2.199252580530825,0.04158405271032644,0.0,2.1584159472896736,0.05911183864426932,0.0,2.140888161355731,0.09966014559359053,0.0,2.1003398544064096,0.4599663544933796,0.0,1.7400336455066205,0.5749353924571153,0.0,1.625064607542885,0.7816710096551166,0.0,1.4183289903448837
