doc_id,ground_truth,gt_bucket,best_mra,best_mra_quantiles,best_tiebreak_quantile,best_abs_quantile,best_abs_error,p90_p05_ratio,p90_p05_spread,iqr_p75_p25,median,question,pred_min,mra_min,abs_err_min,pred_p05,mra_p05,abs_err_p05,pred_p10,mra_p10,abs_err_p10,pred_p25,mra_p25,abs_err_p25,pred_median,mra_median,abs_err_median,pred_p75,mra_p75,abs_err_p75,pred_p90,mra_p90,abs_err_p90
1430,2.3,1-3m,0.2,p90,p90,p90,0.9994556961943872,3.397866036312125,0.9177910434042229,0.442560380883372,1.0470384903688335,"<image>These are frames of a video.
Measuring from the closest point of each object, what is the direct distance between the sofa and the tv (in meters)?
Please answer the question using a single word or phrase.",0.24489173771985073,0.0,2.0551082622801493,0.3827532604013897,0.0,1.9172467395986101,0.436073290906549,0.0,1.8639267090934508,0.7474383575722785,0.0,1.5525616424277213,1.0470384903688335,0.0,1.2529615096311664,1.1899987384556505,0.1,1.1100012615443493,1.3005443038056126,0.2,0.9994556961943872
1431,1.0,1-3m,0.3,p90,p90,p90,0.3554904233095554,2.6093924035538705,0.39751354197651934,0.11714640469604792,0.4712403063964026,"<image>These are frames of a video.
Measuring from the closest point of each object, what is the direct distance between the radiator and the chair (in meters)?
Please answer the question using a single word or phrase.",0.004631925745438863,0.0,0.9953680742545611,0.24699603471392526,0.0,0.7530039652860747,0.28890845194659986,0.0,0.7110915480534001,0.4115999320761175,0.0,0.5884000679238826,0.4712403063964026,0.0,0.5287596936035974,0.5287463367721654,0.1,0.4712536632278346,0.6445095766904446,0.3,0.3554904233095554
1432,5.9,>=3m,0.0,min|p05|p10|p25|median|p75|p90,p90,p90,3.5721994914417023,3.4888463050998664,1.6605883974499338,0.16665321196108185,0.9149666609363069,"<image>These are frames of a video.
Measuring from the closest point of each object, what is the direct distance between the microwave and the window (in meters)?
Please answer the question using a single word or phrase.",0.24252217594025713,0.0,5.657477824059743,0.6672121111083642,0.0,5.232787888891636,0.7360950376057955,0.0,5.163904962394205,0.8210586192310595,0.0,5.078941380768941,0.9149666609363069,0.0,4.985033339063693,0.9877118311921413,0.0,4.912288168807859,2.327800508558298,0.0,3.5721994914417023
1433,1.4,1-3m,1.0,p90,p90,p90,0.03829937112395143,7.326707252060859,1.175846249544456,0.4562371140459558,0.8723063457382052,"<image>These are frames of a video.
Measuring from the closest point of each object, what is the direct distance between the slippers and the crate (in meters)?
Please answer the question using a single word or phrase.",0.011443032220401784,0.0,1.3885569677795981,0.1858543793315925,0.0,1.2141456206684074,0.26831059809629315,0.0,1.1316894019037067,0.6408022486319371,0.0,0.7591977513680628,0.8723063457382052,0.3,0.5276936542617947,1.097039362677893,0.6,0.302960637322107,1.3617006288760485,1.0,0.03829937112395143
1434,2.4,1-3m,0.3,p90,p90,p90,0.9016537356621843,5.001067201222406,1.1987409592998075,0.7350972980563513,1.084304176257612,"<image>These are frames of a video.
Measuring from the closest point of each object, what is the direct distance between the tv and the door (in meters)?
Please answer the question using a single word or phrase.",0.12607108647664345,0.0,2.2739289135233562,0.299605305038008,0.0,2.100394694961992,0.34894419960565104,0.0,2.051055800394349,0.57109488719935,0.0,1.82890511280065,1.084304176257612,0.0,1.315695823742388,1.3061921852557012,0.1,1.0938078147442987,1.4983462643378156,0.3,0.9016537356621843
1435,4.1,>=3m,0.7,p75|p90,p90,p90,0.7217452816312293,2.2801698291196564,1.8966744100839834,1.6545281376865015,3.171990972890143,"<image>These are frames of a video.
Measuring from the closest point of each object, what is the direct distance between the door and the window (in meters)?
Please answer the question using a single word or phrase.",1.202528458277432,0.0,2.8974715417225676,1.481580308284787,0.0,2.6184196917152125,1.5380636145811355,0.0,2.561936385418864,1.637255205900077,0.0,2.4627447940999225,3.171990972890143,0.6,0.9280090271098564,3.2917833435865784,0.7,0.8082166564134212,3.3782547183687703,0.7,0.7217452816312293
1436,3.7,>=3m,0.0,min|p05|p10|p25|median|p75|p90,p90,p90,2.5486384974967935,6.062598064114085,0.9614492750510225,0.8420509323224485,0.8859637224905814,"<image>These are frames of a video.
Measuring from the closest point of each object, what is the direct distance between the telephone and the table lamp (in meters)?
Please answer the question using a single word or phrase.",0.1297876528843694,0.0,3.5702123471156306,0.1899122274521844,0.0,3.510087772547816,0.21528103820027789,0.0,3.4847189617997225,0.25030872137874405,0.0,3.4496912786212564,0.8859637224905814,0.0,2.8140362775094188,1.0923596537011926,0.0,2.6076403462988074,1.151361502503207,0.0,2.5486384974967935
1437,0.7,<1m,1.0,p75,p75,p75,0.03372203695967979,10.721768965424987,1.0697838019871846,0.49263547496320437,0.2415020419437285,"<image>These are frames of a video.
Measuring from the closest point of each object, what is the direct distance between the computer mouse and the computer tower (in meters)?
Please answer the question using a single word or phrase.",0.0015405594294346505,0.0,0.6984594405705653,0.1100400354906417,0.0,0.5899599645093583,0.13287558611643638,0.0,0.5671244138835636,0.17364248807711583,0.0,0.5263575119228842,0.2415020419437285,0.0,0.45849795805627147,0.6662779630403202,1.0,0.03372203695967979,1.1798238374778263,0.0,0.4798238374778263
1439,2.1,1-3m,0.0,min|p05|p10|p25|median|p75|p90,p90,p90,1.2657622538977233,5.288836449928029,0.676502154540615,0.20396010616333438,0.6735914743349307,"<image>These are frames of a video.
Measuring from the closest point of each object, what is the direct distance between the whiteboard and the tv (in meters)?
Please answer the question using a single word or phrase.",0.006717335607791355,0.0,2.0932826643922087,0.15773559156166175,0.0,1.9422644084383383,0.25879617440586833,0.0,1.8412038255941319,0.5558869816608433,0.0,1.5441130183391567,0.6735914743349307,0.0,1.4264085256650694,0.7598470878241776,0.0,1.3401529121758224,0.8342377461022767,0.0,1.2657622538977233
1440,2.8,1-3m,0.0,min|p05|p10|p25|median|p75|p90,p90,p90,1.93057911964648,6.210199908948639,0.7294220247449071,0.6130064874690025,0.8075995499692321,"<image>These are frames of a video.
Measuring from the closest point of each object, what is the direct distance between the backpack and the tv (in meters)?
Please answer the question using a single word or phrase.",0.06588449840689002,0.0,2.73411550159311,0.1399988556086126,0.0,2.660001144391387,0.16232971836424653,0.0,2.6376702816357533,0.22933249633538944,0.0,2.5706675036646103,0.8075995499692321,0.0,1.9924004500307677,0.842338983804392,0.0,1.9576610161956078,0.8694208803535197,0.0,1.93057911964648
1441,2.2,1-3m,0.8,p90,p90,p90,0.28685734261702733,14.472172923197652,1.7809480887072235,1.0802690397223325,1.1116195166694804,"<image>These are frames of a video.
Measuring from the closest point of each object, what is the direct distance between the trash bin and the backpack (in meters)?
Please answer the question using a single word or phrase.",0.03470378204585951,0.0,2.1652962179541406,0.13219456867574939,0.0,2.067805431324251,0.16196518532490484,0.0,2.0380348146750955,0.6846561112627217,0.0,1.5153438887372785,1.1116195166694804,0.1,1.0883804833305197,1.7649251509850543,0.7,0.43507484901494586,1.9131426573829728,0.8,0.28685734261702733
1442,1.1,1-3m,1.0,p90,p90,p90,0.042829873767807225,2.3893164100082678,0.6645215722884512,0.44292269728904643,0.8176620215926527,"<image>These are frames of a video.
Measuring from the closest point of each object, what is the direct distance between the tv and the table (in meters)?
Please answer the question using a single word or phrase.",0.3723982331526377,0.0,0.7276017668473624,0.47830830147935605,0.0,0.621691698520644,0.5060177522617142,0.0,0.5939822477382859,0.5772748036446785,0.1,0.5227251963553216,0.8176620215926527,0.5,0.2823379784073474,1.020197500933725,0.9,0.07980249906627512,1.1428298737678073,1.0,0.042829873767807225
1443,1.3,1-3m,0.8,p25,p25,p25,0.1379373136381472,2.7308650369721947,1.2063267027865154,0.6134131363182309,1.5569974647696752,"<image>These are frames of a video.
Measuring from the closest point of each object, what is the direct distance between the laptop and the bed (in meters)?
Please answer the question using a single word or phrase.",0.0980495922299022,0.0,1.2019504077700978,0.6969501821451919,0.1,0.6030498178548082,0.9196865138342716,0.5,0.38031348616572846,1.1620626863618528,0.8,0.1379373136381472,1.5569974647696752,0.7,0.2569974647696751,1.7754758226800837,0.3,0.4754758226800837,1.9032768849317072,0.1,0.6032768849317072
1444,2.3,1-3m,0.5,p90,p90,p90,0.6485003296860543,3.220227779003648,1.138647852476101,0.5012214000117388,1.3064066348782657,"<image>These are frames of a video.
Measuring from the closest point of each object, what is the direct distance between the ceiling light and the trash can (in meters)?
Please answer the question using a single word or phrase.",0.39239324812523235,0.0,1.9076067518747675,0.5128518178378445,0.0,1.7871481821621553,0.5918508307105713,0.0,1.7081491692894284,0.9698084929743105,0.0,1.3301915070256893,1.3064066348782657,0.2,0.9935933651217341,1.4710298929860492,0.3,0.8289701070139506,1.6514996703139455,0.5,0.6485003296860543
1445,1.2,1-3m,0.9,median,median,median,0.0852851527782692,4.478413461383285,1.3042797888540112,0.8685853664925055,1.1147148472217308,"<image>These are frames of a video.
Measuring from the closest point of each object, what is the direct distance between the washer and the bathtub (in meters)?
Please answer the question using a single word or phrase.",0.13897437946472296,0.0,1.061025620535277,0.3749639895699257,0.0,0.8250360104300742,0.45690664211122944,0.0,0.7430933578887705,0.6502298479034597,0.1,0.5497701520965402,1.1147148472217308,0.9,0.0852851527782692,1.5188152143959652,0.5,0.3188152143959653,1.679243778423937,0.3,0.47924377842393695
1446,3.0,>=3m,0.1,p75|p90,p90,p90,1.3806668914895701,11.336882045137392,1.4764955009510399,0.9257080908847041,0.8588307785087007,"<image>These are frames of a video.
Measuring from the closest point of each object, what is the direct distance between the backpack and the door (in meters)?
Please answer the question using a single word or phrase.",0.028741103129614802,0.0,2.9712588968703852,0.14283760755939004,0.0,2.85716239244061,0.20242372435409434,0.0,2.7975762756459055,0.5984000312686669,0.0,2.401599968731333,0.8588307785087007,0.0,2.141169221491299,1.524108122153371,0.1,1.475891877846629,1.6193331085104299,0.1,1.3806668914895701
1447,2.1,1-3m,0.1,p90,p90,p90,0.9658260966187007,13.919141155873547,1.0526908656938265,0.31575600619752914,0.46490131703681414,"<image>These are frames of a video.
Measuring from the closest point of each object, what is the direct distance between the basket and the shoe rack (in meters)?
Please answer the question using a single word or phrase.",0.0,0.0,2.1,0.0814830376874729,0.0,2.018516962312527,0.15708828388309107,0.0,1.942911716116909,0.3185015041789531,0.0,1.781498495821047,0.46490131703681414,0.0,1.635098682963186,0.6342575103764823,0.0,1.4657424896235178,1.1341739033812994,0.1,0.9658260966187007
1448,3.5,>=3m,0.0,min|p05|p10|p25|median|p75|p90,p90,p90,2.349552191932361,2.9631337385081182,0.7621940505282078,0.52143802700234,0.8255133553156588,"<image>These are frames of a video.
Measuring from the closest point of each object, what is the direct distance between the bed and the bathtub (in meters)?
Please answer the question using a single word or phrase.",0.2563846753331168,0.0,3.2436153246668833,0.38825375753943103,0.0,3.111746242460569,0.43692545393645765,0.0,3.0630745460635422,0.5438326331998657,0.0,2.956167366800134,0.8255133553156588,0.0,2.6744866446843414,1.0652706602022057,0.0,2.4347293397977943,1.1504478080676388,0.0,2.349552191932361
1449,2.6,1-3m,0.1,p75|p90,p90,p90,1.1992445846205018,2.1011091025747084,0.7340811271842749,0.3950719795587091,1.0743575966447625,"<image>These are frames of a video.
Measuring from the closest point of each object, what is the direct distance between the telephone and the door (in meters)?
Please answer the question using a single word or phrase.",0.09685729791288393,0.0,2.503142702087116,0.6666742881952235,0.0,1.9333257118047766,0.776025962203981,0.0,1.823974037796019,0.924523939922275,0.0,1.6754760600777252,1.0743575966447625,0.0,1.5256424033552376,1.319595919480984,0.1,1.280404080519016,1.4007554153794983,0.1,1.1992445846205018
1451,6.2,>=3m,0.0,min|p05|p10|p25|median|p75|p90,p90,p90,4.207623969317603,3.331161193432324,1.3942734727483828,1.0412532159745913,1.201183803552294,"<image>These are frames of a video.
Measuring from the closest point of each object, what is the direct distance between the ceiling light and the power strip (in meters)?
Please answer the question using a single word or phrase.",0.2709796374518312,0.0,5.929020362548169,0.5981025579340143,0.0,5.601897442065986,0.6341313619474114,0.0,5.565868638052589,0.8063495943109504,0.0,5.3936504056890495,1.201183803552294,0.0,4.998816196447706,1.8476028102855417,0.0,4.352397189714458,1.992376030682397,0.0,4.207623969317603
1452,2.1,1-3m,0.6,p90,p90,p90,0.4340039539054952,4.656031254965901,1.308181427836169,0.7116764891150651,0.8948839777475169,"<image>These are frames of a video.
Measuring from the closest point of each object, what is the direct distance between the basket and the refrigerator (in meters)?
Please answer the question using a single word or phrase.",0.14877061904249994,0.0,1.9512293809575,0.35781461825833594,0.0,1.7421853817416642,0.4327472372940021,0.0,1.6672527627059979,0.6374845536169857,0.0,1.4625154463830143,0.8948839777475169,0.0,1.2051160222524833,1.3491610427320508,0.3,0.7508389572679492,1.665996046094505,0.6,0.4340039539054952
1453,2.4,1-3m,0.5,p75|p90,p90,p90,0.6260748146286907,1.2451331363276485,0.34923803054764013,0.242162569832024,1.664941907836342,"<image>These are frames of a video.
Measuring from the closest point of each object, what is the direct distance between the sofa and the tv (in meters)?
Please answer the question using a single word or phrase.",1.3801386725554332,0.2,1.0198613274445667,1.424687154823669,0.2,0.9753128451763309,1.441517865336916,0.3,0.9584821346630839,1.492048018762587,0.3,0.9079519812374128,1.664941907836342,0.4,0.7350580921636578,1.734210588594611,0.5,0.6657894114053888,1.7739251853713092,0.5,0.6260748146286907
1454,0.5,<1m,0.9,p75,p75,p75,0.0391253044223947,2.108131302477225,0.32683210845483035,0.16416141295372477,0.4483148521757607,"<image>These are frames of a video.
Measuring from the closest point of each object, what is the direct distance between the bathtub and the toilet (in meters)?
Please answer the question using a single word or phrase.",0.20798317800802799,0.0,0.292016821991972,0.2949398755582465,0.2,0.20506012444175348,0.322090506397065,0.3,0.177909493602935,0.37496389146866993,0.5,0.12503610853133007,0.4483148521757607,0.8,0.051685147824239275,0.5391253044223947,0.9,0.0391253044223947,0.6217719840130769,0.6,0.12177198401307687
1455,1.7,1-3m,0.9,p90,p90,p90,0.12359550488018933,1.324673997644799,0.38637245861681047,0.19735928905233213,1.3668146684383504,"<image>These are frames of a video.
Measuring from the closest point of each object, what is the direct distance between the radiator and the backpack (in meters)?
Please answer the question using a single word or phrase.",1.015899656170406,0.2,0.6841003438295941,1.1900320365030002,0.5,0.5099679634969998,1.2190815369560744,0.5,0.4809184630439256,1.282548802341674,0.6,0.41745119765832595,1.3668146684383504,0.7,0.33318533156164953,1.4799080913940061,0.8,0.2200919086059938,1.5764044951198106,0.9,0.12359550488018933
1456,0.9,<1m,0.9,p25,p25,p25,0.08546387904140929,3.3090562199891544,1.3357404013830863,0.6921185022620217,1.1451048710059888,"<image>These are frames of a video.
Measuring from the closest point of each object, what is the direct distance between the chair and the door (in meters)?
Please answer the question using a single word or phrase.",0.2352620914962964,0.0,0.6647379085037036,0.5784789429637015,0.3,0.3215210570362985,0.6641027810102605,0.5,0.23589721898973948,0.8145361209585907,0.9,0.08546387904140929,1.1451048710059888,0.5,0.24510487100598877,1.5066546232206124,0.0,0.6066546232206124,1.9142193443467876,0.0,1.0142193443467877
1457,3.1,>=3m,0.5,p90,p90,p90,0.8272537707873271,2.153962852981971,1.2175997924641206,0.5432033263350402,1.7361905209911321,"<image>These are frames of a video.
Measuring from the closest point of each object, what is the direct distance between the sofa and the washer (in meters)?
Please answer the question using a single word or phrase.",0.810338177446179,0.0,2.2896618225538212,1.0551464367485524,0.0,2.044853563251448,1.1676586863722263,0.0,1.9323413136277738,1.4199430636966128,0.0,1.6800569363033873,1.7361905209911321,0.2,1.363809479008868,1.963146390031653,0.3,1.136853609968347,2.272746229212673,0.5,0.8272537707873271
1458,0.7,<1m,0.8,p25,p25,p25,0.09190072670002924,2.05336292200525,0.5085727987158875,0.304920093706595,0.8069436687081075,"<image>These are frames of a video.
Measuring from the closest point of each object, what is the direct distance between the chair and the stove (in meters)?
Please answer the question using a single word or phrase.",0.34901106190677156,0.0,0.3509889380932284,0.48280871491824995,0.4,0.21719128508175,0.5211421937309216,0.5,0.17885780626907832,0.6080992732999707,0.8,0.09190072670002924,0.8069436687081075,0.7,0.10694366870810756,0.9130193670065657,0.4,0.21301936700656576,0.9913815136341374,0.2,0.29138151363413745
1459,1.5,1-3m,0.9,p90,p90,p90,0.1487270265616818,2.2151784145849973,0.7412665899608625,0.23881052785388146,1.1476283658891129,"<image>These are frames of a video.
Measuring from the closest point of each object, what is the direct distance between the trash can and the refrigerator (in meters)?
Please answer the question using a single word or phrase.",0.34338472179399115,0.0,1.1566152782060088,0.6100063834774557,0.0,0.8899936165225443,0.9566667192924782,0.3,0.5433332807075218,1.033576793076746,0.4,0.4664232069232539,1.1476283658891129,0.6,0.3523716341108871,1.2723873209306276,0.7,0.22761267906937244,1.3512729734383182,0.9,0.1487270265616818
1460,3.8,>=3m,0.1,p90,p90,p90,1.8441518564079142,7.085150223810201,1.6797992128271027,0.9696237062170863,1.1786854049655242,"<image>These are frames of a video.
Measuring from the closest point of each object, what is the direct distance between the telephone and the refrigerator (in meters)?
Please answer the question using a single word or phrase.",0.09365844831688233,0.0,3.7063415516831175,0.27604893076498294,0.0,3.523951069235017,0.349022606700336,0.0,3.450977393299664,0.6524566864412076,0.0,3.147543313558792,1.1786854049655242,0.0,2.621314595034476,1.6220803926582938,0.0,2.177919607341706,1.9558481435920856,0.1,1.8441518564079142
1461,1.6,1-3m,1.0,p90,p90,p90,0.028537328855296362,2.164513560197994,0.8454507393917986,0.26962510379648386,1.3335905794241452,"<image>These are frames of a video.
Measuring from the closest point of each object, what is the direct distance between the bathtub and the sofa (in meters)?
Please answer the question using a single word or phrase.",0.40545227369127657,0.0,1.1945477263087234,0.7260119317529051,0.0,0.873988068247095,0.8874462013330926,0.2,0.7125537986669075,1.1893189346000284,0.5,0.41068106539997173,1.3335905794241452,0.7,0.2664094205758549,1.4589440383965122,0.9,0.14105596160348788,1.5714626711447037,1.0,0.028537328855296362
1462,1.5,1-3m,0.7,p90,p90,p90,0.2862403557922668,4.683985516690174,0.9546299693010082,0.591114397954123,0.8272998694860274,"<image>These are frames of a video.
Measuring from the closest point of each object, what is the direct distance between the stool and the fireplace (in meters)?
Please answer the question using a single word or phrase.",0.04939177021941275,0.0,1.4506082297805873,0.259129674906725,0.0,1.240870325093275,0.31673172367441765,0.0,1.1832682763255824,0.5182417808250653,0.0,0.9817582191749347,0.8272998694860274,0.2,0.6727001305139726,1.1093561787791884,0.5,0.39064382122081165,1.2137596442077332,0.7,0.2862403557922668
1463,5.2,>=3m,0.0,min|p05|p10|p25|median|p75|p90,p90,p90,3.436310804236009,1.0902717839290839,0.14602906572919494,0.06747674575915852,1.7049576909833464,"<image>These are frames of a video.
Measuring from the closest point of each object, what is the direct distance between the toilet and the monitor (in meters)?
Please answer the question using a single word or phrase.",1.530894818087462,0.0,3.6691051819125384,1.6176601300347964,0.0,3.582339869965204,1.6442998553630004,0.0,3.555700144637,1.6726542859994495,0.0,3.5273457140005506,1.7049576909833464,0.0,3.495042309016654,1.740131031758608,0.0,3.459868968241392,1.7636891957639913,0.0,3.436310804236009
1464,0.5,<1m,1.0,p25,p25,p25,0.006988387790871298,6.114672042468726,1.2118279006600188,0.5638544263748918,0.7740433716639736,"<image>These are frames of a video.
Measuring from the closest point of each object, what is the direct distance between the chair and the bed (in meters)?
Please answer the question using a single word or phrase.",0.07531503368797686,0.0,0.4246849663120231,0.2369316919242977,0.0,0.2630683080757023,0.2859342031151295,0.2,0.21406579688487049,0.5069883877908713,1.0,0.006988387790871298,0.7740433716639736,0.0,0.27404337166397363,1.070842814165763,0.0,0.5708428141657631,1.4487595925843164,0.0,0.9487595925843164
1465,0.4,<1m,1.0,p25,p25,p25,0.000836072738759186,7.399817089373836,1.3460564734368874,0.3944659679163851,0.5641513404358063,"<image>These are frames of a video.
Measuring from the closest point of each object, what is the direct distance between the radiator and the window (in meters)?
Please answer the question using a single word or phrase.",0.00933440896022596,0.0,0.39066559103977405,0.2103273350846011,0.1,0.18967266491539891,0.28221350017078084,0.5,0.11778649982921918,0.4008360727387592,1.0,0.000836072738759186,0.5641513404358063,0.2,0.16415134043580626,0.7953020406551443,0.0,0.3953020406551443,1.5563838085214885,0.0,1.1563838085214884
1466,1.3,1-3m,1.0,p25,p25,p25,0.04423809936132139,1.6432719517436802,0.6705773252757365,0.3219656077195523,1.4162580937550011,"<image>These are frames of a video.
Measuring from the closest point of each object, what is the direct distance between the sofa and the stove (in meters)?
Please answer the question using a single word or phrase.",0.8154992018679261,0.3,0.4845007981320739,1.042447635806351,0.7,0.257552364193649,1.1226011876292792,0.8,0.17739881237072086,1.2557619006386787,1.0,0.04423809936132139,1.4162580937550011,0.9,0.11625809375500107,1.577727508358231,0.6,0.2777275083582309,1.7130249610820876,0.4,0.4130249610820875
1467,4.2,>=3m,0.0,min|p05|p10|p25|median|p75|p90,p90,p90,2.544713676570387,2.6050761190959837,1.0198782786143883,0.703625598112856,0.8391686141975927,"<image>These are frames of a video.
Measuring from the closest point of each object, what is the direct distance between the stool and the tv (in meters)?
Please answer the question using a single word or phrase.",0.0,0.0,4.2,0.6354080448152251,0.0,3.564591955184775,0.6821483261654567,0.0,3.5178516738345436,0.7444534428921691,0.0,3.455546557107831,0.8391686141975927,0.0,3.3608313858024075,1.448079041005025,0.0,2.751920958994975,1.6552863234296133,0.0,2.544713676570387
1468,0.9,<1m,0.8,p90,p90,p90,0.0907295475411547,2.1496330771790215,0.4328013419626221,0.22587801094423,0.5375433600703852,"<image>These are frames of a video.
Measuring from the closest point of each object, what is the direct distance between the mirror and the microwave (in meters)?
Please answer the question using a single word or phrase.",0.2498155912731081,0.0,0.650184408726892,0.3764691104962232,0.0,0.5235308895037768,0.4027672457234062,0.0,0.4972327542765938,0.45853889619585164,0.1,0.4414611038041484,0.5375433600703852,0.2,0.36245663992961485,0.6844169071400816,0.6,0.2155830928599184,0.8092704524588453,0.8,0.0907295475411547
1469,1.2,1-3m,0.5,p90,p90,p90,0.30170060002947197,4.748789328705397,1.1854725056492856,0.36434554119129914,0.5923670998514845,"<image>These are frames of a video.
Measuring from the closest point of each object, what is the direct distance between the refrigerator and the counter (in meters)?
Please answer the question using a single word or phrase.",0.0326617663076427,0.0,1.1673382336923572,0.31622809438018634,0.0,0.8837719056198137,0.35908219392689444,0.0,0.8409178060731055,0.4524866025326584,0.0,0.7475133974673416,0.5923670998514845,0.0,0.6076329001485155,0.8168321437239575,0.4,0.38316785627604244,1.501700600029472,0.5,0.30170060002947197
1470,1.5,1-3m,0.9,p75,p75,p75,0.13342555107893994,4.133390934738195,1.2805196127298824,0.648955325036839,0.8668459830650079,"<image>These are frames of a video.
Measuring from the closest point of each object, what is the direct distance between the coat hanger and the sofa (in meters)?
Please answer the question using a single word or phrase.",0.27871865619568925,0.0,1.2212813438043106,0.40866895941181813,0.0,1.091331040588182,0.46757793317929675,0.0,1.0324220668207031,0.7176191238842211,0.0,0.7823808761157789,0.8668459830650079,0.2,0.6331540169349921,1.36657444892106,0.9,0.13342555107893994,1.6891885721417004,0.8,0.18918857214170037
1471,2.8,1-3m,0.0,min|p05|p10|p25|median|p75|p90,p90,p90,2.0424455916131867,12.086259776549813,0.6948754305729613,0.33342183660736574,0.5301645655952565,"<image>These are frames of a video.
Measuring from the closest point of each object, what is the direct distance between the keyboard and the telephone (in meters)?
Please answer the question using a single word or phrase.",0.021601051044991344,0.0,2.7783989489550085,0.06267897781385161,0.0,2.737321022186148,0.11906003240220193,0.0,2.680939967597798,0.3048500529559483,0.0,2.4951499470440517,0.5301645655952565,0.0,2.2698354344047433,0.638271889563314,0.0,2.1617281104366857,0.7575544083868129,0.0,2.0424455916131867
1472,4.4,>=3m,0.0,min|p05|p10|p25|median|p75|p90,p90,p90,2.751395116175913,1.0732442675672493,0.11251013480574623,0.057661925810107206,1.6048871856405418,"<image>These are frames of a video.
Measuring from the closest point of each object, what is the direct distance between the slippers and the toilet (in meters)?
Please answer the question using a single word or phrase.",1.4934239013719977,0.0,2.906576098628003,1.536094749018341,0.0,2.8639052509816594,1.548321404305998,0.0,2.8516785956940023,1.5731527172697883,0.0,2.826847282730212,1.6048871856405418,0.0,2.7951128143594586,1.6308146430798955,0.0,2.769185356920105,1.6486048838240872,0.0,2.751395116175913
1473,0.7,<1m,1.0,median,median,median,0.011108837311141873,2.957678370787309,0.7430048809779806,0.3812518569527319,0.7111088373111418,"<image>These are frames of a video.
Measuring from the closest point of each object, what is the direct distance between the chair and the bed (in meters)?
Please answer the question using a single word or phrase.",0.06792480645099198,0.0,0.632075193549008,0.37953368237866897,0.1,0.320466317621331,0.4287681317569812,0.3,0.27123186824301876,0.5486634663248227,0.6,0.1513365336751773,0.7111088373111418,1.0,0.011108837311141873,0.9299153232775546,0.4,0.2299153232775546,1.1225385633566496,0.0,0.42253856335664963
1474,1.4,1-3m,1.0,p75,p75,p75,0.06827839917468226,2.0529867338794205,0.8911862394100595,0.37890714152489613,1.0153227158932379,"<image>These are frames of a video.
Measuring from the closest point of each object, what is the direct distance between the toilet and the tv (in meters)?
Please answer the question using a single word or phrase.",0.7294845596967222,0.1,0.6705154403032777,0.8463413742419578,0.3,0.5536586257580421,0.882939802760473,0.3,0.5170601972395269,0.9528144593004215,0.4,0.4471855406995784,1.0153227158932379,0.5,0.38467728410676205,1.3317216008253177,1.0,0.06827839917468226,1.7375276136520172,0.6,0.33752761365201733
1475,2.8,1-3m,0.1,p75|p90,p90,p90,1.3476341438627741,26.437428628605733,1.3974298834849632,1.241765327262716,1.3484357690593405,"<image>These are frames of a video.
Measuring from the closest point of each object, what is the direct distance between the fan and the towel (in meters)?
Please answer the question using a single word or phrase.",0.0015523183916374905,0.0,2.7984476816083625,0.05493597265226248,0.0,2.745064027347737,0.08782385021286168,0.0,2.712176149787138,0.17063241412210556,0.0,2.6293675858778944,1.3484357690593405,0.0,1.4515642309406593,1.4123977413848217,0.1,1.3876022586151782,1.4523658561372257,0.1,1.3476341438627741
1476,2.0,1-3m,0.6,p90,p90,p90,0.47538595931325833,1.1887752666287417,0.2421058295170997,0.15044775924407672,1.4270729561284075,"<image>These are frames of a video.
Measuring from the closest point of each object, what is the direct distance between the radiator and the tv (in meters)?
Please answer the question using a single word or phrase.",1.1885777549195713,0.2,0.8114222450804287,1.282508211169642,0.3,0.717491788830358,1.3022096351704082,0.4,0.6977903648295918,1.3467318902560685,0.4,0.6532681097439315,1.4270729561284075,0.5,0.5729270438715925,1.4971796495001453,0.5,0.5028203504998547,1.5246140406867417,0.6,0.47538595931325833
1477,1.8,1-3m,0.5,p90,p90,p90,0.483915483016794,24.4135590298738,1.2621765834708176,1.0830362714297315,1.130942176644599,"<image>These are frames of a video.
Measuring from the closest point of each object, what is the direct distance between the monitor and the heater (in meters)?
Please answer the question using a single word or phrase.",0.0014454861697998486,0.0,1.7985545138302002,0.053907933512388394,0.0,1.7460920664876116,0.08149487919937415,0.0,1.718505120800626,0.14980800729568,0.0,1.65019199270432,1.130942176644599,0.3,0.669057823355401,1.2328442787254115,0.4,0.5671557212745886,1.316084516983206,0.5,0.483915483016794
1478,1.9,1-3m,0.9,p75,p75,p75,0.13840489881614415,6.283121506804562,1.9150887962609286,1.62226035587557,0.5282856162970846,"<image>These are frames of a video.
Measuring from the closest point of each object, what is the direct distance between the clock and the table (in meters)?
Please answer the question using a single word or phrase.",0.060435292089857845,0.0,1.839564707910142,0.36249190820130295,0.0,1.537508091798697,0.3819478957997631,0.0,1.5180521042002368,0.4161445429405741,0.0,1.4838554570594258,0.5282856162970846,0.0,1.3717143837029153,2.038404898816144,0.9,0.13840489881614415,2.2775807044622316,0.7,0.3775807044622317
1479,1.7,1-3m,0.1,p90,p90,p90,0.7815413770325386,2.447388017100097,0.5431774593145722,0.35244393685662917,0.4953304187905485,"<image>These are frames of a video.
Measuring from the closest point of each object, what is the direct distance between the fireplace and the table (in meters)?
Please answer the question using a single word or phrase.",0.32241873234501967,0.0,1.3775812676549803,0.37528116365288916,0.0,1.3247188363471107,0.39365646167605434,0.0,1.3063435383239457,0.43317740614132233,0.0,1.2668225938586777,0.4953304187905485,0.0,1.2046695812094514,0.7856213429979515,0.0,0.9143786570020485,0.9184586229674614,0.1,0.7815413770325386
1480,2.2,1-3m,0.8,min,min,min,0.2744602191411625,1.3854439707689081,1.0119708363300046,0.505764940537297,3.2311730660815643,"<image>These are frames of a video.
Measuring from the closest point of each object, what is the direct distance between the mirror and the backpack (in meters)?
Please answer the question using a single word or phrase.",2.4744602191411627,0.8,0.2744602191411625,2.6254680655952694,0.7,0.4254680655952692,2.6859555087319156,0.6,0.4859555087319154,2.9173020879182023,0.4,0.7173020879182022,3.2311730660815643,0.1,1.0311730660815641,3.4230670284554994,0.0,1.2230670284554992,3.637438901925274,0.0,1.4374389019252738
1481,1.0,1-3m,1.0,p90,p90,p90,0.022450873630444068,2.187292149930854,0.5550003441422976,0.25643910522077906,0.7199259441791495,"<image>These are frames of a video.
Measuring from the closest point of each object, what is the direct distance between the fireplace and the tv (in meters)?
Please answer the question using a single word or phrase.",0.32673017341969274,0.0,0.6732698265803072,0.46745052948814647,0.0,0.5325494705118535,0.5079458777596907,0.1,0.4920541222403093,0.5990798036450317,0.2,0.40092019635496834,0.7199259441791495,0.5,0.28007405582085054,0.8555189088658107,0.8,0.14448109113418928,1.022450873630444,1.0,0.022450873630444068
1482,0.7,<1m,1.0,p25,p25,p25,0.016950944682121438,5.146114069617302,1.5977275859896807,0.8916066941940128,1.2520641351300874,"<image>These are frames of a video.
Measuring from the closest point of each object, what is the direct distance between the bookshelf and the door (in meters)?
Please answer the question using a single word or phrase.",0.0029027359612732754,0.0,0.6970972640387266,0.38535543382605375,0.2,0.3146445661739462,0.48965937547595,0.4,0.21034062452404995,0.7169509446821214,1.0,0.016950944682121438,1.2520641351300874,0.0,0.5520641351300875,1.6085576388761342,0.0,0.9085576388761343,1.9830830198157345,0.0,1.2830830198157346
1484,4.2,>=3m,0.0,min|p05|p10|p25|median|p75|p90,p90,p90,3.5953176347441427,6.009352635243848,0.5040588202654209,0.3041829622597577,0.46129341244707245,"<image>These are frames of a video.
Measuring from the closest point of each object, what is the direct distance between the dishwasher and the table (in meters)?
Please answer the question using a single word or phrase.",0.0,0.0,4.2,0.10062354499043648,0.0,4.099376455009564,0.15114521941222023,0.0,4.04885478058778,0.22709339668944453,0.0,3.972906603310556,0.46129341244707245,0.0,3.7387065875529277,0.5312763589492022,0.0,3.668723641050798,0.6046823652558574,0.0,3.5953176347441427
1485,1.2,1-3m,0.6,p90,p90,p90,0.2750264777820485,3.7993748473123157,0.6815193858427846,0.4747749912974514,0.7559731346228736,"<image>These are frames of a video.
Measuring from the closest point of each object, what is the direct distance between the bathtub and the toilet (in meters)?
Please answer the question using a single word or phrase.",0.042520399866740964,0.0,1.157479600133259,0.2434541363751669,0.0,0.9565458636248331,0.28616355693949,0.0,0.9138364430605099,0.399869842992128,0.0,0.8001301570078719,0.7559731346228736,0.3,0.4440268653771263,0.8746448342895794,0.5,0.32535516571042056,0.9249735222179515,0.6,0.2750264777820485
1486,1.5,1-3m,0.7,p75,p75,p75,0.2286011059018105,3.709317352574061,1.3762337341204094,0.39657469328951966,1.0419851687987909,"<image>These are frames of a video.
Measuring from the closest point of each object, what is the direct distance between the bed and the dishwasher (in meters)?
Please answer the question using a single word or phrase.",0.07455845851753949,0.0,1.4254415414824606,0.5079632818993615,0.0,0.9920367181006385,0.6200920094221646,0.0,0.8799079905778354,0.8748242008086698,0.2,0.6251757991913302,1.0419851687987909,0.4,0.4580148312012091,1.2713988940981895,0.7,0.2286011059018105,1.884197016019771,0.5,0.38419701601977096
1487,3.8,>=3m,0.0,min|p05|p10|p25|median|p75|p90,p90,p90,2.39909129712656,5.727620086731137,1.1563204303169465,0.559480669507259,0.8578034917366372,"<image>These are frames of a video.
Measuring from the closest point of each object, what is the direct distance between the blanket and the table lamp (in meters)?
Please answer the question using a single word or phrase.",0.006233428696504455,0.0,3.7937665713034954,0.244588272556493,0.0,3.5554117274435066,0.33808445775779333,0.0,3.4619155422422065,0.5787172796045054,0.0,3.2212827203954943,0.8578034917366372,0.0,2.9421965082633625,1.1381979491117644,0.0,2.6618020508882356,1.4009087028734395,0.0,2.39909129712656
1488,2.3,1-3m,0.9,p90,p90,p90,0.21800708234416355,6.048971800821016,1.737803361775736,0.45459848688158,1.803671264931226,"<image>These are frames of a video.
Measuring from the closest point of each object, what is the direct distance between the mirror and the window (in meters)?
Please answer the question using a single word or phrase.",0.16890869249087664,0.0,2.131091307509123,0.34418955588010036,0.0,1.9558104441198996,1.1469038821309951,0.0,1.1530961178690047,1.4963485195725839,0.4,0.803651480427416,1.803671264931226,0.6,0.49632873506877373,1.9509470064541639,0.7,0.34905299354583597,2.0819929176558363,0.9,0.21800708234416355
1489,0.9,<1m,1.0,p75,p75,p75,0.039077559914856286,4.862570952598011,1.1305539740175548,0.4866244236824693,0.6022075545612395,"<image>These are frames of a video.
Measuring from the closest point of each object, what is the direct distance between the trash can and the computer mouse (in meters)?
Please answer the question using a single word or phrase.",0.15070317749832512,0.0,0.749296822501675,0.29269468131248977,0.0,0.6073053186875103,0.34042764849325596,0.0,0.5595723515067441,0.45245313623238703,0.1,0.447546863767613,0.6022075545612395,0.4,0.2977924454387605,0.9390775599148563,1.0,0.039077559914856286,1.4232486553300445,0.0,0.5232486553300445
1490,0.9,<1m,0.6,median,median,median,0.18625818783296622,4.133505070698929,1.0306344867576365,0.6876354769493251,0.7137418121670338,"<image>These are frames of a video.
Measuring from the closest point of each object, what is the direct distance between the trash can and the monitor (in meters)?
Please answer the question using a single word or phrase.",0.18858645973484614,0.0,0.7114135402651539,0.3289078726551265,0.0,0.5710921273448735,0.36662802940701356,0.0,0.5333719705929865,0.5705551743947639,0.3,0.32944482560523614,0.7137418121670338,0.6,0.18625818783296622,1.258190651344089,0.3,0.358190651344089,1.359542359412763,0.0,0.4595423594127629
1491,1.8,1-3m,0.7,p90,p90,p90,0.35983514370394065,4.960000994442983,1.1498090967085974,0.5809214897496742,0.8790843414986869,"<image>These are frames of a video.
Measuring from the closest point of each object, what is the direct distance between the table lamp and the blanket (in meters)?
Please answer the question using a single word or phrase.",0.0439223322303045,0.0,1.7560776677696956,0.290355759587462,0.0,1.509644240412538,0.4319289029182657,0.0,1.3680710970817342,0.6037024565540021,0.0,1.196297543445998,0.8790843414986869,0.0,0.9209156585013132,1.1846239463036763,0.4,0.6153760536963238,1.4401648562960594,0.7,0.35983514370394065
1492,5.4,>=3m,0.0,min|p05|p10|p25|median|p75|p90,p90,p90,3.2915464561732706,3.613183322259455,1.5249089639441245,1.196386584304845,1.0900399467384014,"<image>These are frames of a video.
Measuring from the closest point of each object, what is the direct distance between the tv and the door (in meters)?
Please answer the question using a single word or phrase.",0.4035347954897401,0.0,4.99646520451026,0.5835445798826053,0.0,4.816455420117395,0.6246482821130639,0.0,4.775351717886936,0.7037840718525805,0.0,4.69621592814742,1.0900399467384014,0.0,4.309960053261599,1.9001706561574254,0.0,3.499829343842575,2.10845354382673,0.0,3.2915464561732706
1493,1.9,1-3m,0.8,p90,p90,p90,0.2071762166158655,4.811233930866406,1.340975628065008,0.9077472842373869,0.9092458776893395,"<image>These are frames of a video.
Measuring from the closest point of each object, what is the direct distance between the radiator and the nightstand (in meters)?
Please answer the question using a single word or phrase.",0.020350782531546836,0.0,1.8796492174684531,0.35184815531912644,0.0,1.5481518446808735,0.4257870877630652,0.0,1.4742129122369347,0.5798915731547837,0.0,1.3201084268452163,0.9092458776893395,0.0,0.9907541223106604,1.4876388573921706,0.6,0.4123611426078293,1.6928237833841344,0.8,0.2071762166158655
1494,2.6,1-3m,0.0,min|p05|p10|p25|median|p75|p90,p90,p90,1.5354085800625572,11.1479781994739,0.9690950527138612,0.7628042453423138,0.759211051442624,"<image>These are frames of a video.
Measuring from the closest point of each object, what is the direct distance between the radiator and the table (in meters)?
Please answer the question using a single word or phrase.",0.0008167700377147326,0.0,2.5991832299622852,0.09549636722358171,0.0,2.5045036327764185,0.12628485858737779,0.0,2.4737151414126224,0.24074886451171013,0.0,2.35925113548829,0.759211051442624,0.0,1.840788948557376,1.003553109854024,0.0,1.596446890145976,1.0645914199374429,0.0,1.5354085800625572
1495,1.4,1-3m,0.5,p90,p90,p90,0.35013138858425297,1.7575259735804356,0.45251265355359804,0.17560872339497335,0.7668654096151765,"<image>These are frames of a video.
Measuring from the closest point of each object, what is the direct distance between the fireplace and the refrigerator (in meters)?
Please answer the question using a single word or phrase.",0.5282505698580968,0.0,0.8717494301419031,0.5973559578621489,0.0,0.802644042137851,0.6150531487569126,0.0,0.7849468512430873,0.6831371061790791,0.0,0.7168628938209208,0.7668654096151765,0.1,0.6331345903848234,0.8587458295740524,0.3,0.5412541704259475,1.049868611415747,0.5,0.35013138858425297
1496,1.0,1-3m,0.3,p90,p90,p90,0.38788854845601095,3.994979186690834,0.458891266171504,0.2190215987203633,0.4221223716999362,"<image>These are frames of a video.
Measuring from the closest point of each object, what is the direct distance between the tv and the fireplace (in meters)?
Please answer the question using a single word or phrase.",0.0024933706321188095,0.0,0.9975066293678811,0.15322018537248502,0.0,0.846779814627515,0.1904896885755154,0.0,0.8095103114244846,0.302782073588283,0.0,0.697217926411717,0.4221223716999362,0.0,0.5778776283000637,0.5218036723086463,0.1,0.4781963276913537,0.612111451543989,0.3,0.38788854845601095
1497,2.8,1-3m,0.1,p90,p90,p90,1.3221867861703727,1.836836857924672,0.673270770414529,0.4022603030371461,1.2988836036256788,"<image>These are frames of a video.
Measuring from the closest point of each object, what is the direct distance between the suitcase and the computer mouse (in meters)?
Please answer the question using a single word or phrase.",0.6501284081586404,0.0,2.1498715918413596,0.8045424434150982,0.0,1.9954575565849018,0.8524431656028026,0.0,1.9475568343971972,0.9954653079096529,0.0,1.804534692090347,1.2988836036256788,0.0,1.501116396374321,1.397725610946799,0.0,1.4022743890532008,1.4778132138296272,0.1,1.3221867861703727
1498,2.3,1-3m,0.2,p90,p90,p90,1.0270882851793794,2.349211060098567,0.7310652471102171,0.25641538871550273,0.7446740163871026,"<image>These are frames of a video.
Measuring from the closest point of each object, what is the direct distance between the backpack and the table (in meters)?
Please answer the question using a single word or phrase.",0.28658513616491094,0.0,2.013414863835089,0.5418464677104032,0.0,1.7581535322895965,0.5715246248794591,0.0,1.7284753751205408,0.6370991938702095,0.0,1.6629008061297903,0.7446740163871026,0.0,1.5553259836128972,0.8935145825857123,0.0,1.4064854174142876,1.2729117148206204,0.2,1.0270882851793794
1499,1.9,1-3m,0.0,min|p05|p10|p25|median|p75|p90,p90,p90,1.1557581195654418,11.65769506029099,0.6804006256594498,0.5480267482903871,0.4057657323125419,"<image>These are frames of a video.
Measuring from the closest point of each object, what is the direct distance between the tv and the fireplace (in meters)?
Please answer the question using a single word or phrase.",0.0013475446561874993,0.0,1.8986524553438124,0.06384125477510826,0.0,1.8361587452248918,0.08687545128522976,0.0,1.8131245487147702,0.14020508520742053,0.0,1.7597949147925793,0.4057657323125419,0.0,1.494234267687458,0.6882318334978077,0.0,1.2117681665021922,0.7442418804345581,0.0,1.1557581195654418
1500,3.1,>=3m,0.0,min|p05|p10|p25|median|p75|p90,p90,p90,1.9193795606770014,1.8373979017371447,0.5380702120658564,0.3058995889667362,0.8473677904037923,"<image>These are frames of a video.
Measuring from the closest point of each object, what is the direct distance between the cup and the door (in meters)?
Please answer the question using a single word or phrase.",0.4319134566086299,0.0,2.6680865433913703,0.6425502272571423,0.0,2.4574497727428577,0.7027752608553626,0.0,2.3972247391446375,0.7698876853854995,0.0,2.3301123146145004,0.8473677904037923,0.0,2.2526322095962077,1.0757872743522356,0.0,2.0242127256477644,1.1806204393229986,0.0,1.9193795606770014
1501,2.5,1-3m,0.0,min|p05|p10|p25|median|p75|p90,p90,p90,1.3413091606112122,2.015547777492495,0.583814444828549,0.3531783519347025,1.022481405737713,"<image>These are frames of a video.
Measuring from the closest point of each object, what is the direct distance between the kettle and the microwave (in meters)?
Please answer the question using a single word or phrase.",0.4371538496957997,0.0,2.0628461503042,0.5748763945602388,0.0,1.9251236054397611,0.627571893649119,0.0,1.872428106350881,0.767287297762125,0.0,1.732712702237875,1.022481405737713,0.0,1.477518594262287,1.1204656496968275,0.0,1.3795343503031725,1.1586908393887878,0.0,1.3413091606112122
1502,2.8,1-3m,0.2,p75|p90,p90,p90,1.1213737315613912,1.6617861600407535,0.6684925287296186,0.34271596544184346,1.4291414009431425,"<image>These are frames of a video.
Measuring from the closest point of each object, what is the direct distance between the bookshelf and the heater (in meters)?
Please answer the question using a single word or phrase.",0.9145250082039456,0.0,1.8854749917960543,1.01013373970899,0.0,1.7898662602910098,1.047775273667517,0.0,1.7522247263324828,1.2584023259317698,0.0,1.54159767406823,1.4291414009431425,0.1,1.3708585990568574,1.6011182913736133,0.2,1.1988817086263865,1.6786262684386086,0.2,1.1213737315613912
1503,2.8,1-3m,0.3,p75|p90,p90,p90,1.0444404176739255,9.219169528736659,1.5651346664099608,1.2889430330050313,1.5712284982271152,"<image>These are frames of a video.
Measuring from the closest point of each object, what is the direct distance between the pillow and the bookshelf (in meters)?
Please answer the question using a single word or phrase.",0.002912929938465782,0.0,2.7970870700615342,0.19042491591611355,0.0,2.609575084083886,0.23562412561064008,0.0,2.5643758743893597,0.39337156880015434,0.0,2.4066284311998456,1.5712284982271152,0.2,1.2287715017728846,1.6823146018051855,0.3,1.1176853981948143,1.7555595823260743,0.3,1.0444404176739255
1504,2.0,1-3m,0.0,min|p05|p10|p25|median|p75|p90,p90,p90,1.1566360982963535,1.8466415007621582,0.38666242426172415,0.21393441757643195,0.6068667773569032,"<image>These are frames of a video.
Measuring from the closest point of each object, what is the direct distance between the lamp and the chair (in meters)?
Please answer the question using a single word or phrase.",0.30326319518122563,0.0,1.6967368048187743,0.45670147744192247,0.0,1.5432985225580775,0.48878017741444857,0.0,1.5112198225855513,0.5455042798411727,0.0,1.4544957201588273,0.6068667773569032,0.0,1.3931332226430968,0.7594386974176046,0.0,1.2405613025823954,0.8433639017036466,0.0,1.1566360982963535
1505,2.4,1-3m,0.0,min|p05|p10|p25|median|p75|p90,p90,p90,1.238515904288725,6.379682118806267,0.9794242259432486,0.33160141892723916,0.7875801562488709,"<image>These are frames of a video.
Measuring from the closest point of each object, what is the direct distance between the blanket and the laptop (in meters)?
Please answer the question using a single word or phrase.",0.03318534554109817,0.0,2.366814654458902,0.18205986976802627,0.0,2.2179401302319737,0.230023898172385,0.0,2.169976101827615,0.5724655442959017,0.0,1.8275344557040982,0.7875801562488709,0.0,1.612419843751129,0.9040669632231408,0.0,1.495933036776859,1.1614840957112749,0.0,1.238515904288725
1506,1.7,1-3m,0.7,p90,p90,p90,0.31475209219056377,20.23713742136216,1.31679712453081,0.5601834682230324,0.8973240437823227,"<image>These are frames of a video.
Measuring from the closest point of each object, what is the direct distance between the window and the chair (in meters)?
Please answer the question using a single word or phrase.",0.0010297649957080586,0.0,1.698970235004292,0.06845078327862614,0.0,1.6315492167213739,0.10510091127298454,0.0,1.5948990887270154,0.4722141481298808,0.0,1.2277858518701192,0.8973240437823227,0.1,0.8026759562176773,1.0323976163529132,0.3,0.6676023836470868,1.3852479078094362,0.7,0.31475209219056377
1507,6.4,>=3m,0.0,min|p05|p10|p25|median|p75|p90,p90,p90,5.014240939870021,6.203031369243573,1.1623587615274322,0.6006360372905122,0.7672599239557708,"<image>These are frames of a video.
Measuring from the closest point of each object, what is the direct distance between the refrigerator and the chair (in meters)?
Please answer the question using a single word or phrase.",0.13401414682824417,0.0,6.265985853171756,0.22340029860254682,0.0,6.176599701397453,0.3545026118592094,0.0,6.045497388140791,0.5386348959250544,0.0,5.861365104074946,0.7672599239557708,0.0,5.63274007604423,1.1392709332155666,0.0,5.2607290667844335,1.385759060129979,0.0,5.014240939870021
1508,4.7,>=3m,0.4,p90,p90,p90,1.5463106218795875,15.276322849169626,2.947246413458152,1.9654196284068626,1.6572319629893677,"<image>These are frames of a video.
Measuring from the closest point of each object, what is the direct distance between the chair and the stove (in meters)?
Please answer the question using a single word or phrase.",0.046310624536020265,0.0,4.65368937546398,0.20644296466226084,0.0,4.493557035337739,0.5688317172731204,0.0,4.13116828272688,1.014502662178521,0.0,3.685497337821479,1.6572319629893677,0.0,3.0427680370106325,2.9799222905853835,0.3,1.7200777094146167,3.1536893781204127,0.4,1.5463106218795875
1510,2.1,1-3m,0.7,p90,p90,p90,0.3239214389680962,9.66457300484099,1.5923064936946025,0.5280044767739918,0.9327201820592679,"<image>These are frames of a video.
Measuring from the closest point of each object, what is the direct distance between the toilet and the door (in meters)?
Please answer the question using a single word or phrase.",0.0,0.0,2.1,0.1837720673373014,0.0,1.9162279326626988,0.39684040833627837,0.0,1.7031595916637217,0.7060003230510601,0.0,1.39399967694894,0.9327201820592679,0.0,1.1672798179407322,1.2340047998250518,0.2,0.8659952001749482,1.7760785610319039,0.7,0.3239214389680962
1513,1.5,1-3m,0.4,p90,p90,p90,0.47115747425424037,3.0850429222891136,0.6953487781183021,0.18522921790886449,0.7839464014386802,"<image>These are frames of a video.
Measuring from the closest point of each object, what is the direct distance between the chair and the door (in meters)?
Please answer the question using a single word or phrase.",0.047410683927834714,0.0,1.4525893160721652,0.3334937476274575,0.0,1.1665062523725425,0.42471308469999075,0.0,1.0752869153000093,0.7003626401423739,0.0,0.7996373598576261,0.7839464014386802,0.1,0.7160535985613198,0.8855918580512384,0.2,0.6144081419487616,1.0288425257457596,0.4,0.47115747425424037
1514,1.8,1-3m,0.4,p90,p90,p90,0.5610328575999699,10.340817348979614,1.1191538722698613,0.7392617671195398,0.4913345532218129,"<image>These are frames of a video.
Measuring from the closest point of each object, what is the direct distance between the blanket and the sofa (in meters)?
Please answer the question using a single word or phrase.",0.0012969266926018525,0.0,1.798703073307398,0.11981327013016876,0.0,1.6801867298698312,0.17548687174089045,0.0,1.6245131282591097,0.3039843926474626,0.0,1.4960156073525375,0.4913345532218129,0.0,1.308665446778187,1.0432461597670024,0.2,0.7567538402329976,1.2389671424000301,0.4,0.5610328575999699
1515,1.4,1-3m,0.7,p10|p25,p25,p25,0.2112380871678674,1.956563150791461,1.0588596887668593,0.9341465188281597,1.7049265128048938,"<image>These are frames of a video.
Measuring from the closest point of each object, what is the direct distance between the heater and the trash can (in meters)?
Please answer the question using a single word or phrase.",1.0259900398202455,0.5,0.3740099601797544,1.1069417506735004,0.6,0.2930582493264995,1.1335004055192082,0.7,0.26649959448079175,1.1887619128321325,0.7,0.2112380871678674,1.7049265128048938,0.6,0.3049265128048939,2.122908431660292,0.0,0.7229084316602923,2.1658014394403597,0.0,0.7658014394403598
1517,1.7,1-3m,0.5,p90,p90,p90,0.48622507858896946,2.397848633570876,0.7075816177897435,0.3665404147610577,0.9076297677552548,"<image>These are frames of a video.
Measuring from the closest point of each object, what is the direct distance between the table and the tv (in meters)?
Please answer the question using a single word or phrase.",0.3312370059898467,0.0,1.3687629940101533,0.506193303621287,0.0,1.1938066963787128,0.556652704269556,0.0,1.143347295730444,0.6762787326266312,0.0,1.0237212673733689,0.9076297677552548,0.1,0.7923702322447451,1.0428191473876889,0.3,0.6571808526123111,1.2137749214110305,0.5,0.48622507858896946
1518,1.0,1-3m,1.0,p75,p75,p75,0.04387379143919401,4.585996142717679,1.1292224847398649,0.466886490553431,0.7612089403711046,"<image>These are frames of a video.
Measuring from the closest point of each object, what is the direct distance between the table and the refrigerator (in meters)?
Please answer the question using a single word or phrase.",0.08983610028595214,0.0,0.9101638997140479,0.3148978525905701,0.0,0.6851021474094299,0.409991037119559,0.0,0.590008962880441,0.576987300885763,0.2,0.423012699114237,0.7612089403711046,0.6,0.23879105962889535,1.043873791439194,1.0,0.04387379143919401,1.444120337330435,0.2,0.444120337330435
1519,3.7,>=3m,0.0,min|p05|p10|p25|median|p75|p90,p90,p90,2.1573052236902983,6.184498197684594,1.2932493521219692,0.5477884412329748,1.0641243093636148,"<image>These are frames of a video.
Measuring from the closest point of each object, what is the direct distance between the basket and the table (in meters)?
Please answer the question using a single word or phrase.",0.2057002290080005,0.0,3.494299770992,0.24944542418773274,0.0,3.4505545758122675,0.4094132140945077,0.0,3.2905867859054925,0.8149721792764244,0.0,2.8850278207235758,1.0641243093636148,0.0,2.6358756906363854,1.3627606205093992,0.0,2.337239379490601,1.542694776309702,0.0,2.1573052236902983
1520,2.7,1-3m,0.3,p75|p90,p90,p90,1.002539816910464,2.5632803862984526,1.035238370695153,0.8433714365768139,1.5301938937484119,"<image>These are frames of a video.
Measuring from the closest point of each object, what is the direct distance between the stool and the toilet (in meters)?
Please answer the question using a single word or phrase.",0.4973741176525377,0.0,2.2026258823474625,0.6622218123943833,0.0,2.0377781876056167,0.7088229766809248,0.0,1.9911770233190755,0.7867627109448756,0.0,1.9132372890551246,1.5301938937484119,0.2,1.1698061062515883,1.6301341475216895,0.3,1.0698658524783107,1.6974601830895362,0.3,1.002539816910464
1521,2.6,1-3m,0.3,p90,p90,p90,1.0098962120909547,4.3773079885225075,1.2268431281431877,0.3378630537441578,1.5099024342722704,"<image>These are frames of a video.
Measuring from the closest point of each object, what is the direct distance between the backpack and the door (in meters)?
Please answer the question using a single word or phrase.",0.20055174693274633,0.0,2.399448253067254,0.3632606597658577,0.0,2.2367393402341422,0.4019565220390558,0.0,2.1980434779609443,1.213986007551542,0.0,1.386013992448458,1.5099024342722704,0.2,1.0900975657277296,1.5518490612956999,0.2,1.0481509387043002,1.5901037879090454,0.3,1.0098962120909547
1522,1.7,1-3m,0.7,p90,p90,p90,0.26809722817335513,9.067877927705391,1.2739934149470484,0.9589056657069004,1.0668608430467574,"<image>These are frames of a video.
Measuring from the closest point of each object, what is the direct distance between the microwave and the table (in meters)?
Please answer the question using a single word or phrase.",0.009103258212899175,0.0,1.6908967417871008,0.1579093568795963,0.0,1.5420906431204036,0.20094373454316794,0.0,1.499056265456832,0.3595896536341683,0.0,1.3404103463658317,1.0668608430467574,0.3,0.6331391569532425,1.3184953193410687,0.6,0.3815046806589313,1.4319027718266448,0.7,0.26809722817335513
1523,3.4,>=3m,0.2,p90,p90,p90,1.4875286964124401,5.491532071180296,1.5642130618440109,1.071227338017146,0.8323084617565536,"<image>These are frames of a video.
Measuring from the closest point of each object, what is the direct distance between the sofa and the washer (in meters)?
Please answer the question using a single word or phrase.",0.20871609778750322,0.0,3.1912839022124966,0.348258241743549,0.0,3.0517417582564508,0.4909222531445842,0.0,2.9090777468554156,0.6037101628846204,0.0,2.7962898371153795,0.8323084617565536,0.0,2.567691538243446,1.6749375009017664,0.0,1.7250624990982335,1.9124713035875598,0.2,1.4875286964124401
1524,2.3,1-3m,0.0,min|p05|p10|p25|median|p75|p90,p90,p90,1.6295089784602779,2.3359126605517613,0.3834550236350115,0.2514197633282146,0.5499586593776427,"<image>These are frames of a video.
Measuring from the closest point of each object, what is the direct distance between the monitor and the trash can (in meters)?
Please answer the question using a single word or phrase.",0.19705947163139492,0.0,2.102940528368605,0.28703599790471046,0.0,2.0129640020952895,0.3144676110075281,0.0,1.9855323889924716,0.3724935353910309,0.0,1.9275064646089688,0.5499586593776427,0.0,1.7500413406223572,0.6239132987192455,0.0,1.6760867012807543,0.670491021539722,0.0,1.6295089784602779
1525,0.9,<1m,1.0,p25,p25,p25,0.03549917622869314,2.3905160348209806,0.8964432412596804,0.5027433433769465,1.1131064844009755,"<image>These are frames of a video.
Measuring from the closest point of each object, what is the direct distance between the mirror and the bed (in meters)?
Please answer the question using a single word or phrase.",0.30702488491119445,0.0,0.5929751150888056,0.6446838575112809,0.5,0.25531614248871914,0.71890400042984,0.6,0.18109599957015998,0.8645008237713069,1.0,0.03549917622869314,1.1131064844009755,0.6,0.21310648440097546,1.3672441671482534,0.0,0.46724416714825334,1.5411270987709613,0.0,0.6411270987709613
1526,2.4,1-3m,0.2,p90,p90,p90,1.0221922607588672,6.510651994407861,1.1661841199132126,0.859105236098627,1.1259258955211977,"<image>These are frames of a video.
Measuring from the closest point of each object, what is the direct distance between the computer mouse and the bookshelf (in meters)?
Please answer the question using a single word or phrase.",0.12283901787351796,0.0,2.2771609821264818,0.21162361932792007,0.0,2.18837638067208,0.2647699735688451,0.0,2.135230026431155,0.4427345765512166,0.0,1.9572654234487832,1.1259258955211977,0.0,1.2740741044788022,1.3018398126498436,0.1,1.0981601873501563,1.3778077392411328,0.2,1.0221922607588672
1527,2.4,1-3m,0.4,p90,p90,p90,0.7210256092070311,16.447416185744938,1.57689304428651,0.8896972094554623,0.3545615542312285,"<image>These are frames of a video.
Measuring from the closest point of each object, what is the direct distance between the tv and the table lamp (in meters)?
Please answer the question using a single word or phrase.",0.0010135903793973334,0.0,2.3989864096206026,0.10208134650645885,0.0,2.297918653493541,0.13555681481320928,0.0,2.2644431851867908,0.21283589594423757,0.0,2.1871641040557623,0.3545615542312285,0.0,2.0454384457687715,1.1025331053996998,0.0,1.2974668946003,1.6789743907929688,0.4,0.7210256092070311
1528,3.8,>=3m,0.0,min|p05|p10|p25|median|p75|p90,p90,p90,3.2624381640293776,3.74350302950455,0.3939632247944566,0.19386106159362623,0.2777629916718469,"<image>These are frames of a video.
Measuring from the closest point of each object, what is the direct distance between the fireplace and the stove (in meters)?
Please answer the question using a single word or phrase.",0.11186844683458333,0.0,3.6881315531654164,0.14359861117616574,0.0,3.6564013888238343,0.1552582846010637,0.0,3.6447417153989363,0.20638674901950263,0.0,3.593613250980497,0.2777629916718469,0.0,3.522237008328153,0.40024781061312886,0.0,3.399752189386871,0.5375618359706223,0.0,3.2624381640293776
1529,5.0,>=3m,0.0,min|p05|p10|p25|median|p75|p90,p90,p90,3.528644105480166,4.483155882311267,1.143159433556874,0.5562007196387997,0.6162993060755945,"<image>These are frames of a video.
Measuring from the closest point of each object, what is the direct distance between the counter and the sofa (in meters)?
Please answer the question using a single word or phrase.",0.02786289402441187,0.0,4.972137105975588,0.32819646096295996,0.0,4.67180353903704,0.3774203977447079,0.0,4.622579602255292,0.4660067768700235,0.0,4.533993223129976,0.6162993060755945,0.0,4.383700693924405,1.0222074965088233,0.0,3.9777925034911767,1.471355894519834,0.0,3.528644105480166
1530,4.9,>=3m,0.0,min|p05|p10|p25|median|p75|p90,p90,p90,3.753706062192106,13.863894365197897,1.063611979361543,0.4161125484349283,0.4933585414509265,"<image>These are frames of a video.
Measuring from the closest point of each object, what is the direct distance between the stove and the stool (in meters)?
Please answer the question using a single word or phrase.",0.0,0.0,4.9,0.08268195844635114,0.0,4.81731804155365,0.10575689999029726,0.0,4.794243100009703,0.42244264177388513,0.0,4.4775573582261154,0.4933585414509265,0.0,4.406641458549074,0.8385551902088134,0.0,4.061444809791187,1.1462939378078942,0.0,3.753706062192106
1531,3.4,>=3m,0.5,p90,p90,p90,0.9457681795842872,4.930474942743914,1.9564639889357944,1.2483624798233879,1.7163594867715397,"<image>These are frames of a video.
Measuring from the closest point of each object, what is the direct distance between the tv and the door (in meters)?
Please answer the question using a single word or phrase.",0.05902301481915797,0.0,3.3409769851808417,0.4977678314799183,0.0,2.9022321685200816,0.6760506232992219,0.0,2.723949376700778,0.9256944785966357,0.0,2.4743055214033642,1.7163594867715397,0.1,1.6836405132284602,2.1740569584200236,0.3,1.2259430415799764,2.4542318204157128,0.5,0.9457681795842872
1532,2.7,1-3m,0.2,p90,p90,p90,1.2073952799455716,2.8490729072955387,0.9687133460455857,0.4689287907935785,0.9046460640054452,"<image>These are frames of a video.
Measuring from the closest point of each object, what is the direct distance between the headphones and the door (in meters)?
Please answer the question using a single word or phrase.",0.4460306233924189,0.0,2.2539693766075812,0.5238913740088429,0.0,2.1761086259911573,0.565649734406655,0.0,2.134350265593345,0.6723505152105452,0.0,2.027649484789455,0.9046460640054452,0.0,1.795353935994555,1.1412793060041238,0.0,1.5587206939958764,1.4926047200544286,0.2,1.2073952799455716
1533,6.0,>=3m,0.0,min|p05|p10|p25|median|p75|p90,p90,p90,3.905146334884558,7.892648446958807,1.8294353230730276,0.8377382637038895,1.1548560968738153,"<image>These are frames of a video.
Measuring from the closest point of each object, what is the direct distance between the computer mouse and the clock (in meters)?
Please answer the question using a single word or phrase.",0.21832746888550458,0.0,5.781672531114495,0.2654183420424142,0.0,5.734581657957586,0.2956902125440328,0.0,5.704309787455967,0.5378064332605152,0.0,5.462193566739485,1.1548560968738153,0.0,4.845143903126185,1.3755446969644047,0.0,4.624455303035595,2.094853665115442,0.0,3.905146334884558
1534,0.7,<1m,1.0,p75,p75,p75,0.02410545149369181,1.7952208982742799,0.3302640180604074,0.19478259047929725,0.5593636248227484,"<image>These are frames of a video.
Measuring from the closest point of each object, what is the direct distance between the tv and the table (in meters)?
Please answer the question using a single word or phrase.",0.2925272731439386,0.0,0.40747272685606134,0.4153110397087375,0.2,0.28468896029126245,0.43677714380451077,0.3,0.2632228561954892,0.4811119580270109,0.4,0.21888804197298906,0.5593636248227484,0.6,0.14063637517725158,0.6758945485063081,1.0,0.02410545149369181,0.7455750577691449,0.9,0.045575057769144944
1535,0.9,<1m,0.9,p90,p90,p90,0.06275857998932999,3.738372187497353,0.6132826010330551,0.20046714380092734,0.6569394813965763,"<image>These are frames of a video.
Measuring from the closest point of each object, what is the direct distance between the counter and the sofa (in meters)?
Please answer the question using a single word or phrase.",0.014825204778318272,0.0,0.8851747952216817,0.22395881897761494,0.0,0.6760411810223851,0.28035701589225326,0.0,0.6196429841077468,0.5590783732371712,0.3,0.3409216267628288,0.6569394813965763,0.5,0.2430605186034237,0.7595455170380986,0.7,0.14045448296190144,0.83724142001067,0.9,0.06275857998932999
1536,4.1,>=3m,0.0,min|p05|p10|p25|median|p75|p90,p90,p90,3.2418113206582415,3.9435802253160266,0.6405720390531773,0.21710768688764837,0.7405358734703655,"<image>These are frames of a video.
Measuring from the closest point of each object, what is the direct distance between the refrigerator and the tv (in meters)?
Please answer the question using a single word or phrase.",0.14358648218479725,0.0,3.9564135178152022,0.21761664028858077,0.0,3.882383359711419,0.5591316889731769,0.0,3.5408683110268226,0.6004654918087018,0.0,3.4995345081912976,0.7405358734703655,0.0,3.359464126529634,0.8175731786963502,0.0,3.2824268213036496,0.858188679341758,0.0,3.2418113206582415
1538,3.4,>=3m,0.0,min|p05|p10|p25|median|p75|p90,p90,p90,1.7513117087251409,3.618451912435953,1.1930546857518394,0.8085144157340967,1.183190822598646,"<image>These are frames of a video.
Measuring from the closest point of each object, what is the direct distance between the cutting board and the sofa (in meters)?
Please answer the question using a single word or phrase.",0.30601238707831524,0.0,3.093987612921685,0.4556336055230197,0.0,2.9443663944769805,0.5140949610687622,0.0,2.885905038931238,0.684235500909248,0.0,2.715764499090752,1.183190822598646,0.0,2.2168091774013536,1.4927499166433447,0.0,1.9072500833566552,1.648688291274859,0.0,1.7513117087251409
1539,1.3,1-3m,1.0,median,median,median,0.05521526951813027,8.710684393732377,1.4540405981399562,1.018100092464817,1.2447847304818698,"<image>These are frames of a video.
Measuring from the closest point of each object, what is the direct distance between the chair and the suitcase (in meters)?
Please answer the question using a single word or phrase.",0.014624051177657593,0.0,1.2853759488223424,0.18857477804718242,0.0,1.1114252219528176,0.4732983771337495,0.0,0.8267016228662505,0.5681953582882471,0.0,0.731804641711753,1.2447847304818698,1.0,0.05521526951813027,1.586295450753064,0.6,0.28629545075306395,1.6426153761871387,0.5,0.34261537618713866
1540,3.7,>=3m,0.3,p75|p90,p90,p90,1.3721222966205433,4.523426973405336,1.8132506922514362,1.5303336771487719,1.7659127815057722,"<image>These are frames of a video.
Measuring from the closest point of each object, what is the direct distance between the door and the window (in meters)?
Please answer the question using a single word or phrase.",0.16375093488363154,0.0,3.5362490651163685,0.5146270111280208,0.0,3.1853729888719795,0.5859712992631025,0.0,3.1140287007368976,0.7526022513389434,0.0,2.9473977486610567,1.7659127815057722,0.0,1.934087218494228,2.2829359284877153,0.3,1.4170640715122849,2.327877703379457,0.3,1.3721222966205433
1542,2.4,1-3m,0.3,p75|p90,p90,p90,0.9002771484770904,1.1743490897399118,0.22265552577988057,0.13666437693836664,1.3694233603482397,"<image>These are frames of a video.
Measuring from the closest point of each object, what is the direct distance between the telephone and the refrigerator (in meters)?
Please answer the question using a single word or phrase.",1.24477505266681,0.1,1.15522494733319,1.277067325743029,0.1,1.122932674256971,1.2861971707434834,0.1,1.1138028292565165,1.3091047518771681,0.1,1.0908952481228318,1.3694233603482397,0.2,1.0305766396517602,1.4457691288155348,0.3,0.9542308711844651,1.4997228515229095,0.3,0.9002771484770904
1544,1.5,1-3m,0.8,p75,p75,p75,0.1576336644389158,2.754175905038099,1.1604573204947592,0.6269432148749672,1.0312153913020028,"<image>These are frames of a video.
Measuring from the closest point of each object, what is the direct distance between the computer mouse and the window (in meters)?
Please answer the question using a single word or phrase.",0.5834898990409512,0.0,0.9165101009590488,0.661539881583059,0.0,0.838460118416941,0.6769613594023864,0.0,0.8230386405976136,0.715423120686117,0.0,0.784576879313883,1.0312153913020028,0.4,0.4687846086979972,1.3423663355610842,0.8,0.1576336644389158,1.8219972020778183,0.6,0.32199720207781835
1545,2.4,1-3m,0.0,min|p05|p10|p25|median|p75|p90,p90,p90,1.5651854463120813,2.0287898479791644,0.42333055768928907,0.2093536041351296,0.6209426867266727,"<image>These are frames of a video.
Measuring from the closest point of each object, what is the direct distance between the tv and the stool (in meters)?
Please answer the question using a single word or phrase.",0.3104445679886863,0.0,2.0895554320113137,0.4114839959986295,0.0,1.9885160040013705,0.4354424469017764,0.0,1.9645575530982236,0.5326428320143364,0.0,1.8673571679856635,0.6209426867266727,0.0,1.7790573132733272,0.741996436149466,0.0,1.658003563850534,0.8348145536879186,0.0,1.5651854463120813
1546,2.1,1-3m,0.5,p90,p90,p90,0.6264689343276757,4.217689531129813,1.1241618067933754,0.4304107395141923,1.0347315693255634,"<image>These are frames of a video.
Measuring from the closest point of each object, what is the direct distance between the sofa and the ceiling light (in meters)?
Please answer the question using a single word or phrase.",0.21871917871926072,0.0,1.8812808212807393,0.34936925887894893,0.0,1.750630741121051,0.39902726784796194,0.0,1.7009727321520383,0.8452335139729938,0.0,1.2547664860270062,1.0347315693255634,0.0,1.0652684306744367,1.2756442534871861,0.3,0.824355746512814,1.4735310656723244,0.5,0.6264689343276757
1547,5.9,>=3m,0.0,min|p05|p10|p25|median|p75|p90,p90,p90,3.8196138376511968,4.542142298021358,1.6223674509458035,1.4034505868082034,0.8003894198922599,"<image>These are frames of a video.
Measuring from the closest point of each object, what is the direct distance between the stove and the tv (in meters)?
Please answer the question using a single word or phrase.",0.3552231636775265,0.0,5.544776836322474,0.458018711403,0.0,5.441981288597001,0.4870082006266315,0.0,5.412991799373369,0.547966807478053,0.0,5.352033192521947,0.8003894198922599,0.0,5.099610580107741,1.9514173942862565,0.0,3.948582605713744,2.0803861623488036,0.0,3.8196138376511968
1548,0.7,<1m,1.0,p25,p25,p25,0.011101136374323084,5.311062296435261,1.185906089036727,0.6330944354670821,1.0686321604539666,"<image>These are frames of a video.
Measuring from the closest point of each object, what is the direct distance between the shoes and the whiteboard (in meters)?
Please answer the question using a single word or phrase.",0.10924463504189365,0.0,0.5907553649581063,0.27508442409132694,0.0,0.424915575908673,0.35995318039071317,0.1,0.3400468196092868,0.711101136374323,1.0,0.011101136374323084,1.0686321604539666,0.0,0.36863216045396663,1.3441955718414051,0.0,0.6441955718414052,1.460990513128054,0.0,0.7609905131280541
1549,0.4,<1m,0.3,min,min,min,0.1575859695303633,1.4729937182851927,0.3458929328195923,0.14531186555595965,0.9788670244520828,"<image>These are frames of a video.
Measuring from the closest point of each object, what is the direct distance between the tv and the bed (in meters)?
Please answer the question using a single word or phrase.",0.5575859695303633,0.3,0.1575859695303633,0.7312844112890213,0.0,0.3312844112890213,0.7820450637027283,0.0,0.3820450637027283,0.8884663991491687,0.0,0.4884663991491687,0.9788670244520828,0.0,0.5788670244520828,1.0337782647051283,0.0,0.6337782647051283,1.0771773441086137,0.0,0.6771773441086136
1550,0.8,<1m,0.6,p90,p90,p90,0.16399332836443425,4.799138744594947,0.5034815029577752,0.2874113636014308,0.3828652362441603,"<image>These are frames of a video.
Measuring from the closest point of each object, what is the direct distance between the toilet and the table (in meters)?
Please answer the question using a single word or phrase.",0.033429270586918546,0.0,0.7665707294130815,0.13252516867779066,0.0,0.6674748313222094,0.17587772749679004,0.0,0.6241222725032101,0.268512487713201,0.0,0.531487512286799,0.3828652362441603,0.0,0.41713476375583974,0.5559238513146318,0.4,0.2440761486853682,0.6360066716355658,0.6,0.16399332836443425
1551,0.7,<1m,1.0,p25,p25,p25,0.013107480660926152,13.694513019835473,1.415721815550879,0.6926835397645907,0.8731606378659773,"<image>These are frames of a video.
Measuring from the closest point of each object, what is the direct distance between the trash bin and the refrigerator (in meters)?
Please answer the question using a single word or phrase.",0.0,0.0,0.7,0.11152234145089147,0.0,0.5884776585491085,0.17982285847981913,0.0,0.5201771415201808,0.6868925193390738,1.0,0.013107480660926152,0.8731606378659773,0.6,0.17316063786597735,1.3795760591036645,0.0,0.6795760591036646,1.5272441570017705,0.0,0.8272441570017706
1553,1.5,1-3m,1.0,p90,p90,p90,0.06404205299623889,5.6994497691802355,1.1840111793054648,0.6810702320837216,1.065641042065091,"<image>These are frames of a video.
Measuring from the closest point of each object, what is the direct distance between the table and the ceiling light (in meters)?
Please answer the question using a single word or phrase.",0.02502929970266703,0.0,1.474970700297333,0.25194676769829627,0.0,1.2480532323017037,0.3176401802481725,0.0,1.1823598197518275,0.5741937161609312,0.0,0.9258062838390688,1.065641042065091,0.5,0.434358957934909,1.2552639482446528,0.7,0.24473605175534718,1.4359579470037611,1.0,0.06404205299623889
1554,1.6,1-3m,0.8,p75|p90,p90,p90,0.20786942554361754,1.1263784770902756,0.15619558211472073,0.07577930710930203,1.322850161366683,"<image>These are frames of a video.
Measuring from the closest point of each object, what is the direct distance between the trash bin and the plant (in meters)?
Please answer the question using a single word or phrase.",1.1702190068945755,0.5,0.4297809931054246,1.2359349923416618,0.6,0.36406500765833827,1.254055369469126,0.6,0.345944630530874,1.2854994752260402,0.7,0.31450052477395984,1.322850161366683,0.7,0.2771498386333171,1.3612787823353423,0.8,0.23872121766465781,1.3921305744563826,0.8,0.20786942554361754
1555,0.9,<1m,1.0,p75,p75,p75,0.028194744876739675,2.551475434085574,0.6007170460182354,0.36164397787359626,0.7119547439272378,"<image>These are frames of a video.
Measuring from the closest point of each object, what is the direct distance between the chair and the bed (in meters)?
Please answer the question using a single word or phrase.",0.2830394299924727,0.0,0.6169605700075274,0.3871908203124678,0.0,0.5128091796875323,0.4112844694915347,0.0,0.48871553050846533,0.5101612772496641,0.2,0.38983872275033593,0.7119547439272378,0.6,0.18804525607276223,0.8718052551232603,1.0,0.028194744876739675,0.9879078663307033,0.9,0.08790786633070324
1556,5.7,>=3m,0.0,min|p05|p10|p25|median|p75|p90,p90,p90,3.286742922189396,3.7495113226815655,1.7696379845137484,0.654777142857022,1.0831406105818755,"<image>These are frames of a video.
Measuring from the closest point of each object, what is the direct distance between the kettle and the computer tower (in meters)?
Please answer the question using a single word or phrase.",0.597380736701681,0.0,5.102619263298319,0.643619093296856,0.0,5.056380906703144,0.6604952105566241,0.0,5.039504789443376,0.702523953231119,0.0,4.997476046768881,1.0831406105818755,0.0,4.616859389418124,1.357301096088141,0.0,4.3426989039118595,2.4132570778106044,0.0,3.286742922189396
1559,1.1,1-3m,0.8,median|p75,median,median,0.1167605397243463,5.652544775225397,1.2216239809849827,0.55155743800984,0.9832394602756538,"<image>These are frames of a video.
Measuring from the closest point of each object, what is the direct distance between the radiator and the bed (in meters)?
Please answer the question using a single word or phrase.",0.0013878130668521919,0.0,1.098612186933148,0.2625711390226868,0.0,0.8374288609773133,0.3639543902164856,0.0,0.7360456097835144,0.6901499688851171,0.3,0.40985003111488294,0.9832394602756538,0.8,0.1167605397243463,1.2417074068949572,0.8,0.1417074068949571,1.4841951200076695,0.4,0.3841951200076694
1561,2.1,1-3m,0.6,p90,p90,p90,0.4379830552716051,1.5810963505742057,0.6108368922763092,0.3425934730000122,1.38185480441261,"<image>These are frames of a video.
Measuring from the closest point of each object, what is the direct distance between the tv and the window (in meters)?
Please answer the question using a single word or phrase.",0.9081876106510249,0.0,1.1918123893489752,1.0511800524520858,0.1,1.0488199475479143,1.0958852287864889,0.1,1.0041147712135112,1.2018572133914083,0.2,0.8981427866085918,1.38185480441261,0.4,0.7181451955873901,1.5444506863914205,0.5,0.5555493136085796,1.662016944728395,0.6,0.4379830552716051
1562,2.0,1-3m,0.7,p75|p90,p90,p90,0.3293673847286891,1.2110504023239954,0.2911420407540315,0.11316381403276643,1.5774499926219372,"<image>These are frames of a video.
Measuring from the closest point of each object, what is the direct distance between the tv and the sofa (in meters)?
Please answer the question using a single word or phrase.",1.2925510895027836,0.3,0.7074489104972164,1.3794905745172794,0.4,0.6205094254827206,1.414751445415254,0.5,0.5852485545847459,1.5113367231990131,0.6,0.48866327680098687,1.5774499926219372,0.6,0.4225500073780628,1.6245005372317796,0.7,0.37549946276822044,1.670632615271311,0.7,0.3293673847286891
1563,4.8,>=3m,0.0,min|p05|p10|p25|median|p75|p90,p90,p90,3.5008878753053727,9.204938690933803,1.1579800467619235,0.6043128167147103,0.8033005143531682,"<image>These are frames of a video.
Measuring from the closest point of each object, what is the direct distance between the table and the stove (in meters)?
Please answer the question using a single word or phrase.",0.005532101655240231,0.0,4.7944678983447595,0.14113207793270346,0.0,4.658867922067296,0.2018134878781258,0.0,4.598186512121874,0.4535197848118917,0.0,4.346480215188108,0.8033005143531682,0.0,3.9966994856468316,1.057832601526602,0.0,3.7421673984733976,1.299112124694627,0.0,3.5008878753053727
1566,2.2,1-3m,0.0,min|p05|p10|p25|median|p75|p90,p90,p90,1.4771116322671387,3.305107173467064,0.5041697816803099,0.2647595017103386,0.5185886494796136,"<image>These are frames of a video.
Measuring from the closest point of each object, what is the direct distance between the backpack and the table (in meters)?
Please answer the question using a single word or phrase.",0.00804822174638513,0.0,2.191951778253615,0.21871858605255157,0.0,1.9812814139474486,0.27190474909213935,0.0,1.9280952509078608,0.3739966747844523,0.0,1.8260033252155479,0.5185886494796136,0.0,1.6814113505203867,0.6387561764947909,0.0,1.5612438235052093,0.7228883677328615,0.0,1.4771116322671387
1567,4.8,>=3m,0.0,min|p05|p10|p25|median|p75|p90,p90,p90,3.1993767334925396,1.569856399725647,0.5810247434914759,0.252477078996898,1.400636116360781,"<image>These are frames of a video.
Measuring from the closest point of each object, what is the direct distance between the dishwasher and the tv (in meters)?
Please answer the question using a single word or phrase.",0.9511336684128806,0.0,3.848866331587119,1.019598523015984,0.0,3.7804014769840157,1.070965388224797,0.0,3.729034611775203,1.25201469898423,0.0,3.54798530101577,1.400636116360781,0.0,3.399363883639219,1.504491777981128,0.0,3.2955082220188716,1.60062326650746,0.0,3.1993767334925396
1568,3.2,>=3m,0.1,p75|p90,p90,p90,1.5221865507472303,1.1288074929783558,0.19145420758450005,0.09837748092952747,1.5865083201301862,"<image>These are frames of a video.
Measuring from the closest point of each object, what is the direct distance between the trash bin and the microwave (in meters)?
Please answer the question using a single word or phrase.",1.4405570286825402,0.0,1.75944297131746,1.4863592416682698,0.0,1.7136407583317304,1.5010656821771846,0.0,1.6989343178228156,1.5402214001828836,0.0,1.6597785998171166,1.5865083201301862,0.0,1.613491679869814,1.638598881112411,0.1,1.5614011188875891,1.6778134492527699,0.1,1.5221865507472303
1569,0.7,<1m,1.0,p10,p10,p10,0.004535319634681456,2.1225274374198766,0.7220160250097846,0.44897082279177636,1.0276608036733492,"<image>These are frames of a video.
Measuring from the closest point of each object, what is the direct distance between the trash bin and the bed (in meters)?
Please answer the question using a single word or phrase.",0.4622522351780222,0.4,0.23774776482197774,0.6432056811629786,0.9,0.05679431883702135,0.6954646803653185,1.0,0.004535319634681456,0.7965965437440579,0.8,0.0965965437440579,1.0276608036733492,0.1,0.32766080367334927,1.2455673665358342,0.0,0.5455673665358343,1.3652217061727632,0.0,0.6652217061727632
1570,3.0,>=3m,0.0,min|p05|p10|p25|median|p75|p90,p90,p90,1.5526348288706018,2.5719686074177894,0.884619122458716,0.3967401971728697,1.2144970340274102,"<image>These are frames of a video.
Measuring from the closest point of each object, what is the direct distance between the toilet and the table (in meters)?
Please answer the question using a single word or phrase.",0.4698468955836417,0.0,2.5301531044163585,0.5627460486706822,0.0,2.4372539513293177,0.6691711440185447,0.0,2.3308288559814554,0.9656654956021631,0.0,2.0343345043978367,1.2144970340274102,0.0,1.7855029659725898,1.3624056927750328,0.0,1.6375943072249672,1.4473651711293982,0.0,1.5526348288706018
1571,2.0,1-3m,0.4,p90,p90,p90,0.65958498523774,5.824984667645635,1.1103002434380578,0.5498698352514315,0.747824491003049,"<image>These are frames of a video.
Measuring from the closest point of each object, what is the direct distance between the paper bag and the table (in meters)?
Please answer the question using a single word or phrase.",0.052721374978643196,0.0,1.9472786250213567,0.23011477132420233,0.0,1.7698852286757978,0.2783263547923472,0.0,1.7216736452076529,0.49073666545865985,0.0,1.5092633345413402,0.747824491003049,0.0,1.252175508996951,1.0406065007100913,0.1,0.9593934992899087,1.34041501476226,0.4,0.65958498523774
1572,2.1,1-3m,0.0,min|p05|p10|p25|median|p75|p90,p90,p90,1.0753672110654064,4.190235708091941,0.7801041131477203,0.43003317646209566,0.7798756706892093,"<image>These are frames of a video.
Measuring from the closest point of each object, what is the direct distance between the fireplace and the table (in meters)?
Please answer the question using a single word or phrase.",0.08161507593849068,0.0,2.0183849240615093,0.2445286757868733,0.0,1.8554713242131269,0.3868271055408315,0.0,1.7131728944591686,0.4763292113137863,0.0,1.6236707886862138,0.7798756706892093,0.0,1.320124329310791,0.906362387775882,0.0,1.1936376122241181,1.0246327889345936,0.0,1.0753672110654064
1573,1.3,1-3m,0.7,p90,p90,p90,0.24047063615360864,2.845172941561425,0.6871339469038544,0.2962598920724461,0.797158782907095,"<image>These are frames of a video.
Measuring from the closest point of each object, what is the direct distance between the bed and the slippers (in meters)?
Please answer the question using a single word or phrase.",0.12688407002240373,0.0,1.1731159299775964,0.372395416942537,0.0,0.9276045830574631,0.49688882239994087,0.0,0.8031111776000592,0.6518788137876207,0.1,0.6481211862123794,0.797158782907095,0.3,0.5028412170929051,0.9481387058600668,0.5,0.3518612941399333,1.0595293638463914,0.7,0.24047063615360864
1575,3.6,>=3m,0.0,min|p05|p10|p25|median|p75|p90,p90,p90,2.2973671304499783,6.185546733773691,1.09203986530716,0.3993156498864506,0.5129181582342852,"<image>These are frames of a video.
Measuring from the closest point of each object, what is the direct distance between the file folder and the heater (in meters)?
Please answer the question using a single word or phrase.",0.028816477639136674,0.0,3.5711835223608634,0.2105930042428616,0.0,3.3894069957571387,0.27222783304461134,0.0,3.3277721669553886,0.41509659919118497,0.0,3.1849034008088153,0.5129181582342852,0.0,3.087081841765715,0.8144122490776355,0.0,2.7855877509223648,1.3026328695500216,0.0,2.2973671304499783
1576,2.9,1-3m,0.6,p90,p90,p90,0.6043417914792659,10.046261755632305,2.067149509030229,1.0212914258270553,1.5246768836350695,"<image>These are frames of a video.
Measuring from the closest point of each object, what is the direct distance between the telephone and the door (in meters)?
Please answer the question using a single word or phrase.",0.0,0.0,2.9,0.22850869949050484,0.0,2.671491300509495,0.32035332848045744,0.0,2.5796466715195425,0.9814715679081683,0.0,1.9185284320918317,1.5246768836350695,0.1,1.3753231163649304,2.0027629937352236,0.4,0.8972370062647763,2.295658208520734,0.6,0.6043417914792659
1577,0.7,<1m,1.0,p90,p90,p90,0.033601209484322214,1.1916051673381092,0.10715416085002605,0.05552093808740299,0.6225678312556213,"<image>These are frames of a video.
Measuring from the closest point of each object, what is the direct distance between the kettle and the shoes (in meters)?
Please answer the question using a single word or phrase.",0.526883267481168,0.6,0.17311673251883197,0.5592446296656517,0.6,0.14075537033434826,0.5693980103580913,0.7,0.1306019896419086,0.5934467544039908,0.7,0.1065532455960092,0.6225678312556213,0.8,0.07743216874437864,0.6489676924913937,0.9,0.05103230750860621,0.6663987905156777,1.0,0.033601209484322214
1578,2.5,1-3m,0.2,p90,p90,p90,1.043691379006934,1.999479359407228,0.7279647077931779,0.308328334556082,1.138414426518335,"<image>These are frames of a video.
Measuring from the closest point of each object, what is the direct distance between the door and the table (in meters)?
Please answer the question using a single word or phrase.",0.0670578842156828,0.0,2.4329421157843174,0.7283439131998881,0.0,1.7716560868001119,0.7967335316342955,0.0,1.7032664683657046,0.9428564494533916,0.0,1.5571435505466082,1.138414426518335,0.0,1.361585573481665,1.2511847840094736,0.1,1.2488152159905264,1.456308620993066,0.2,1.043691379006934
1580,3.4,>=3m,0.0,min|p05|p10|p25|median|p75|p90,p90,p90,1.9444272507380147,2.2484532645657938,0.8082065032292594,0.6450421397938261,1.373773980912408,"<image>These are frames of a video.
Measuring from the closest point of each object, what is the direct distance between the tv and the dishwasher (in meters)?
Please answer the question using a single word or phrase.",0.55226675326037,0.0,2.84773324673963,0.6473662460327259,0.0,2.752633753967274,0.6852844278727684,0.0,2.7147155721272314,0.7759144770972511,0.0,2.6240855229027487,1.373773980912408,0.0,2.026226019087592,1.4209566168910772,0.0,1.9790433831089227,1.4555727492619852,0.0,1.9444272507380147
1581,3.9,>=3m,0.1,p90,p90,p90,1.782206136552046,16.259111103193717,1.987541117771595,0.326817585537412,0.35499082545715,"<image>These are frames of a video.
Measuring from the closest point of each object, what is the direct distance between the power strip and the door (in meters)?
Please answer the question using a single word or phrase.",0.031220178963138046,0.0,3.868779821036862,0.13025274567635886,0.0,3.769747254323641,0.16632871157856158,0.0,3.7336712884214385,0.25105109926082536,0.0,3.6489489007391747,0.35499082545715,0.0,3.54500917454285,0.5778686847982374,0.0,3.3221313152017626,2.117793863447954,0.1,1.782206136552046
1582,1.6,1-3m,0.7,p90,p90,p90,0.3058579564486674,11.606545320588628,1.1826409889476275,0.9994599696293037,0.2343153737661145,"<image>These are frames of a video.
Measuring from the closest point of each object, what is the direct distance between the table and the plant (in meters)?
Please answer the question using a single word or phrase.",0.04660029033275058,0.0,1.5533997096672496,0.11150105460370528,0.0,1.488498945396295,0.12381496782284779,0.0,1.4761850321771524,0.15649468179083248,0.0,1.4435053182091675,0.2343153737661145,0.0,1.3656846262338855,1.1559546514201362,0.5,0.4440453485798639,1.2941420435513327,0.7,0.3058579564486674
1583,2.8,1-3m,0.2,p75|p90,p90,p90,1.1318380379527557,3.215258527781433,1.149335265023196,0.9521003968779136,1.106249078059991,"<image>These are frames of a video.
Measuring from the closest point of each object, what is the direct distance between the pillow and the monitor (in meters)?
Please answer the question using a single word or phrase.",0.4348210200214137,0.0,2.365178979978586,0.5188266970240479,0.0,2.2811733029759518,0.5473133918906614,0.0,2.2526866081093386,0.6600229251422172,0.0,2.1399770748577827,1.106249078059991,0.0,1.6937509219400089,1.6121233220201308,0.2,1.187876677979869,1.668161962047244,0.2,1.1318380379527557
1585,2.9,1-3m,0.0,min|p05|p10|p25|median|p75|p90,p90,p90,1.6804506925785048,4.635023626311031,0.9564332144422405,0.5782173792989627,0.6547427390005999,"<image>These are frames of a video.
Measuring from the closest point of each object, what is the direct distance between the table lamp and the chair (in meters)?
Please answer the question using a single word or phrase.",0.0,0.0,2.9,0.26311609297925465,0.0,2.6368839070207453,0.3245334512799242,0.0,2.5754665487200756,0.461198289232649,0.0,2.438801710767351,0.6547427390005999,0.0,2.2452572609994,1.0394156685316116,0.0,1.8605843314683883,1.2195493074214951,0.0,1.6804506925785048
1586,4.7,>=3m,0.0,min|p05|p10|p25|median|p75|p90,p90,p90,2.368089666412239,7.0725496268194945,2.0021975063005506,0.9853931919484218,0.8365131757143964,"<image>These are frames of a video.
Measuring from the closest point of each object, what is the direct distance between the washer and the table (in meters)?
Please answer the question using a single word or phrase.",0.02850754280560387,0.0,4.671492457194396,0.3297128272872105,0.0,4.370287172712789,0.3829518877698693,0.0,4.317048112230131,0.5555308847084193,0.0,4.144469115291581,0.8365131757143964,0.0,3.8634868242856037,1.540924076656841,0.0,3.159075923343159,2.331910333587761,0.0,2.368089666412239
1587,1.4,1-3m,0.7,p90,p90,p90,0.24994735446396543,3.429081553560596,0.8146705242383143,0.27200068119883225,0.4616890330249276,"<image>These are frames of a video.
Measuring from the closest point of each object, what is the direct distance between the headphones and the whiteboard (in meters)?
Please answer the question using a single word or phrase.",0.26597909110891604,0.0,1.1340209088910838,0.33538212129772016,0.0,1.0646178787022798,0.356553776253301,0.0,1.0434462237466988,0.40668517055831344,0.0,0.9933148294416865,0.4616890330249276,0.0,0.9383109669750723,0.6786858517571457,0.0,0.7213141482428542,1.1500526455360345,0.7,0.24994735446396543
1588,1.8,1-3m,0.4,p90,p90,p90,0.6053705930768576,3.9466235793781568,0.891932840378184,0.5532262656108815,0.7194134918365938,"<image>These are frames of a video.
Measuring from the closest point of each object, what is the direct distance between the power strip and the stapler (in meters)?
Please answer the question using a single word or phrase.",0.14550813478193225,0.0,1.6544918652180678,0.30269656654495847,0.0,1.4973034334550417,0.41115495724272766,0.0,1.3888450427572723,0.4471879539579689,0.0,1.3528120460420312,0.7194134918365938,0.0,1.0805865081634063,1.0004142195688503,0.2,0.7995857804311497,1.1946294069231425,0.4,0.6053705930768576
1589,2.8,1-3m,0.0,min|p05|p10|p25|median|p75|p90,p90,p90,1.9076703307370448,1.2034631618941394,0.15086146523541266,0.06749500397415542,0.8191079878256247,"<image>These are frames of a video.
Measuring from the closest point of each object, what is the direct distance between the tv and the stove (in meters)?
Please answer the question using a single word or phrase.",0.6902420679958167,0.0,2.1097579320041833,0.7414682040275422,0.0,2.0585317959724576,0.7580220178937029,0.0,2.041977982106297,0.7875033478358211,0.0,2.0124966521641787,0.8191079878256247,0.0,1.9808920121743752,0.8549983518099765,0.0,1.9450016481900234,0.8923296692629549,0.0,1.9076703307370448
1590,2.4,1-3m,0.1,p75|p90,p90,p90,1.0834248343677013,1.672475343757307,0.5293736259823683,0.23534733975548616,1.1710016523615097,"<image>These are frames of a video.
Measuring from the closest point of each object, what is the direct distance between the backpack and the tv (in meters)?
Please answer the question using a single word or phrase.",0.6529001904093653,0.0,1.7470998095906345,0.7872015396499303,0.0,1.6127984603500696,0.831501481770651,0.0,1.568498518229349,1.0241494636789923,0.0,1.3758505363210076,1.1710016523615097,0.0,1.2289983476384903,1.2594968034344785,0.1,1.1405031965655215,1.3165751656322986,0.1,1.0834248343677013
1591,0.8,<1m,0.8,median,median,median,0.08450446242489462,8.322873674193955,1.5941610024173527,0.923475329831606,0.8845044624248947,"<image>These are frames of a video.
Measuring from the closest point of each object, what is the direct distance between the bookshelf and the table (in meters)?
Please answer the question using a single word or phrase.",0.008683829690349953,0.0,0.7913161703096501,0.21769609491356212,0.0,0.5823039050864379,0.289656520970624,0.0,0.510343479029376,0.42557149383863646,0.1,0.3744285061613636,0.8845044624248947,0.8,0.08450446242489462,1.3490468236702424,0.0,0.5490468236702424,1.8118570973309147,0.0,1.0118570973309147
1592,1.6,1-3m,0.9,p90,p90,p90,0.1463397354627347,2.524912333046299,1.054696024666732,0.24449186697581804,0.9316146352942674,"<image>These are frames of a video.
Measuring from the closest point of each object, what is the direct distance between the table and the bookshelf (in meters)?
Please answer the question using a single word or phrase.",0.17298116896847981,0.0,1.4270188310315204,0.6916437107960026,0.0,0.9083562892039975,0.7434612252314535,0.0,0.8565387747685466,0.8289444458628394,0.1,0.7710555541371606,0.9316146352942674,0.2,0.6683853647057327,1.0734363128386575,0.4,0.5265636871613426,1.7463397354627348,0.9,0.1463397354627347
1593,2.4,1-3m,0.5,p90,p90,p90,0.714063946525062,3.071383772078585,1.1370186342968172,0.1882150385700958,1.3027146992336194,"<image>These are frames of a video.
Measuring from the closest point of each object, what is the direct distance between the crate and the door (in meters)?
Please answer the question using a single word or phrase.",0.035836335427167756,0.0,2.3641636645728323,0.5489174191781206,0.0,1.8510825808218794,1.1092566800014938,0.0,1.2907433199985061,1.2015187925708217,0.1,1.1984812074291782,1.3027146992336194,0.1,1.0972853007663805,1.3897338311409175,0.2,1.0102661688590824,1.685936053474938,0.5,0.714063946525062
1594,1.2,1-3m,0.5,p90,p90,p90,0.32157384699939573,2.2060628235441415,0.4802388740049081,0.249272697542524,0.687425264079297,"<image>These are frames of a video.
Measuring from the closest point of each object, what is the direct distance between the sofa and the bed (in meters)?
Please answer the question using a single word or phrase.",0.023878377961599816,0.0,1.1761216220384,0.3981872789956961,0.0,0.8018127210043038,0.4498614192664974,0.0,0.7501385807335026,0.5376347481399231,0.0,0.6623652518600769,0.687425264079297,0.2,0.5125747359207029,0.7869074456824471,0.4,0.4130925543175529,0.8784261530006042,0.5,0.32157384699939573
1595,3.6,>=3m,0.0,min|p05|p10|p25|median|p75|p90,p90,p90,2.317803180378073,5.072646577311375,1.0294299847793698,0.1800739652505493,0.7063021716810083,"<image>These are frames of a video.
Measuring from the closest point of each object, what is the direct distance between the table and the refrigerator (in meters)?
Please answer the question using a single word or phrase.",0.06399821781838633,0.0,3.536001782181614,0.2527668348425571,0.0,3.347233165157443,0.5541883792413232,0.0,3.045811620758677,0.6340523824415244,0.0,2.965947617558476,0.7063021716810083,0.0,2.8936978283189916,0.8141263476920737,0.0,2.7858736523079264,1.2821968196219269,0.0,2.317803180378073
1596,4.7,>=3m,0.0,min|p05|p10|p25|median|p75|p90,p90,p90,2.6513181583317027,1.3003113467202814,0.47315006857749253,0.13760423236461827,1.988482847139934,"<image>These are frames of a video.
Measuring from the closest point of each object, what is the direct distance between the radiator and the door (in meters)?
Please answer the question using a single word or phrase.",1.401977734014019,0.0,3.2980222659859812,1.575531773090805,0.0,3.1244682269091952,1.6716825790533123,0.0,3.0283174209466877,1.87964818975968,0.0,2.8203518102403202,1.988482847139934,0.0,2.711517152860066,2.0172524221242982,0.0,2.682747577875702,2.0486818416682975,0.0,2.6513181583317027
1597,0.5,<1m,0.6,median,median,median,0.10440127626048845,3.4754274400675715,0.6280117512503087,0.4487792293888604,0.6044012762604885,"<image>These are frames of a video.
Measuring from the closest point of each object, what is the direct distance between the trash bin and the mirror (in meters)?
Please answer the question using a single word or phrase.",0.20310392966677682,0.0,0.2968960703332232,0.25369830724392634,0.1,0.24630169275607366,0.27361558102996,0.1,0.22638441897004002,0.36039543177522737,0.5,0.13960456822477263,0.6044012762604885,0.6,0.10440127626048845,0.8091746611640878,0.0,0.30917466116408776,0.8817100584942351,0.0,0.3817100584942351
1598,3.0,>=3m,0.1,p75|p90,p90,p90,1.3687832696348528,1.69907623019204,0.6711557858477978,0.44755801732916534,1.1579345873164013,"<image>These are frames of a video.
Measuring from the closest point of each object, what is the direct distance between the toilet and the bed (in meters)?
Please answer the question using a single word or phrase.",0.8397335337179482,0.0,2.1602664662820517,0.9600609445173495,0.0,2.0399390554826504,0.9962625905153752,0.0,2.003737409484625,1.0607589801148227,0.0,1.9392410198851773,1.1579345873164013,0.0,1.8420654126835987,1.508316997443988,0.1,1.491683002556012,1.6312167303651472,0.1,1.3687832696348528
1599,3.1,>=3m,0.0,min|p05|p10|p25|median|p75|p90,p90,p90,1.9590422141079389,4.652015631875953,0.8956968331828453,0.32884889257551086,0.6411934010184039,"<image>These are frames of a video.
Measuring from the closest point of each object, what is the direct distance between the table and the refrigerator (in meters)?
Please answer the question using a single word or phrase.",0.001010367845109398,0.0,3.0989896321548906,0.2452609527092159,0.0,2.854739047290784,0.39150386840186496,0.0,2.7084961315981353,0.5387089738482667,0.0,2.5612910261517334,0.6411934010184039,0.0,2.458806598981596,0.8675578664237775,0.0,2.232442133576223,1.1409577858920612,0.0,1.9590422141079389
1600,1.4,1-3m,0.9,median|p75,p75,p75,0.11838845198449688,4.3112057734556615,1.561106512305696,0.8955925987331004,1.2607100073643989,"<image>These are frames of a video.
Measuring from the closest point of each object, what is the direct distance between the paper bag and the laptop (in meters)?
Please answer the question using a single word or phrase.",0.3027995478112019,0.0,1.097200452188798,0.4714616424084343,0.0,0.9285383575915656,0.5108626459384826,0.0,0.8891373540615173,0.6227958532513964,0.0,0.7772041467486035,1.2607100073643989,0.9,0.13928999263560105,1.5183884519844968,0.9,0.11838845198449688,2.0325681547141303,0.1,0.6325681547141304
1601,1.6,1-3m,1.0,p75,p75,p75,0.04223462242096199,9.634565868639614,1.5264866266884116,0.9537501899699935,1.3513249102082305,"<image>These are frames of a video.
Measuring from the closest point of each object, what is the direct distance between the mirror and the backpack (in meters)?
Please answer the question using a single word or phrase.",0.08104389277904656,0.0,1.5189561072209536,0.17678788371197074,0.0,1.4232121162880293,0.21264719885238367,0.0,1.3873528011476164,0.6040151876090446,0.0,0.9959848123909555,1.3513249102082305,0.7,0.24867508979176955,1.557765377579038,1.0,0.04223462242096199,1.7032745104003824,0.9,0.10327451040038227
1602,1.6,1-3m,1.0,p75,p75,p75,0.046647841971923176,4.860977635302763,1.5421344566841677,0.9201694472732885,1.1349089848649703,"<image>These are frames of a video.
Measuring from the closest point of each object, what is the direct distance between the blanket and the ceiling light (in meters)?
Please answer the question using a single word or phrase.",0.1920333558822608,0.0,1.4079666441177392,0.39941553729389556,0.0,1.2005844627061046,0.4760704010976563,0.0,1.1239295989023437,0.7264783946986347,0.0,0.8735216053013654,1.1349089848649703,0.5,0.4650910151350298,1.6466478419719233,1.0,0.046647841971923176,1.9415499939780632,0.6,0.34154999397806307
1603,2.6,1-3m,0.0,min|p05|p10|p25|median|p75|p90,p90,p90,1.6152671171500244,10.77763329118,0.8933646894585896,0.5985248688918358,0.331780800947187,"<image>These are frames of a video.
Measuring from the closest point of each object, what is the direct distance between the headphones and the bed (in meters)?
Please answer the question using a single word or phrase.",0.002865287441925082,0.0,2.597134712558075,0.09136819339138613,0.0,2.508631806608614,0.11943575769846546,0.0,2.4805642423015346,0.18440777038290382,0.0,2.415592229617096,0.331780800947187,0.0,2.268219199052813,0.7829326392747396,0.0,1.8170673607252605,0.9847328828499757,0.0,1.6152671171500244
1604,1.9,1-3m,1.0,p90,p90,p90,0.09013675110466246,5.115861561814498,1.6011237320739442,0.4118667421967044,0.8294780782126888,"<image>These are frames of a video.
Measuring from the closest point of each object, what is the direct distance between the tv and the fireplace (in meters)?
Please answer the question using a single word or phrase.",0.1628586048735375,0.0,1.7371413951264625,0.3890130190307181,0.0,1.5109869809692817,0.4409357413807206,0.0,1.4590642586192792,0.6517510086706773,0.0,1.2482489913293227,0.8294780782126888,0.0,1.0705219217873112,1.0636177508673816,0.2,0.8363822491326183,1.9901367511046624,1.0,0.09013675110466246
1605,0.8,<1m,0.6,p75,p75,p75,0.17899161021215337,9.4387598760513,1.790574664446743,0.31389740489745305,0.4309516727252698,"<image>These are frames of a video.
Measuring from the closest point of each object, what is the direct distance between the chair and the sofa (in meters)?
Please answer the question using a single word or phrase.",0.024706940808586514,0.0,0.7752930591914136,0.21218457341442878,0.0,0.5878154265855713,0.2415085993872867,0.0,0.5584914006127133,0.3071109848903936,0.0,0.4928890151096064,0.4309516727252698,0.1,0.36904832727473025,0.6210083897878467,0.6,0.17899161021215337,2.002759237861172,0.0,1.2027592378611718
1606,3.8,>=3m,0.0,min|p05|p10|p25|median|p75|p90,p90,p90,2.7197690991070127,7.359349559600908,0.9334474260567179,0.5573258256778502,0.7545129557145589,"<image>These are frames of a video.
Measuring from the closest point of each object, what is the direct distance between the stove and the refrigerator (in meters)?
Please answer the question using a single word or phrase.",0.00446742100355106,0.0,3.7955325789964487,0.14678347483626897,0.0,3.6532165251637307,0.19228353130407136,0.0,3.6077164686959287,0.33610464320299016,0.0,3.4638953567970097,0.7545129557145589,0.0,3.0454870442854407,0.8934304688808403,0.0,2.9065695311191595,1.080230900892987,0.0,2.7197690991070127
1607,2.5,1-3m,0.0,min|p05|p10|p25|median|p75|p90,p90,p90,1.2527248522484908,2.8156322336602915,0.8042928815163819,0.1937394554420151,1.1252870423214576,"<image>These are frames of a video.
Measuring from the closest point of each object, what is the direct distance between the door and the pillow (in meters)?
Please answer the question using a single word or phrase.",0.333019773671239,0.0,2.1669802263287608,0.4429822662351272,0.0,2.057017733764873,0.8260509028408706,0.0,1.6739490971591295,1.0082513892746254,0.0,1.4917486107253746,1.1252870423214576,0.0,1.3747129576785424,1.2019908447166405,0.0,1.2980091552833595,1.2472751477515092,0.0,1.2527248522484908
1608,1.8,1-3m,0.5,p90,p90,p90,0.5348224587605883,2.4350405859391846,0.745606102247795,0.3567600723348956,0.7817510682854657,"<image>These are frames of a video.
Measuring from the closest point of each object, what is the direct distance between the washer and the table (in meters)?
Please answer the question using a single word or phrase.",0.39378298978195714,0.0,1.406217010218043,0.5195714389916167,0.0,1.2804285610083834,0.5652806336116939,0.0,1.234719366388306,0.7201325259287013,0.0,1.0798674740712988,0.7817510682854657,0.0,1.0182489317145342,1.0768925982635968,0.2,0.7231074017364032,1.2651775412394117,0.5,0.5348224587605883
1609,1.3,1-3m,0.1,median,median,median,0.5902533025608228,6.3527529915967405,2.2233839381069367,1.8517770064368149,0.7097466974391773,"<image>These are frames of a video.
Measuring from the closest point of each object, what is the direct distance between the tv and the door (in meters)?
Please answer the question using a single word or phrase.",0.2877761612219498,0.0,1.0122238387780502,0.41537204156392343,0.0,0.8846279584360766,0.46967037728449723,0.0,0.8303296227155028,0.5867693402089942,0.0,0.7132306597910059,0.7097466974391773,0.1,0.5902533025608228,2.438546346645809,0.0,1.138546346645809,2.63875597967086,0.0,1.3387559796708601
1610,2.2,1-3m,0.0,min|p05|p10|p25|median|p75|p90,p90,p90,1.4485358219479836,1.3677095610882821,0.20203160886380467,0.1164359671633668,0.6625323988071614,"<image>These are frames of a video.
Measuring from the closest point of each object, what is the direct distance between the table and the dishwasher (in meters)?
Please answer the question using a single word or phrase.",0.47579113828676023,0.0,1.7242088617132398,0.5494325691882119,0.0,1.6505674308117881,0.569765460195961,0.0,1.6302345398040392,0.6050053120162782,0.0,1.594994687983722,0.6625323988071614,0.0,1.5374676011928388,0.721441279179645,0.0,1.4785587208203552,0.7514641780520166,0.0,1.4485358219479836
1611,8.2,>=3m,0.0,min|p05|p10|p25|median|p75|p90,p90,p90,6.301264350190945,4.085011447708318,1.4339301837498974,0.35998606280294354,1.1512612954898704,"<image>These are frames of a video.
Measuring from the closest point of each object, what is the direct distance between the toilet and the cup (in meters)?
Please answer the question using a single word or phrase.",0.43142538229152827,0.0,7.768574617708471,0.46480546605915635,0.0,7.7351945339408426,0.47665550162972453,0.0,7.723344498370275,0.9124086202337497,0.0,7.2875913797662495,1.1512612954898704,0.0,7.048738704510129,1.2723946830366932,0.0,6.927605316963306,1.8987356498090537,0.0,6.301264350190945
1612,2.5,1-3m,0.1,p90,p90,p90,1.1789583945743773,2.7199058657216546,0.835347735621375,0.33950460930631,1.0434258137344878,"<image>These are frames of a video.
Measuring from the closest point of each object, what is the direct distance between the clock and the sofa (in meters)?
Please answer the question using a single word or phrase.",0.16599011553416068,0.0,2.3340098844658392,0.4856938698042476,0.0,2.0143061301957523,0.6572322843334379,0.0,1.842767715666562,0.9010884400070255,0.0,1.5989115599929744,1.0434258137344878,0.0,1.4565741862655122,1.2405930493133355,0.0,1.2594069506866645,1.3210416054256227,0.1,1.1789583945743773
1613,1.6,1-3m,0.5,p90,p90,p90,0.4367435820674901,1.6761236476974029,0.46924054414506655,0.23022562275743585,0.9533358380600945,"<image>These are frames of a video.
Measuring from the closest point of each object, what is the direct distance between the door and the ceiling light (in meters)?
Please answer the question using a single word or phrase.",0.5505256968915373,0.0,1.0494743031084628,0.6940158737874434,0.0,0.9059841262125566,0.7445693935641517,0.0,0.8554306064358483,0.8394169249853126,0.1,0.7605830750146875,0.9533358380600945,0.2,0.6466641619399056,1.0696425477427485,0.4,0.5303574522572516,1.16325641793251,0.5,0.4367435820674901
1616,1.1,1-3m,1.0,p75,p75,p75,0.04562481238869154,2.4064124338291357,0.6964651269693374,0.5082808981404878,0.601329398803943,"<image>These are frames of a video.
Measuring from the closest point of each object, what is the direct distance between the computer mouse and the plant (in meters)?
Please answer the question using a single word or phrase.",0.41256414939230085,0.0,0.6874358506076992,0.4952068896839335,0.0,0.6047931103160666,0.5108962388357571,0.0,0.589103761164243,0.5460942894708207,0.0,0.5539057105291794,0.601329398803943,0.1,0.4986706011960571,1.0543751876113086,1.0,0.04562481238869154,1.1916720166532708,0.9,0.09167201665327074
1618,2.3,1-3m,1.0,p90,p90,p90,0.03476591601075718,1.4793019930844187,0.7564770156202065,0.39946801804492815,1.7609169948247854,"<image>These are frames of a video.
Measuring from the closest point of each object, what is the direct distance between the bed and the toilet (in meters)?
Please answer the question using a single word or phrase.",1.472618283562273,0.3,0.8273817164377268,1.5782889003905505,0.4,0.7217110996094493,1.6045228570094225,0.4,0.6954771429905773,1.6635162150771572,0.5,0.6364837849228426,1.7609169948247854,0.6,0.5390830051752145,2.0629842331220853,0.8,0.23701576687791448,2.334765916010757,1.0,0.03476591601075718
1620,1.9,1-3m,0.3,p90,p90,p90,0.6965401241065994,6.586811308304261,1.0207523684874802,0.6305299992527096,0.9232178460535875,"<image>These are frames of a video.
Measuring from the closest point of each object, what is the direct distance between the suitcase and the blanket (in meters)?
Please answer the question using a single word or phrase.",0.0,0.0,1.9,0.18270750740592032,0.0,1.7172924925940796,0.27640270071755946,0.0,1.6235972992824403,0.4988504173836359,0.0,1.401149582616364,0.9232178460535875,0.0,0.9767821539464124,1.1293804166363455,0.2,0.7706195833636544,1.2034598758934005,0.3,0.6965401241065994
1621,5.5,>=3m,0.0,min|p05|p10|p25|median|p75|p90,p90,p90,3.9475246871763665,20.34219481639983,1.4761573281206244,1.2163372019295307,1.408211521162066,"<image>These are frames of a video.
Measuring from the closest point of each object, what is the direct distance between the refrigerator and the printer (in meters)?
Please answer the question using a single word or phrase.",0.0008312017155964415,0.0,5.499168798284404,0.07631798470300911,0.0,5.423682015296991,0.11568587296648669,0.0,5.384314127033513,0.2970486343306228,0.0,5.202951365669377,1.408211521162066,0.0,4.091788478837934,1.5133858362601533,0.0,3.986614163739847,1.5524753128236335,0.0,3.9475246871763665
1623,3.2,>=3m,0.4,p90,p90,p90,1.1144726915155165,41.04756689736651,2.0347197340989167,1.1713575277649901,1.1268888565183302,"<image>These are frames of a video.
Measuring from the closest point of each object, what is the direct distance between the tv and the telephone (in meters)?
Please answer the question using a single word or phrase.",0.0005354713119333395,0.0,3.199464528688067,0.05080757438556693,0.0,3.1491924256144332,0.2238816431440643,0.0,2.976118356855936,0.3824992253675123,0.0,2.817500774632488,1.1268888565183302,0.0,2.07311114348167,1.5538567531325025,0.0,1.6461432468674977,2.0855273084844836,0.4,1.1144726915155165
1624,1.9,1-3m,0.4,p75|p90,p90,p90,0.5732319178438505,9.603856877645992,1.1886185762795733,0.7765985692111698,1.2106655147870014,"<image>These are frames of a video.
Measuring from the closest point of each object, what is the direct distance between the cutting board and the heater (in meters)?
Please answer the question using a single word or phrase.",0.0022410640597344796,0.0,1.8977589359402653,0.13814950587657596,0.0,1.7618504941234239,0.19511898025227778,0.0,1.7048810197477222,0.4954434404840068,0.0,1.404556559515993,1.2106655147870014,0.3,0.6893344852129986,1.2720420096951766,0.4,0.6279579903048234,1.3267680821561494,0.4,0.5732319178438505
1625,4.8,>=3m,0.0,min|p05|p10|p25|median|p75|p90,p90,p90,2.5867230555236476,3.3946128484580966,1.5612800767093349,1.1307028007479003,1.565987616048052,"<image>These are frames of a video.
Measuring from the closest point of each object, what is the direct distance between the mirror and the monitor (in meters)?
Please answer the question using a single word or phrase.",0.4815204087020558,0.0,4.318479591297944,0.6519968677670175,0.0,4.148003132232982,0.7058342311422339,0.0,4.094165768857766,0.8160064438500649,0.0,3.983993556149935,1.565987616048052,0.0,3.234012383951948,1.9467092445979652,0.0,2.8532907554020346,2.2132769444763523,0.0,2.5867230555236476
1626,1.1,1-3m,1.0,p90,p90,p90,0.020965683620206566,5.629863161242826,0.8873716976845302,0.5595093228040378,0.8418163319727846,"<image>These are frames of a video.
Measuring from the closest point of each object, what is the direct distance between the fireplace and the table (in meters)?
Please answer the question using a single word or phrase.",0.028506253967959513,0.0,1.0714937460320406,0.19166261869526333,0.0,0.9083373813047367,0.23332914641483157,0.0,0.8666708535851685,0.414481099338097,0.0,0.6855189006619031,0.8418163319727846,0.6,0.2581836680272155,0.9739904221421347,0.8,0.12600957785786537,1.0790343163797935,1.0,0.020965683620206566
1627,0.5,<1m,0.9,p75,p75,p75,0.03481186107643919,3.2348776114089572,0.41542731309874775,0.2668158223467997,0.36927743967445786,"<image>These are frames of a video.
Measuring from the closest point of each object, what is the direct distance between the heater and the sofa (in meters)?
Please answer the question using a single word or phrase.",0.13289866608351858,0.0,0.3671013339164814,0.18588369715549907,0.0,0.3141163028445009,0.21371399649719028,0.0,0.28628600350280975,0.2679960387296395,0.1,0.2320039612703605,0.36927743967445786,0.5,0.13072256032554214,0.5348118610764392,0.9,0.03481186107643919,0.6013110102542468,0.6,0.10131101025424682
1628,2.0,1-3m,0.6,p90,p90,p90,0.44741060102534247,7.687715807083539,1.3506322197636251,1.002296290437061,0.8331343136216636,"<image>These are frames of a video.
Measuring from the closest point of each object, what is the direct distance between the pillow and the power strip (in meters)?
Please answer the question using a single word or phrase.",0.04861845518338493,0.0,1.951381544816615,0.20195717921103248,0.0,1.7980428207889676,0.23488373801363083,0.0,1.7651162619863692,0.3815763604192154,0.0,1.6184236395807847,0.8331343136216636,0.0,1.1668656863783364,1.3838726508562764,0.4,0.6161273491437236,1.5525893989746575,0.6,0.44741060102534247
1629,2.6,1-3m,0.2,p90,p90,p90,1.1392622389665772,16.511836711312714,1.3722716632532388,1.0813751506838312,0.356380287513976,"<image>These are frames of a video.
Measuring from the closest point of each object, what is the direct distance between the blanket and the table (in meters)?
Please answer the question using a single word or phrase.",0.0030118784588087735,0.0,2.5969881215411914,0.08846609778018402,0.0,2.511533902219816,0.11917546242251349,0.0,2.4808245375774867,0.2112561810053949,0.0,2.3887438189946053,0.356380287513976,0.0,2.243619712486024,1.292631331689226,0.0,1.3073686683107741,1.460737761033423,0.2,1.1392622389665772
1630,1.1,1-3m,0.8,p75,p75,p75,0.14233718479934354,3.3645859534725426,1.0404985162112874,0.5256348161741651,0.9287928623073096,"<image>These are frames of a video.
Measuring from the closest point of each object, what is the direct distance between the table and the tv (in meters)?
Please answer the question using a single word or phrase.",0.09246018748750001,0.0,1.0075398125125001,0.44003412719391743,0.0,0.6599658728060827,0.5135750801362393,0.0,0.5864249198637608,0.7167023686251786,0.4,0.38329763137482153,0.9287928623073096,0.7,0.17120713769269047,1.2423371847993436,0.8,0.14233718479934354,1.4805326434052049,0.4,0.38053264340520476
1633,1.4,1-3m,1.0,p25,p25,p25,0.028062720903331506,3.419699255596298,1.1798003044250422,0.16274621386548382,1.5143902271396474,"<image>These are frames of a video.
Measuring from the closest point of each object, what is the direct distance between the trash bin and the door (in meters)?
Please answer the question using a single word or phrase.",0.23805655169569437,0.0,1.1619434483043056,0.4875813809077271,0.0,0.9124186190922727,0.5632869617755168,0.0,0.8367130382244831,1.4280627209033314,1.0,0.028062720903331506,1.5143902271396474,0.9,0.11439022713964753,1.5908089347688152,0.8,0.19080893476881533,1.6673816853327694,0.7,0.2673816853327695
1635,1.7,1-3m,0.1,p90,p90,p90,0.7990287415153283,1.619548162877401,0.34466099915657367,0.19111679841788598,0.7099768200246134,"<image>These are frames of a video.
Measuring from the closest point of each object, what is the direct distance between the heater and the bed (in meters)?
Please answer the question using a single word or phrase.",0.4909974054016948,0.0,1.2090025945983052,0.556310259328098,0.0,1.143689740671902,0.5776379448588308,0.0,1.1223620551411693,0.6242001154328646,0.0,1.0757998845671355,0.7099768200246134,0.0,0.9900231799753866,0.8153169138507506,0.0,0.8846830861492494,0.9009712584846716,0.1,0.7990287415153283
1637,3.3,>=3m,0.0,min|p05|p10|p25|median|p75|p90,p90,p90,2.1138858119412083,2.0783190625773402,0.6154057682515452,0.2671423797826603,1.0677908959614588,"<image>These are frames of a video.
Measuring from the closest point of each object, what is the direct distance between the refrigerator and the sofa (in meters)?
Please answer the question using a single word or phrase.",0.15637602316584528,0.0,3.1436239768341547,0.5707084198072465,0.0,2.7292915801927533,0.7412598186023993,0.0,2.5587401813976003,0.8525983388178323,0.0,2.4474016611821674,1.0677908959614588,0.0,2.232209104038541,1.1197407186004926,0.0,2.180259281399507,1.1861141880587918,0.0,2.1138858119412083
1638,2.3,1-3m,0.3,p75|p90,p90,p90,0.8503391834210756,4.067811299653942,1.0932871527606811,0.841910955973425,1.2237638129481696,"<image>These are frames of a video.
Measuring from the closest point of each object, what is the direct distance between the piano and the sofa (in meters)?
Please answer the question using a single word or phrase.",0.27488173678547273,0.0,2.025118263214527,0.356373663818243,0.0,1.9436263361817567,0.3978223657198943,0.0,1.9021776342801056,0.5531864115277796,0.0,1.7468135884722202,1.2237638129481696,0.1,1.0762361870518302,1.3950973675012046,0.3,0.9049026324987952,1.4496608165789242,0.3,0.8503391834210756
1639,1.9,1-3m,0.7,p75|p90,p90,p90,0.29450831763662544,1.3561016650927673,0.4215895283507938,0.1874895429297032,1.466837541104125,"<image>These are frames of a video.
Measuring from the closest point of each object, what is the direct distance between the tv and the bed (in meters)?
Please answer the question using a single word or phrase.",1.0468833610102721,0.2,0.8531166389897278,1.1839021540125807,0.3,0.7160978459874192,1.2387623231365892,0.4,0.6612376768634107,1.3611691047675611,0.5,0.5388308952324388,1.466837541104125,0.6,0.4331624588958749,1.5486586476972644,0.7,0.35134135230273555,1.6054916823633745,0.7,0.29450831763662544
1640,1.4,1-3m,0.8,p90,p90,p90,0.17372755893246472,1.3600349613398262,0.3246247070567242,0.1561480971431367,1.0519794717260824,"<image>These are frames of a video.
Measuring from the closest point of each object, what is the direct distance between the stool and the bed (in meters)?
Please answer the question using a single word or phrase.",0.7913180234971059,0.2,0.608681976502894,0.901647734010811,0.3,0.4983522659891889,0.9281131255326509,0.4,0.471886874467349,0.9813724704573786,0.5,0.4186275295426213,1.0519794717260824,0.6,0.3480205282739175,1.1375205676005153,0.7,0.26247943239948457,1.2262724410675352,0.8,0.17372755893246472
1642,0.5,<1m,0.6,p25,p25,p25,0.1235774259422725,34.94508609959818,2.1391812290219603,1.3165603998862339,1.5451923574275492,"<image>These are frames of a video.
Measuring from the closest point of each object, what is the direct distance between the monitor and the computer mouse (in meters)?
Please answer the question using a single word or phrase.",0.0,0.0,0.5,0.06301887768808112,0.0,0.4369811223119189,0.08688692225996189,0.0,0.41311307774003814,0.6235774259422725,0.6,0.1235774259422725,1.5451923574275492,0.0,1.0451923574275492,1.9401378258285062,0.0,1.4401378258285062,2.202200106710041,0.0,1.7022001067100412
1643,0.4,<1m,0.8,p90,p90,p90,0.050669542295944,1.6051570583961408,0.13170037853092886,0.06660273586345034,0.2867811190588493,"<image>These are frames of a video.
Measuring from the closest point of each object, what is the direct distance between the computer mouse and the monitor (in meters)?
Please answer the question using a single word or phrase.",0.1707714678477118,0.0,0.22922853215228822,0.21763007917312716,0.1,0.18236992082687287,0.22971639242860675,0.2,0.17028360757139327,0.25569224074308905,0.3,0.14430775925691097,0.2867811190588493,0.5,0.11321888094115073,0.3222949766065394,0.7,0.07770502339346064,0.349330457704056,0.8,0.050669542295944
1644,1.7,1-3m,1.0,p90,p90,p90,0.006915751816166438,3.3967721653497827,1.204404641642724,0.49560659148861697,1.2338090892155869,"<image>These are frames of a video.
Measuring from the closest point of each object, what is the direct distance between the computer tower and the bed (in meters)?
Please answer the question using a single word or phrase.",0.009957940986236324,0.0,1.6900420590137637,0.5025111101734422,0.0,1.1974888898265577,0.6045073206225041,0.0,1.0954926793774957,1.0061757288641322,0.2,0.6938242711358678,1.2338090892155869,0.5,0.4661909107844131,1.5017823203527492,0.8,0.1982176796472508,1.7069157518161664,1.0,0.006915751816166438
1646,3.0,>=3m,0.5,p90,p90,p90,0.7845427068958357,9.300065008128566,1.9772377439754452,1.676528839891938,0.6204841685019815,"<image>These are frames of a video.
Measuring from the closest point of each object, what is the direct distance between the lamp and the sofa (in meters)?
Please answer the question using a single word or phrase.",0.10450877209853575,0.0,2.895491227901464,0.23821954912871907,0.0,2.761780450871281,0.28560808370620994,0.0,2.71439191629379,0.39442008357844793,0.0,2.605579916421552,0.6204841685019815,0.0,2.3795158314980185,2.070948923470386,0.4,0.929051076529614,2.2154572931041643,0.5,0.7845427068958357
1647,1.2,1-3m,1.0,p75,p75,p75,0.016154591167167665,2.3833070329084056,0.7479221248088069,0.5052809372595427,0.8916651631236554,"<image>These are frames of a video.
Measuring from the closest point of each object, what is the direct distance between the crate and the table (in meters)?
Please answer the question using a single word or phrase.",0.3918886090479901,0.0,0.8081113909520099,0.5406768757882329,0.0,0.6593231242117671,0.586161889803383,0.0,0.6138381101966169,0.6785644715732896,0.2,0.5214355284267104,0.8916651631236554,0.5,0.30833483687634455,1.1838454088328323,1.0,0.016154591167167665,1.2885990005970398,0.9,0.08859900059703985
1649,8.6,>=3m,0.0,min|p05|p10|p25|median|p75|p90,p90,p90,6.760100814534298,7.533615016669017,1.5956739122874586,0.9196484625266017,0.9256102255223697,"<image>These are frames of a video.
Measuring from the closest point of each object, what is the direct distance between the suitcase and the monitor (in meters)?
Please answer the question using a single word or phrase.",0.10157729278732881,0.0,8.49842270721267,0.24422527317824258,0.0,8.355774726821757,0.2808851850458484,0.0,8.319114814954151,0.3495193066679412,0.0,8.250480693332058,0.9256102255223697,0.0,7.67438977447763,1.2691677691945429,0.0,7.3308322308054565,1.8398991854657012,0.0,6.760100814534298
1653,5.1,>=3m,0.0,min|p05|p10|p25|median|p75|p90,p90,p90,3.495822851659542,5.416706784185523,1.3080235605139998,0.435080733978519,1.262389070820349,"<image>These are frames of a video.
Measuring from the closest point of each object, what is the direct distance between the bookshelf and the computer tower (in meters)?
Please answer the question using a single word or phrase.",0.1052467826869782,0.0,4.994753217313021,0.2961535878264579,0.0,4.803846412173542,0.6708195966629026,0.0,4.429180403337097,1.0364187369173852,0.0,4.0635812630826145,1.262389070820349,0.0,3.8376109291796507,1.4714994708959042,0.0,3.6285005291040955,1.6041771483404577,0.0,3.495822851659542
1654,2.1,1-3m,0.0,min|p05|p10|p25|median|p75|p90,p90,p90,1.2990210321878761,1.7609593522819924,0.3461252162055629,0.16315777388267816,0.6755240637821063,"<image>These are frames of a video.
Measuring from the closest point of each object, what is the direct distance between the ceiling light and the heater (in meters)?
Please answer the question using a single word or phrase.",0.3852632361476406,0.0,1.7147367638523594,0.45485375160656105,0.0,1.6451462483934391,0.49025561421256264,0.0,1.6097443857874374,0.5755256653741894,0.0,1.5244743346258107,0.6755240637821063,0.0,1.4244759362178938,0.7386834392568675,0.0,1.3613165607431326,0.800978967812124,0.0,1.2990210321878761
1657,3.1,>=3m,0.0,min|p05|p10|p25|median|p75|p90,p90,p90,1.798938943347539,5.2350814761140025,1.052533681751271,0.4302190991328093,0.8925791550832883,"<image>These are frames of a video.
Measuring from the closest point of each object, what is the direct distance between the tv and the washer (in meters)?
Please answer the question using a single word or phrase.",0.0,0.0,3.1,0.24852737490119026,0.0,2.85147262509881,0.46549789726388796,0.0,2.634502102736112,0.655648494179406,0.0,2.444351505820594,0.8925791550832883,0.0,2.2074208449167116,1.0858675933122153,0.0,2.014132406687785,1.3010610566524612,0.0,1.798938943347539
1659,4.1,>=3m,0.0,min|p05|p10|p25|median|p75|p90,p90,p90,2.565936658259005,3.2413596449637025,1.0607856096249173,0.49795838895210653,1.1455137002690032,"<image>These are frames of a video.
Measuring from the closest point of each object, what is the direct distance between the sofa and the refrigerator (in meters)?
Please answer the question using a single word or phrase.",0.15627344865013104,0.0,3.9437265513498687,0.4732777321160774,0.0,3.626722267883922,0.5910417133838599,0.0,3.5089582866161395,0.9671952941674596,0.0,3.13280470583254,1.1455137002690032,0.0,2.9544862997309966,1.4651536831195662,0.0,2.6348463168804335,1.5340633417409948,0.0,2.565936658259005
1661,1.5,1-3m,0.8,p90,p90,p90,0.1633046381776051,1.5265548373561888,0.46106657397131967,0.22654389336081604,1.085654856723422,"<image>These are frames of a video.
Measuring from the closest point of each object, what is the direct distance between the ceiling light and the door (in meters)?
Please answer the question using a single word or phrase.",0.7472833711187002,0.0,0.7527166288812998,0.8756287878510752,0.2,0.6243712121489248,0.9175227128506556,0.3,0.5824772871493444,0.9915183999912557,0.4,0.5084816000087443,1.085654856723422,0.5,0.4143451432765779,1.2180622933520717,0.7,0.2819377066479283,1.336695361822395,0.8,0.1633046381776051
1663,0.4,<1m,0.0,min|p05|p10|p25|median|p75|p90,min,min,0.53435295750256,1.317022520090711,0.35291496009777856,0.13350000565505638,1.3401357461038566,"<image>These are frames of a video.
Measuring from the closest point of each object, what is the direct distance between the trash bin and the towel (in meters)?
Please answer the question using a single word or phrase.",0.93435295750256,0.0,0.53435295750256,1.1132173196932424,0.0,0.7132173196932424,1.161089852547015,0.0,0.761089852547015,1.2506824356520416,0.0,0.8506824356520416,1.3401357461038566,0.0,0.9401357461038565,1.384182441307098,0.0,0.984182441307098,1.466132279791021,0.0,1.066132279791021
1665,1.7,1-3m,0.1,p90,p90,p90,0.7671767274046151,3.1671466417661724,0.6382921447044476,0.2313365885897073,0.6176931287825645,"<image>These are frames of a video.
Measuring from the closest point of each object, what is the direct distance between the counter and the window (in meters)?
Please answer the question using a single word or phrase.",0.18315766997807936,0.0,1.5168423300219205,0.2945311278909372,0.0,1.4054688721090627,0.3249241843681148,0.0,1.3750758156318852,0.5363462676136902,0.0,1.1636537323863099,0.6176931287825645,0.0,1.0823068712174355,0.7676828562033975,0.0,0.9323171437966025,0.9328232725953849,0.1,0.7671767274046151
1666,2.4,1-3m,0.2,p90,p90,p90,0.9666993458988167,4.604007420505997,1.121984767050841,0.8363065058006688,1.172211244923822,"<image>These are frames of a video.
Measuring from the closest point of each object, what is the direct distance between the computer mouse and the sofa (in meters)?
Please answer the question using a single word or phrase.",0.01298466887000504,0.0,2.387015331129995,0.31131588705034235,0.0,2.0886841129496574,0.36800978224242326,0.0,2.031990217757577,0.46510434635575015,0.0,1.9348956536442499,1.172211244923822,0.0,1.227788755076178,1.301410852156419,0.1,1.098589147843581,1.4333006541011832,0.2,0.9666993458988167
1668,0.9,<1m,0.0,min|p05|p10|p25|median|p75|p90,median,median,0.48723852500039266,8.62389627711495,1.2923836318439417,1.0853029679164823,0.41276147499960736,"<image>These are frames of a video.
Measuring from the closest point of each object, what is the direct distance between the power strip and the laptop (in meters)?
Please answer the question using a single word or phrase.",0.015345325888627538,0.0,0.8846546741113724,0.1695174730699521,0.0,0.7304825269300479,0.21339308387176378,0.0,0.6866069161282362,0.3094456690392143,0.0,0.5905543309607857,0.41276147499960736,0.0,0.48723852500039266,1.3947486369556965,0.0,0.4947486369556965,1.4619011049138937,0.0,0.5619011049138937
1670,1.9,1-3m,1.0,p75|p90,p90,p90,0.06070623741836911,2.622213636556048,1.2129768342590166,0.95147610322004,1.106325640402953,"<image>These are frames of a video.
Measuring from the closest point of each object, what is the direct distance between the backpack and the window (in meters)?
Please answer the question using a single word or phrase.",0.6267825922438027,0.0,1.273217407756197,0.7477294031593524,0.0,1.1522705968406475,0.783234164350933,0.0,1.1167658356490668,0.8654010837582776,0.0,1.0345989162417224,1.106325640402953,0.2,0.793674359597047,1.8168771869783176,1.0,0.08312281302168234,1.960706237418369,1.0,0.06070623741836911
1672,2.2,1-3m,0.6,p90,p90,p90,0.5231318898660344,1.1461888073260176,0.21387344519216822,0.10516475294043715,1.5775777088158156,"<image>These are frames of a video.
Measuring from the closest point of each object, what is the direct distance between the basket and the heater (in meters)?
Please answer the question using a single word or phrase.",1.3404841988352476,0.3,0.8595158011647526,1.4629946649417975,0.4,0.7370053350582026,1.483242101621531,0.4,0.7167578983784693,1.5235530027361028,0.4,0.6764469972638973,1.5775777088158156,0.5,0.6224222911841846,1.62871775567654,0.5,0.5712822443234602,1.6768681101339658,0.6,0.5231318898660344
1674,2.5,1-3m,1.0,p90,p90,p90,0.08880908981647906,2.2003097058276575,1.3153493094318942,1.1809496848091332,1.757685605316397,"<image>These are frames of a video.
Measuring from the closest point of each object, what is the direct distance between the cup and the shoes (in meters)?
Please answer the question using a single word or phrase.",1.048872350820382,0.0,1.451127649179618,1.0958416007516267,0.0,1.4041583992483733,1.1261730064217932,0.0,1.3738269935782068,1.1834545544958124,0.0,1.3165454455041876,1.757685605316397,0.5,0.742314394683603,2.3644042393049456,0.9,0.1355957606950544,2.411190910183521,1.0,0.08880908981647906
1676,0.8,<1m,0.9,p25,p25,p25,0.06687402480543603,4.068509901447204,1.5639624739190756,0.9195410244001092,1.17379297297944,"<image>These are frames of a video.
Measuring from the closest point of each object, what is the direct distance between the radiator and the nightstand (in meters)?
Please answer the question using a single word or phrase.",0.16535298858081632,0.0,0.6346470114191838,0.5096814167624041,0.3,0.29031858323759596,0.5556741745591479,0.4,0.24432582544085213,0.733125975194564,0.9,0.06687402480543603,1.17379297297944,0.1,0.37379297297944003,1.6526669995946732,0.0,0.8526669995946732,2.07364389068148,0.0,1.2736438906814798
1678,2.6,1-3m,0.0,min|p05|p10|p25|median|p75|p90,p90,p90,1.4942311068148522,2.6117075523839444,0.6823796464925727,0.1781698855477083,0.7032525459994929,"<image>These are frames of a video.
Measuring from the closest point of each object, what is the direct distance between the refrigerator and the plant (in meters)?
Please answer the question using a single word or phrase.",0.2780620620195175,0.0,2.3219379379804828,0.4233892466925753,0.0,2.1766107533074246,0.4634494001120188,0.0,2.1365505998879812,0.589856273879114,0.0,2.0101437261208863,0.7032525459994929,0.0,1.8967474540005071,0.7680261594268223,0.0,1.8319738405731778,1.105768893185148,0.0,1.4942311068148522
1680,0.7,<1m,1.0,p90,p90,p90,0.024626316585038555,8.5551050459638,0.6399252740271907,0.3189575828269592,0.48771854195467496,"<image>These are frames of a video.
Measuring from the closest point of each object, what is the direct distance between the toilet and the bathtub (in meters)?
Please answer the question using a single word or phrase.",0.0005870585412018717,0.0,0.6994129414587981,0.08470104255784784,0.0,0.6152989574421521,0.23540818031395647,0.0,0.46459181968604346,0.3233597097868458,0.0,0.37664029021315415,0.48771854195467496,0.4,0.212281458045325,0.642317292613805,0.9,0.057682707386194965,0.7246263165850385,1.0,0.024626316585038555
1682,0.5,<1m,0.9,p25,p25,p25,0.041876656372871524,6.948174663648041,1.5832747100898286,0.7455798692427179,0.8663048509754518,"<image>These are frames of a video.
Measuring from the closest point of each object, what is the direct distance between the radiator and the sofa (in meters)?
Please answer the question using a single word or phrase.",0.0025611208901760592,0.0,0.49743887910982393,0.2661782478860161,0.1,0.23382175211398393,0.35207457707851564,0.5,0.14792542292148436,0.5418766563728715,0.9,0.041876656372871524,0.8663048509754518,0.0,0.36630485097545185,1.2874565256155894,0.0,0.7874565256155894,1.8494529579758447,0.0,1.3494529579758447
1684,1.6,1-3m,0.8,p75,p75,p75,0.20695969593866814,10.720425549370898,1.746450974155735,1.2264125662635814,1.2505250463803463,"<image>These are frames of a video.
Measuring from the closest point of each object, what is the direct distance between the ceiling light and the refrigerator (in meters)?
Please answer the question using a single word or phrase.",0.0007011890629878335,0.0,1.5992988109370123,0.17966816013201858,0.0,1.4203318398679814,0.2878165074099939,0.0,1.3121834925900062,0.5805471296750868,0.0,1.0194528703249133,1.2505250463803463,0.6,0.34947495361965375,1.8069596959386682,0.8,0.20695969593866814,1.9261191342877537,0.6,0.32611913428775363
1686,1.6,1-3m,0.5,p75|p90,p90,p90,0.41365978409875437,1.353461360707199,0.3098170654498953,0.2136361639867812,1.0385140132768016,"<image>These are frames of a video.
Measuring from the closest point of each object, what is the direct distance between the suitcase and the microwave (in meters)?
Please answer the question using a single word or phrase.",0.8267053586013561,0.1,0.773294641398644,0.8765231504513504,0.1,0.7234768495486497,0.8916557251610931,0.2,0.7083442748389069,0.9234931222458329,0.2,0.6765068777541672,1.0385140132768016,0.3,0.5614859867231985,1.1371292862326141,0.5,0.462870713767386,1.1863402159012457,0.5,0.41365978409875437
1688,3.1,>=3m,0.2,p90,p90,p90,1.360161541431414,2.3248216758904703,0.9914634427075608,0.460684132030301,1.2490927591914667,"<image>These are frames of a video.
Measuring from the closest point of each object, what is the direct distance between the whiteboard and the trash can (in meters)?
Please answer the question using a single word or phrase.",0.3448367027980902,0.0,2.7551632972019098,0.7483750158610252,0.0,2.351624984138975,0.8277157479858444,0.0,2.2722842520141557,1.032026307674624,0.0,2.067973692325376,1.2490927591914667,0.0,1.8509072408085334,1.4927104397049251,0.0,1.607289560295075,1.739838458568586,0.2,1.360161541431414
1690,1.6,1-3m,0.7,p75,p75,p75,0.3179892828371804,3.3374297204718277,1.4656736934959287,0.9936584572108735,1.152906894768916,"<image>These are frames of a video.
Measuring from the closest point of each object, what is the direct distance between the lamp and the door (in meters)?
Please answer the question using a single word or phrase.",0.0,0.0,1.6,0.6270450318395333,0.0,0.9729549681604668,0.7004009117450143,0.0,0.8995990882549858,0.924330825626307,0.2,0.6756691743736931,1.152906894768916,0.5,0.44709310523108403,1.9179892828371805,0.7,0.3179892828371804,2.092718725335462,0.4,0.4927187253354619
1692,4.8,>=3m,0.0,min|p05|p10|p25|median|p75|p90,p90,p90,2.895916934413097,11.607418454188059,1.7400428810185684,1.1816164254147439,0.4291624439929154,"<image>These are frames of a video.
Measuring from the closest point of each object, what is the direct distance between the door and the window (in meters)?
Please answer the question using a single word or phrase.",0.0,0.0,4.8,0.16404018456833466,0.0,4.635959815431665,0.21029429381508924,0.0,4.589705706184911,0.29566424590191,0.0,4.50433575409809,0.4291624439929154,0.0,4.370837556007085,1.4772806713166537,0.0,3.322719328683346,1.904083065586903,0.0,2.895916934413097
1694,2.9,1-3m,0.0,min|p05|p10|p25|median|p75|p90,p90,p90,1.9007669763807618,1.4802674645371126,0.32419756715076564,0.19117629349688536,0.8702725991002271,"<image>These are frames of a video.
Measuring from the closest point of each object, what is the direct distance between the tv and the dishwasher (in meters)?
Please answer the question using a single word or phrase.",0.5766066171843769,0.0,2.323393382815623,0.6750354564684725,0.0,2.2249645435315273,0.6910444642048486,0.0,2.2089555357951514,0.7328446325010324,0.0,2.1671553674989674,0.8702725991002271,0.0,2.0297274008997728,0.9240209259979177,0.0,1.9759790740020822,0.9992330236192382,0.0,1.9007669763807618
1696,1.5,1-3m,0.2,p90,p90,p90,0.6324389955117595,1.8458762300612594,0.39756145069397086,0.20957124427173945,0.6854818485297667,"<image>These are frames of a video.
Measuring from the closest point of each object, what is the direct distance between the stove and the refrigerator (in meters)?
Please answer the question using a single word or phrase.",0.38944992727218386,0.0,1.1105500727278161,0.4699995537942696,0.0,1.0300004462057304,0.5038952726844427,0.0,0.9961047273155573,0.5809244805910343,0.0,0.9190755194089657,0.6854818485297667,0.0,0.8145181514702333,0.7904957248627738,0.1,0.7095042751372262,0.8675610044882405,0.2,0.6324389955117595
1698,1.7,1-3m,1.0,p90,p90,p90,0.0206723891190308,11.149423631431,1.5287074832048777,1.280605813378856,0.3633453200895279,"<image>These are frames of a video.
Measuring from the closest point of each object, what is the direct distance between the cup and the coat hanger (in meters)?
Please answer the question using a single word or phrase.",0.022458305949347227,0.0,1.6775416940506527,0.1506201276760915,0.0,1.5493798723239085,0.19985959055673475,0.0,1.500140409443265,0.25247907060011937,0.0,1.4475209293998805,0.3633453200895279,0.0,1.3366546799104722,1.5330848839789755,0.9,0.1669151160210245,1.6793276108809692,1.0,0.0206723891190308
1700,1.7,1-3m,0.9,p90,p90,p90,0.1569951843213968,1.264080016249105,0.32235043000359687,0.14401571467399443,1.3693918301799652,"<image>These are frames of a video.
Measuring from the closest point of each object, what is the direct distance between the refrigerator and the table (in meters)?
Please answer the question using a single word or phrase.",1.0534287123851862,0.3,0.6465712876148138,1.2206543856750063,0.5,0.4793456143249937,1.2521174831651414,0.5,0.4478825168348586,1.3052763421285214,0.6,0.39472365787147856,1.3693918301799652,0.7,0.3306081698200347,1.4492920568025158,0.8,0.25070794319748413,1.5430048156786031,0.9,0.1569951843213968
1702,1.7,1-3m,0.9,p75,p75,p75,0.16753951527889788,4.95884629962919,1.747857246208338,0.5745702372676005,1.374210084555027,"<image>These are frames of a video.
Measuring from the closest point of each object, what is the direct distance between the fan and the backpack (in meters)?
Please answer the question using a single word or phrase.",0.03988192254418526,0.0,1.6601180774558146,0.44150672037256233,0.0,1.2584932796274377,1.2335007780282834,0.5,0.46649922197171656,1.2929692780112974,0.6,0.4070307219887026,1.374210084555027,0.7,0.32578991544497304,1.8675395152788978,0.9,0.16753951527889788,2.1893639665809004,0.5,0.4893639665809004
1704,1.2,1-3m,0.0,min|p05|p10|p25|median|p75|p90,p90,p90,0.7251359540190563,4.732253191519668,0.37451775706472223,0.186379971242992,0.3226254911500839,"<image>These are frames of a video.
Measuring from the closest point of each object, what is the direct distance between the table and the dishwasher (in meters)?
Please answer the question using a single word or phrase.",0.0,0.0,1.2,0.10034628891622147,0.0,1.0996537110837785,0.1461407603973752,0.0,1.0538592396026247,0.2364916007652052,0.0,0.9635083992347948,0.3226254911500839,0.0,0.8773745088499161,0.4228715720081972,0.0,0.7771284279918027,0.4748640459809437,0.0,0.7251359540190563
1705,1.5,1-3m,0.5,p90,p90,p90,0.4120219182502902,8.147865520850349,0.9544488673848459,0.802666746406159,0.6050977655144375,"<image>These are frames of a video.
Measuring from the closest point of each object, what is the direct distance between the monitor and the heater (in meters)?
Please answer the question using a single word or phrase.",0.06813965303630497,0.0,1.431860346963695,0.1335292143648639,0.0,1.3664707856351361,0.15611901051284924,0.0,1.3438809894871508,0.22015128208197154,0.0,1.2798487179180285,0.6050977655144375,0.0,0.8949022344855625,1.0228180284881305,0.4,0.4771819715118695,1.0879780817497098,0.5,0.4120219182502902
1706,1.1,1-3m,0.7,median,median,median,0.17006075150731625,3.314778775341816,1.0043906137065717,0.7729408624187696,1.2700607515073163,"<image>These are frames of a video.
Measuring from the closest point of each object, what is the direct distance between the tv and the stool (in meters)?
Please answer the question using a single word or phrase.",0.2693453881216334,0.0,0.8306546118783666,0.4339035005875482,0.0,0.6660964994124519,0.48191278513328734,0.0,0.6180872148667127,0.5977268134050387,0.1,0.5022731865949613,1.2700607515073163,0.7,0.17006075150731625,1.3706676758238083,0.6,0.27066767582380824,1.43829411429412,0.4,0.3382941142941198
1708,0.8,<1m,1.0,p75,p75,p75,0.007429069508928077,1.4225873516239005,0.26285456366597415,0.11986512498571289,0.7427050818323508,"<image>These are frames of a video.
Measuring from the closest point of each object, what is the direct distance between the radiator and the chair (in meters)?
Please answer the question using a single word or phrase.",0.39037417747803077,0.0,0.4096258225219693,0.6220123784015019,0.6,0.17798762159849812,0.6447923302617469,0.7,0.15520766973825317,0.6875639445232152,0.8,0.11243605547678481,0.7427050818323508,0.9,0.0572949181676492,0.8074290695089281,1.0,0.007429069508928077,0.8848669420674761,0.8,0.08486694206747603
1710,1.3,1-3m,1.0,median,median,median,0.026668909156380094,4.408844480381422,1.5445027487367549,1.17242229939782,1.3266689091563801,"<image>These are frames of a video.
Measuring from the closest point of each object, what is the direct distance between the closet and the counter (in meters)?
Please answer the question using a single word or phrase.",0.19114417298230243,0.0,1.1088558270176976,0.4530868913573721,0.0,0.8469131086426279,0.5110626820742322,0.0,0.7889373179257678,0.6600406213519715,0.1,0.6399593786480285,1.3266689091563801,1.0,0.026668909156380094,1.8324629207497916,0.2,0.5324629207497915,1.997589640094127,0.0,0.697589640094127
1712,3.4,>=3m,0.1,p90,p90,p90,1.6792405225085631,1.1994312534468232,0.2861132878524184,0.18403274555424387,1.6231115779915228,"<image>These are frames of a video.
Measuring from the closest point of each object, what is the direct distance between the sofa and the tv (in meters)?
Please answer the question using a single word or phrase.",1.242062142389529,0.0,2.157937857610471,1.4346461896390184,0.0,1.9653538103609816,1.4526936583572758,0.0,1.947306341642724,1.505030366220456,0.0,1.8949696337795439,1.6231115779915228,0.0,1.776888422008477,1.6890631117747,0.0,1.7109368882253,1.7207594774914368,0.1,1.6792405225085631
1713,0.9,<1m,0.8,p75,p75,p75,0.09363618298577758,3.371633897769735,0.9008206362824343,0.24665954322275785,0.6946601356948119,"<image>These are frames of a video.
Measuring from the closest point of each object, what is the direct distance between the heater and the bed (in meters)?
Please answer the question using a single word or phrase.",0.2717925103828017,0.0,0.6282074896171983,0.3798312366548473,0.0,0.5201687633451527,0.43996172514711035,0.0,0.4600382748528897,0.5597042737914646,0.3,0.34029572620853543,0.6946601356948119,0.6,0.20533986430518814,0.8063638170142224,0.8,0.09363618298577758,1.2806518729372816,0.2,0.38065187293728153
1716,9.1,>=3m,0.0,min|p05|p10|p25|median|p75|p90,p90,p90,7.534421619871351,2.8640170731955887,1.0189411429484179,0.8141353612038205,1.1476844810692912,"<image>These are frames of a video.
Measuring from the closest point of each object, what is the direct distance between the crate and the heater (in meters)?
Please answer the question using a single word or phrase.",0.4250261571644807,0.0,8.674973842835518,0.5466372371802315,0.0,8.553362762819768,0.5970814546647163,0.0,8.502918545335284,0.7020486961288506,0.0,8.39795130387115,1.1476844810692912,0.0,7.952315518930709,1.516184057332671,0.0,7.583815942667329,1.5655783801286494,0.0,7.534421619871351
1718,0.8,<1m,1.0,p25,p25,p25,0.02044391752916075,2.1354384039617305,0.6957001362158058,0.3543868758567498,0.9774064474271438,"<image>These are frames of a video.
Measuring from the closest point of each object, what is the direct distance between the desk and the bookshelf (in meters)?
Please answer the question using a single word or phrase.",0.36022682208529094,0.0,0.4397731779147091,0.6127149951845862,0.6,0.18728500481541388,0.6852069393839798,0.8,0.11479306061602024,0.8204439175291608,1.0,0.02044391752916075,0.9774064474271438,0.6,0.17740644742714373,1.1748307933859106,0.1,0.3748307933859105,1.308415131400392,0.0,0.508415131400392
1719,1.8,1-3m,1.0,p90,p90,p90,0.08325519447401475,4.4111074291099355,1.3275580008254735,1.0341565412317923,1.1168428882154628,"<image>These are frames of a video.
Measuring from the closest point of each object, what is the direct distance between the closet and the printer (in meters)?
Please answer the question using a single word or phrase.",0.24253988409685745,0.0,1.5574601159031425,0.3891868047005118,0.0,1.4108131952994882,0.4467112944340947,0.0,1.3532887055659053,0.5512290733507932,0.0,1.2487709266492069,1.1168428882154628,0.3,0.6831571117845372,1.5853856145825855,0.8,0.2146143854174145,1.7167448055259853,1.0,0.08325519447401475
1722,1.6,1-3m,0.3,p75|p90,p90,p90,0.5728785409354613,15.608347692183191,0.9613155531915596,0.10630285215463187,0.939424337399276,"<image>These are frames of a video.
Measuring from the closest point of each object, what is the direct distance between the stool and the toilet (in meters)?
Please answer the question using a single word or phrase.",0.00016288973969783496,0.0,1.5998371102603022,0.06580590587297917,0.0,1.534194094127021,0.0949486899721793,0.0,1.5050513100278209,0.8783525680246768,0.1,0.7216474319753233,0.939424337399276,0.2,0.6605756626007241,0.9846554201793086,0.3,0.6153445798206915,1.0271214590645388,0.3,0.5728785409354613
1723,0.9,<1m,0.7,p90,p90,p90,0.15368856096411498,2.5677783423781886,0.45566663269926144,0.22348093270533476,0.5614282348789332,"<image>These are frames of a video.
Measuring from the closest point of each object, what is the direct distance between the cutting board and the bed (in meters)?
Please answer the question using a single word or phrase.",0.11894998823507948,0.0,0.7810500117649205,0.2906448063366236,0.0,0.6093551936633764,0.3393168175120982,0.0,0.5606831824879018,0.4376374978315668,0.0,0.4623625021684332,0.5614282348789332,0.3,0.3385717651210668,0.6611184305369016,0.5,0.23888156946309846,0.746311439035885,0.7,0.15368856096411498
1724,1.9,1-3m,0.0,min|p05|p10|p25|median|p75|p90,p90,p90,0.9988419705674956,5.787573728245577,0.745452362127653,0.5546063427832701,0.3506253995472034,"<image>These are frames of a video.
Measuring from the closest point of each object, what is the direct distance between the basket and the monitor (in meters)?
Please answer the question using a single word or phrase.",0.039425375123595334,0.0,1.8605746248764046,0.15570566730485141,0.0,1.7442943326951486,0.18002708773076642,0.0,1.7199729122692335,0.2371120906942503,0.0,1.6628879093057496,0.3506253995472034,0.0,1.5493746004527966,0.7917184334775205,0.0,1.1082815665224794,0.9011580294325043,0.0,0.9988419705674956
1726,1.3,1-3m,1.0,p75,p75,p75,0.019239976479137555,4.135320239444246,1.1081194935295815,0.8463431061311322,0.580756519199908,"<image>These are frames of a video.
Measuring from the closest point of each object, what is the direct distance between the stairs and the table (in meters)?
Please answer the question using a single word or phrase.",0.2744113325923367,0.0,1.0255886674076633,0.3534310401817208,0.0,0.9465689598182793,0.37786508297600857,0.0,0.9221349170239914,0.4344169173897303,0.0,0.8655830826102697,0.580756519199908,0.0,0.719243480800092,1.2807600235208625,1.0,0.019239976479137555,1.4615505337113024,0.8,0.16155053371130235
1728,1.8,1-3m,0.8,p75|p90,p90,p90,0.20893518157966207,1.942282091351939,0.7718919364251865,0.5335927743531073,1.3156916568748276,"<image>These are frames of a video.
Measuring from the closest point of each object, what is the direct distance between the suitcase and the ceiling light (in meters)?
Please answer the question using a single word or phrase.",0.751949930139203,0.0,1.048050069860797,0.8191728819951515,0.0,0.9808271180048486,0.8691759877623545,0.0,0.9308240122376455,1.016562268094594,0.2,0.783437731905406,1.3156916568748276,0.5,0.48430834312517246,1.5501550424477013,0.8,0.24984495755229874,1.591064818420338,0.8,0.20893518157966207
1730,2.7,1-3m,0.2,p90,p90,p90,1.117943156255045,4.255234977721295,1.2102661313570446,0.3490291136681518,0.570510609361687,"<image>These are frames of a video.
Measuring from the closest point of each object, what is the direct distance between the radiator and the nightstand (in meters)?
Please answer the question using a single word or phrase.",0.23080630905571942,0.0,2.4691936909442807,0.3717907123879106,0.0,2.3282092876120895,0.4090761721832539,0.0,2.290923827816746,0.47861752786225664,0.0,2.2213824721377433,0.570510609361687,0.0,2.129489390638313,0.8276466415304085,0.0,1.8723533584695917,1.5820568437449551,0.2,1.117943156255045
1731,1.7,1-3m,1.0,p75,p75,p75,0.026683646820842677,1.3796391740138436,0.49305994669356545,0.3430256434120875,1.575504189304144,"<image>These are frames of a video.
Measuring from the closest point of each object, what is the direct distance between the toilet and the heater (in meters)?
Please answer the question using a single word or phrase.",1.2220436903379943,0.5,0.47795630966200564,1.2987594021990627,0.6,0.40124059780093724,1.324713372287032,0.6,0.37528662771296806,1.383658003408755,0.7,0.31634199659124485,1.575504189304144,0.9,0.12449581069585602,1.7266836468208426,1.0,0.026683646820842677,1.7918193488926282,0.9,0.09181934889262822
1732,5.5,>=3m,0.0,min|p05|p10|p25|median|p75|p90,p90,p90,2.9435303373618646,7.934047639130963,2.2342545992914586,2.028148648457004,1.5016246399931004,"<image>These are frames of a video.
Measuring from the closest point of each object, what is the direct distance between the chair and the tv (in meters)?
Please answer the question using a single word or phrase.",0.16806279016545134,0.0,5.331937209834549,0.3222150633466769,0.0,5.177784936653323,0.3621999814904934,0.0,5.137800018509506,0.44350620951443587,0.0,5.056493790485564,1.5016246399931004,0.0,3.9983753600068996,2.4716548579714397,0.0,3.0283451420285603,2.5564696626381354,0.0,2.9435303373618646
1733,2.9,1-3m,0.1,p90,p90,p90,1.3161258051722784,28.551803792952487,1.528400494941248,0.5593517601350718,1.0293064004436219,"<image>These are frames of a video.
Measuring from the closest point of each object, what is the direct distance between the nightstand and the counter (in meters)?
Please answer the question using a single word or phrase.",0.0008715943800227567,0.0,2.8991284056199773,0.05547369988647348,0.0,2.8445263001135266,0.08569126347957232,0.0,2.814308736520428,0.8710710357477084,0.0,2.0289289642522914,1.0293064004436219,0.0,1.870693599556378,1.4304227958827802,0.0,1.4695772041172197,1.5838741948277215,0.1,1.3161258051722784
1734,1.6,1-3m,0.7,p90,p90,p90,0.24007161246642528,5.345307864927486,1.1055130344990824,0.47174999811447715,0.8242049775110896,"<image>These are frames of a video.
Measuring from the closest point of each object, what is the direct distance between the shoes and the door (in meters)?
Please answer the question using a single word or phrase.",0.04245152234260817,0.0,1.557548477657392,0.2544153530344923,0.0,1.3455846469655077,0.3681581542373613,0.0,1.2318418457626388,0.5755404862666108,0.0,1.0244595137333894,0.8242049775110896,0.1,0.7757950224889105,1.047290484381088,0.4,0.5527095156189121,1.3599283875335748,0.7,0.24007161246642528
1736,1.0,1-3m,0.7,p90,p90,p90,0.16409316471368085,2.5897312413282716,0.5131293895241933,0.282309116714067,0.5495149228230825,"<image>These are frames of a video.
Measuring from the closest point of each object, what is the direct distance between the tv and the chair (in meters)?
Please answer the question using a single word or phrase.",0.11305081677201949,0.0,0.8869491832279806,0.3227774457621259,0.0,0.677222554237874,0.3598119808992153,0.0,0.6401880191007847,0.42363405417157163,0.0,0.5763659458284284,0.5495149228230825,0.1,0.45048507717691755,0.7059431708856386,0.5,0.2940568291143614,0.8359068352863191,0.7,0.16409316471368085
1737,1.8,1-3m,0.7,p90,p90,p90,0.3103856308181214,1.2290997448943122,0.27765872817735815,0.14357362976564647,1.3611871516418192,"<image>These are frames of a video.
Measuring from the closest point of each object, what is the direct distance between the trash bin and the door (in meters)?
Please answer the question using a single word or phrase.",1.1143609943685036,0.3,0.6856390056314965,1.2119556410045205,0.4,0.5880443589954796,1.2378460528535904,0.4,0.5621539471464096,1.2902287456746906,0.5,0.5097712543253095,1.3611871516418192,0.6,0.4388128483581808,1.433802375440337,0.6,0.366197624559663,1.4896143691818786,0.7,0.3103856308181214
1738,2.0,1-3m,0.7,p90,p90,p90,0.3116129752367023,2.6292821769826062,1.0462395065000014,0.39531602718045766,1.1951507045292704,"<image>These are frames of a video.
Measuring from the closest point of each object, what is the direct distance between the ceiling light and the bed (in meters)?
Please answer the question using a single word or phrase.",0.3937397847909589,0.0,1.606260215209041,0.6421475182632963,0.0,1.3578524817367037,0.7576286915136449,0.0,1.242371308486355,1.0183974132802065,0.1,0.9816025867197935,1.1951507045292704,0.2,0.8048492954707296,1.4137134404606642,0.5,0.5862865595393358,1.6883870247632977,0.7,0.3116129752367023
1740,2.4,1-3m,0.6,p90,p90,p90,0.5270167074964087,19.52461447025362,1.7770539569790849,1.313936840114199,0.9656124839651099,"<image>These are frames of a video.
Measuring from the closest point of each object, what is the direct distance between the chair and the toilet (in meters)?
Please answer the question using a single word or phrase.",0.002028675342540435,0.0,2.3979713246574597,0.09592933552450633,0.0,2.3040706644754936,0.1822450362979617,0.0,2.2177549637020384,0.32005854481206303,0.0,2.079941455187937,0.9656124839651099,0.0,1.43438751603489,1.633995384926262,0.4,0.7660046150737378,1.8729832925035912,0.6,0.5270167074964087
1742,2.1,1-3m,0.0,min|p05|p10|p25|median|p75|p90,p90,p90,1.156322740361854,2.774939955278143,0.6036060239189006,0.23428494166636793,0.6003340102701156,"<image>These are frames of a video.
Measuring from the closest point of each object, what is the direct distance between the sofa and the basket (in meters)?
Please answer the question using a single word or phrase.",0.19792945861842093,0.0,1.9020705413815793,0.3400712357192456,0.0,1.7599287642807546,0.3900966084301805,0.0,1.7099033915698196,0.5024687435084678,0.0,1.5975312564915323,0.6003340102701156,0.0,1.4996659897298845,0.7367536851748357,0.0,1.3632463148251643,0.9436772596381462,0.0,1.156322740361854
1743,2.2,1-3m,0.3,p90,p90,p90,0.8492381970573963,1.230882914258908,0.253369201830846,0.12955580222791196,1.2343324158398254,"<image>These are frames of a video.
Measuring from the closest point of each object, what is the direct distance between the radiator and the tv (in meters)?
Please answer the question using a single word or phrase.",0.9602845422066328,0.0,1.2397154577933673,1.0973926011117578,0.0,1.1026073988882423,1.122137659829314,0.1,1.0778623401706862,1.169721451996752,0.1,1.0302785480032481,1.2343324158398254,0.2,0.9656675841601747,1.299277254224664,0.2,0.9007227457753362,1.3507618029426038,0.3,0.8492381970573963
1744,1.3,1-3m,0.8,median|p75,p75,p75,0.1318423145781542,2.630977286623377,1.0038364920526281,0.516001744385751,1.1637230584787244,"<image>These are frames of a video.
Measuring from the closest point of each object, what is the direct distance between the door and the bed (in meters)?
Please answer the question using a single word or phrase.",0.071626000523798,0.0,1.228373999476202,0.6154815890360296,0.0,0.6845184109639705,0.7328763248543257,0.2,0.5671236751456743,0.9158405701924033,0.5,0.38415942980759676,1.1637230584787244,0.8,0.13627694152127567,1.4318423145781543,0.8,0.1318423145781542,1.6193180810886576,0.6,0.31931808108865756
1746,2.3,1-3m,0.4,p90,p90,p90,0.7473175661446358,5.0978142744186785,1.2481043636720555,0.646352518644571,1.2221383548148208,"<image>These are frames of a video.
Measuring from the closest point of each object, what is the direct distance between the lamp and the bookshelf (in meters)?
Please answer the question using a single word or phrase.",0.05132694501021006,0.0,2.2486730549897898,0.30457807018330846,0.0,1.9954219298166913,0.4198626338583057,0.0,1.8801373661416942,0.8306866031813428,0.0,1.4693133968186571,1.2221383548148208,0.1,1.077861645185179,1.4770391218259138,0.3,0.822960878174086,1.552682433855364,0.4,0.7473175661446358
1748,2.0,1-3m,0.7,p90,p90,p90,0.31774199761546607,2.923562723134644,1.1068443165167592,0.5658327261252889,1.1222447616137488,"<image>These are frames of a video.
Measuring from the closest point of each object, what is the direct distance between the telephone and the door (in meters)?
Please answer the question using a single word or phrase.",0.0,0.0,2.0,0.5754136858677746,0.0,1.4245863141322253,0.6819585783328744,0.0,1.3180414216671257,0.9265877362903461,0.0,1.073412263709654,1.1222447616137488,0.2,0.8777552383862512,1.492420462415635,0.5,0.507579537584365,1.682258002384534,0.7,0.31774199761546607
1750,3.5,>=3m,0.0,min|p05|p10|p25|median|p75|p90,p90,p90,2.2862851862800246,8.562114769017919,1.071960720664389,0.5947075811704687,0.7618690942844208,"<image>These are frames of a video.
Measuring from the closest point of each object, what is the direct distance between the dishwasher and the tv (in meters)?
Please answer the question using a single word or phrase.",0.014299621651271776,0.0,3.4857003783487284,0.14175409305558623,0.0,3.358245906944414,0.19361545775976846,0.0,3.3063845422402314,0.4773444901086683,0.0,3.0226555098913317,0.7618690942844208,0.0,2.738130905715579,1.072052071279137,0.0,2.427947928720863,1.2137148137199754,0.0,2.2862851862800246
1752,1.7,1-3m,1.0,p75|p90,p90,p90,0.02631237773922157,1.268574040304664,0.36548335011334787,0.17949575990320765,1.5572658314736372,"<image>These are frames of a video.
Measuring from the closest point of each object, what is the direct distance between the toilet and the heater (in meters)?
Please answer the question using a single word or phrase.",1.2267939802409107,0.5,0.47320601975908927,1.3608290276258737,0.7,0.3391709723741263,1.397455364243364,0.7,0.3025446357566359,1.4671153181993484,0.8,0.23288468180065158,1.5572658314736372,0.9,0.14273416852636278,1.646611078102556,1.0,0.05338892189744393,1.7263123777392215,1.0,0.02631237773922157
1754,1.5,1-3m,0.2,p90,p90,p90,0.6680679539110805,3.8579380880326983,0.6162904191095836,0.34069987157943815,0.5538920015610447,"<image>These are frames of a video.
Measuring from the closest point of each object, what is the direct distance between the bed and the table (in meters)?
Please answer the question using a single word or phrase.",0.006676047150039405,0.0,1.4933239528499607,0.2156416269793359,0.0,1.284358373020664,0.26521795488616867,0.0,1.2347820451138314,0.3626558107927077,0.0,1.1373441892072922,0.5538920015610447,0.0,0.9461079984389553,0.7033556823721459,0.0,0.7966443176278541,0.8319320460889195,0.2,0.6680679539110805
1755,2.3,1-3m,0.1,p90,p90,p90,1.1396441933822532,1.5414041408766925,0.40756439011241663,0.21011792070764335,1.003503222307827,"<image>These are frames of a video.
Measuring from the closest point of each object, what is the direct distance between the door and the refrigerator (in meters)?
Please answer the question using a single word or phrase.",0.6510024705576806,0.0,1.6489975294423194,0.75279141650533,0.0,1.5472085834946698,0.7942783344783209,0.0,1.505721665521679,0.8837279962259488,0.0,1.416272003774051,1.003503222307827,0.0,1.2964967776921728,1.0938459169335921,0.0,1.2061540830664077,1.1603558066177466,0.1,1.1396441933822532
1757,1.5,1-3m,0.1,p75|p90,p90,p90,0.6802824761558649,5.955604872368296,0.6820795271316085,0.13418423812780067,0.7228127531950759,"<image>These are frames of a video.
Measuring from the closest point of each object, what is the direct distance between the printer and the heater (in meters)?
Please answer the question using a single word or phrase.",0.06652278434457612,0.0,1.4334772156554239,0.13763799671252663,0.0,1.3623620032874735,0.16302513624443976,0.0,1.3369748637555603,0.6426439288061239,0.0,0.8573560711938761,0.7228127531950759,0.0,0.7771872468049241,0.7768281669339245,0.1,0.7231718330660755,0.8197175238441351,0.1,0.6802824761558649
1758,3.7,>=3m,0.0,min|p05|p10|p25|median|p75|p90,p90,p90,2.0481763446678474,7.20517861118478,1.4225685952607778,0.9726165610683386,0.9980348328766675,"<image>These are frames of a video.
Measuring from the closest point of each object, what is the direct distance between the telephone and the door (in meters)?
Please answer the question using a single word or phrase.",0.010788456716290138,0.0,3.6892115432837103,0.22925506007137497,0.0,3.4707449399286254,0.31725730471735636,0.0,3.382742695282644,0.47361295336362835,0.0,3.226387046636372,0.9980348328766675,0.0,2.7019651671233325,1.446229514431967,0.0,2.253770485568033,1.6518236553321528,0.0,2.0481763446678474
1759,1.0,1-3m,0.4,median|p75,median,median,0.3169025852150913,2.891098532603288,0.9079170702337421,0.7531121973867438,0.6830974147849087,"<image>These are frames of a video.
Measuring from the closest point of each object, what is the direct distance between the blanket and the door (in meters)?
Please answer the question using a single word or phrase.",0.3817164268152314,0.0,0.6182835731847687,0.48010035150516595,0.0,0.519899648494834,0.5102469051522813,0.1,0.4897530948477187,0.5672104851174962,0.2,0.43278951488250383,0.6830974147849087,0.4,0.3169025852150913,1.32032268250424,0.4,0.32032268250424,1.388017421738908,0.3,0.3880174217389081
1760,1.4,1-3m,1.0,median,median,median,0.05078050687660296,5.775079470369417,1.6391285283338648,1.1464171689782552,1.349219493123397,"<image>These are frames of a video.
Measuring from the closest point of each object, what is the direct distance between the bed and the fireplace (in meters)?
Please answer the question using a single word or phrase.",0.007338696606590573,0.0,1.3926613033934094,0.34326727722649947,0.0,1.0567327227735004,0.3807389481785214,0.0,1.0192610518214784,0.4584952521481486,0.0,0.9415047478518512,1.349219493123397,1.0,0.05078050687660296,1.6049124211264039,0.8,0.20491242112640395,1.9823958055603643,0.2,0.5823958055603644
1762,2.0,1-3m,0.8,p90,p90,p90,0.25512412898427117,13.598512339106803,1.6165621387850502,1.1318627905014629,0.9456067961744813,"<image>These are frames of a video.
Measuring from the closest point of each object, what is the direct distance between the fan and the keyboard (in meters)?
Please answer the question using a single word or phrase.",0.014291442001512599,0.0,1.9857085579984874,0.12831373223067857,0.0,1.8716862677693213,0.15240517134550693,0.0,1.847594828654493,0.3619539357586071,0.0,1.6380460642413928,0.9456067961744813,0.0,1.0543932038255188,1.49381672626007,0.5,0.5061832737399301,1.7448758710157288,0.8,0.25512412898427117
1764,1.9,1-3m,0.5,p90,p90,p90,0.5333279763683751,2.3602241840741267,0.7876287137403886,0.28027244245426897,0.7897781784642577,"<image>These are frames of a video.
Measuring from the closest point of each object, what is the direct distance between the tv and the stool (in meters)?
Please answer the question using a single word or phrase.",0.01099445485990424,0.0,1.8890055451400958,0.5790433098912362,0.0,1.3209566901087637,0.6249687047517366,0.0,1.2750312952482634,0.6749243108631385,0.0,1.2250756891368613,0.7897781784642577,0.0,1.1102218215357422,0.9551967533174075,0.1,0.9448032466825924,1.3666720236316248,0.5,0.5333279763683751
1766,1.5,1-3m,0.3,p90,p90,p90,0.5677954570170648,6.061538775019184,0.7784144613579959,0.6400572609743385,0.31803421635983514,"<image>These are frames of a video.
Measuring from the closest point of each object, what is the direct distance between the shoes and the table (in meters)?
Please answer the question using a single word or phrase.",0.08341395422039675,0.0,1.4165860457796033,0.15379008162493937,0.0,1.3462099183750607,0.17341251679079972,0.0,1.3265874832092002,0.21600519731215334,0.0,1.2839948026878467,0.31803421635983514,0.0,1.181965783640165,0.8560624582864917,0.2,0.6439375417135083,0.9322045429829352,0.3,0.5677954570170648
1768,2.3,1-3m,0.9,p90,p90,p90,0.20266690495832407,4.520418951976038,1.6333643529132817,1.1499982100406434,1.2884464569242953,"<image>These are frames of a video.
Measuring from the closest point of each object, what is the direct distance between the radiator and the door (in meters)?
Please answer the question using a single word or phrase.",0.01717254526810177,0.0,2.282827454731898,0.46396874212839406,0.0,1.8360312578716058,0.6306075503301504,0.0,1.6693924496698496,0.7923843700512485,0.0,1.5076156299487513,1.2884464569242953,0.2,1.0115535430757046,1.942382580091892,0.7,0.3576174199081079,2.0973330950416758,0.9,0.20266690495832407
1769,3.7,>=3m,0.0,min|p05|p10|p25|median|p75|p90,p90,p90,2.2971283326730925,5.263066178030974,1.1363214055835238,0.8779607577758388,0.7110261166851781,"<image>These are frames of a video.
Measuring from the closest point of each object, what is the direct distance between the toilet and the chair (in meters)?
Please answer the question using a single word or phrase.",0.1920659523615996,0.0,3.5079340476384004,0.26655026174338403,0.0,3.4334497382566163,0.3177516437296223,0.0,3.382248356270378,0.4078915522459541,0.0,3.292108447754046,0.7110261166851781,0.0,2.988973883314822,1.285852310021793,0.0,2.4141476899782073,1.402871667326908,0.0,2.2971283326730925
1770,4.0,>=3m,0.0,min|p05|p10|p25|median|p75|p90,p90,p90,2.1787508508399,4.057039331414415,1.3723382561702722,0.7668571060960967,1.4928834014637244,"<image>These are frames of a video.
Measuring from the closest point of each object, what is the direct distance between the door and the telephone (in meters)?
Please answer the question using a single word or phrase.",0.1117621807227545,0.0,3.8882378192772453,0.4489108929898281,0.0,3.551089107010172,0.6575752524124007,0.0,3.342424747587599,0.8863831755402993,0.0,3.113616824459701,1.4928834014637244,0.0,2.5071165985362756,1.653240281636396,0.0,2.3467597183636038,1.8212491491601002,0.0,2.1787508508399
1771,3.4,>=3m,0.9,p90,p90,p90,0.26769645483188986,2.6369414558632296,1.9444487529415155,1.386009150270572,2.5389200220370367,"<image>These are frames of a video.
Measuring from the closest point of each object, what is the direct distance between the tv and the toilet (in meters)?
Please answer the question using a single word or phrase.",0.6251609188683563,0.0,2.7748390811316437,1.1878547922265945,0.0,2.212145207773405,1.259031259983386,0.0,2.140968740016614,1.6716764602616352,0.0,1.7283235397383647,2.5389200220370367,0.5,0.8610799779629632,3.057685610532207,0.8,0.3423143894677927,3.13230354516811,0.9,0.26769645483188986
1772,2.2,1-3m,0.6,p90,p90,p90,0.5391368648439332,5.04249848177235,1.3314900790887694,0.9383933397012876,1.2297135248239828,"<image>These are frames of a video.
Measuring from the closest point of each object, what is the direct distance between the fan and the desk (in meters)?
Please answer the question using a single word or phrase.",0.08591894388884745,0.0,2.1140810561111527,0.32937305606729755,0.0,1.8706269439327026,0.39291242535591725,0.0,1.8070875746440829,0.6026429552675037,0.0,1.5973570447324965,1.2297135248239828,0.2,0.9702864751760174,1.5410362949687912,0.5,0.6589637050312089,1.660863135156067,0.6,0.5391368648439332
1774,2.2,1-3m,0.2,p90,p90,p90,0.9495225485766556,5.30286002548241,1.0146655602147723,0.40955626662302924,0.9117907915194798,"<image>These are frames of a video.
Measuring from the closest point of each object, what is the direct distance between the paper bag and the pillow (in meters)?
Please answer the question using a single word or phrase.",0.015287759737931448,0.0,2.1847122402620687,0.23581189120857224,0.0,1.964188108791428,0.35359455900343023,0.0,1.84640544099657,0.6587445320864838,0.0,1.5412554679135164,0.9117907915194798,0.0,1.2882092084805203,1.068300798709513,0.0,1.1316992012904872,1.2504774514233445,0.2,0.9495225485766556
1775,2.3,1-3m,0.3,p90,p90,p90,0.8904007985124041,2.595370593090768,0.8664786139151921,0.46546305948680533,0.9517371439187219,"<image>These are frames of a video.
Measuring from the closest point of each object, what is the direct distance between the bed and the toilet (in meters)?
Please answer the question using a single word or phrase.",0.41380044681659905,0.0,1.8861995531834008,0.5431205875724037,0.0,1.7568794124275962,0.6257595209429155,0.0,1.6742404790570844,0.8054757857996712,0.0,1.4945242142003288,0.9517371439187219,0.0,1.348262856081278,1.2709388452864765,0.2,1.0290611547135233,1.4095992014875958,0.3,0.8904007985124041
1776,2.7,1-3m,0.0,min|p05|p10|p25|median|p75|p90,p90,p90,1.7753171875311227,3.1046702179870205,0.6268467308420129,0.1249918018733498,0.5845523472573697,"<image>These are frames of a video.
Measuring from the closest point of each object, what is the direct distance between the chair and the door (in meters)?
Please answer the question using a single word or phrase.",0.13692677910323964,0.0,2.5630732208967606,0.29783608162686454,0.0,2.4021639183731356,0.3394250633416465,0.0,2.3605749366583537,0.5141383183899568,0.0,2.185861681610043,0.5845523472573697,0.0,2.1154476527426302,0.6391301202633066,0.0,2.0608698797366936,0.9246828124688775,0.0,1.7753171875311227
1777,1.9,1-3m,0.8,p90,p90,p90,0.24117579764868746,1.297096329019452,0.37994909859914094,0.18505439122957212,1.4790396991749442,"<image>These are frames of a video.
Measuring from the closest point of each object, what is the direct distance between the trash bin and the door (in meters)?
Please answer the question using a single word or phrase.",1.1527816739634043,0.3,0.7472183260365957,1.2788751037521715,0.4,0.6211248962478284,1.3136957453613196,0.4,0.5863042546386803,1.3874570994894921,0.5,0.5125429005105078,1.4790396991749442,0.6,0.42096030082505576,1.5725114907190643,0.7,0.32748850928093565,1.6588242023513124,0.8,0.24117579764868746
1778,2.0,1-3m,0.5,p90,p90,p90,0.5907170412598624,2.438344520290508,0.831315839240456,0.640498196955579,0.958300536801775,"<image>These are frames of a video.
Measuring from the closest point of each object, what is the direct distance between the computer mouse and the printer (in meters)?
Please answer the question using a single word or phrase.",0.32673963999628947,0.0,1.6732603600037106,0.5779671194996816,0.0,1.4220328805003184,0.6304946364270234,0.0,1.3695053635729766,0.6924661539239665,0.0,1.3075338460760335,0.958300536801775,0.0,1.041699463198225,1.3329643508795455,0.4,0.6670356491204545,1.4092829587401376,0.5,0.5907170412598624
1779,0.5,<1m,1.0,p05|p10,p10,p10,0.00742290958281111,1.891000680442801,0.4253797649541262,0.1985021279049185,0.6396022264969548,"<image>These are frames of a video.
Measuring from the closest point of each object, what is the direct distance between the tv and the chair (in meters)?
Please answer the question using a single word or phrase.",0.35430241752793057,0.5,0.14569758247206943,0.47741800235520027,1.0,0.022581997644799734,0.5074229095828111,1.0,0.00742290958281111,0.5643267612402352,0.8,0.06432676124023518,0.6396022264969548,0.5,0.13960222649695475,0.7628288891451537,0.0,0.2628288891451537,0.9027977673093265,0.0,0.4027977673093265
1780,1.4,1-3m,1.0,p75,p75,p75,0.030178913523181805,7.079087943259928,1.318263234064301,1.008611481518646,0.9883182840290209,"<image>These are frames of a video.
Measuring from the closest point of each object, what is the direct distance between the trash bin and the door (in meters)?
Please answer the question using a single word or phrase.",0.014035809588711664,0.0,1.3859641904112883,0.21685214071066367,0.0,1.1831478592893363,0.28283386022181045,0.0,1.1171661397781896,0.4215674320045356,0.0,0.9784325679954643,0.9883182840290209,0.5,0.411681715970979,1.4301789135231817,1.0,0.030178913523181805,1.5351153747749646,0.9,0.1351153747749647
1781,3.3,>=3m,0.3,p75|p90,p90,p90,1.1605152412498003,5.305038420501788,1.736191777782904,1.334940940189183,1.9504195756962086,"<image>These are frames of a video.
Measuring from the closest point of each object, what is the direct distance between the laptop and the toilet (in meters)?
Please answer the question using a single word or phrase.",0.3626478553873027,0.0,2.937352144612697,0.4032929809672956,0.0,2.8967070190327044,0.4536993328222292,0.0,2.8463006671777706,0.7220653870427909,0.0,2.577934612957209,1.9504195756962086,0.2,1.3495804243037912,2.057006327231974,0.3,1.242993672768026,2.1394847587501995,0.3,1.1605152412498003
1782,0.5,<1m,0.7,p90,p90,p90,0.08778274219289972,2.136851364197666,0.3127131926486349,0.07282548309197956,0.3500029330314614,"<image>These are frames of a video.
Measuring from the closest point of each object, what is the direct distance between the radiator and the backpack (in meters)?
Please answer the question using a single word or phrase.",0.21004606877072265,0.0,0.2899539312292774,0.2750695495442648,0.2,0.22493045045573518,0.2894355706247323,0.2,0.2105644293752677,0.31774303141568117,0.3,0.18225696858431883,0.3500029330314614,0.5,0.1499970669685386,0.3905685145076607,0.6,0.10943148549233928,0.5877827421928997,0.7,0.08778274219289972
1783,2.6,1-3m,0.7,p90,p90,p90,0.5083192743405927,14.718704455678113,1.9495703427817563,0.5027042768932625,1.2277410236179342,"<image>These are frames of a video.
Measuring from the closest point of each object, what is the direct distance between the toilet and the bathtub (in meters)?
Please answer the question using a single word or phrase.",0.0029708106039860165,0.0,2.597029189396014,0.1421103828776512,0.0,2.457889617122349,0.27980784144542836,0.0,2.3201921585545717,0.9973302630653421,0.0,1.6026697369346579,1.2277410236179342,0.0,1.3722589763820658,1.5000345399586046,0.2,1.0999654600413955,2.0916807256594074,0.7,0.5083192743405927
1784,1.6,1-3m,1.0,p75,p75,p75,0.036051118256775094,9.807849425352257,1.869132028513107,1.037135288611447,1.0218745109651282,"<image>These are frames of a video.
Measuring from the closest point of each object, what is the direct distance between the sofa and the table (in meters)?
Please answer the question using a single word or phrase.",0.005685506369076063,0.0,1.594314493630924,0.21221207791462146,0.0,1.3877879220853786,0.2987059343104679,0.0,1.3012940656895322,0.5268135931317779,0.0,1.0731864068682222,1.0218745109651282,0.3,0.5781254890348719,1.563948881743225,1.0,0.036051118256775094,2.0813441064277285,0.4,0.4813441064277284
1785,2.5,1-3m,0.1,p75|p90,p90,p90,1.1308628377475594,3.548416820415439,0.9832926486160337,0.7825406045666545,0.9651802033436623,"<image>These are frames of a video.
Measuring from the closest point of each object, what is the direct distance between the basket and the trash can (in meters)?
Please answer the question using a single word or phrase.",0.0007219746786050056,0.0,2.499278025321395,0.3858445136364069,0.0,2.114155486363593,0.41549137601957187,0.0,2.0845086239804282,0.46894680202383404,0.0,2.031053197976166,0.9651802033436623,0.0,1.5348197966563377,1.2514874065904886,0.1,1.2485125934095114,1.3691371622524406,0.1,1.1308628377475594
1786,1.5,1-3m,0.4,p90,p90,p90,0.523019490617646,6.817607660018484,0.8336779671853591,0.15615304521965112,0.4570730986413698,"<image>These are frames of a video.
Measuring from the closest point of each object, what is the direct distance between the backpack and the table (in meters)?
Please answer the question using a single word or phrase.",0.0017466743252713647,0.0,1.4982533256747286,0.14330254219699484,0.0,1.356697457803005,0.1884181849070657,0.0,1.3115818150929344,0.38337223164249346,0.0,1.1166277683575065,0.4570730986413698,0.0,1.0429269013586302,0.5395252768621446,0.0,0.9604747231378554,0.976980509382354,0.4,0.523019490617646
1787,2.3,1-3m,0.2,p75|p90,p90,p90,0.966134322045991,1.2439706076486807,0.2616010522847212,0.1235252358881751,1.2206576892589218,"<image>These are frames of a video.
Measuring from the closest point of each object, what is the direct distance between the heater and the plant (in meters)?
Please answer the question using a single word or phrase.",0.8013205821507021,0.0,1.4986794178492977,1.0722646256692876,0.0,1.2277353743307122,1.1093908854211993,0.0,1.1906091145788005,1.1605069633259135,0.1,1.1394930366740863,1.2206576892589218,0.1,1.079342310741078,1.2840321992140886,0.2,1.0159678007859112,1.3338656779540088,0.2,0.966134322045991
1788,2.9,1-3m,0.5,p90,p90,p90,0.8599775483062664,1.2263019717291157,0.3764660857056301,0.22403813636061853,1.901089337036887,"<image>These are frames of a video.
Measuring from the closest point of each object, what is the direct distance between the bookshelf and the sofa (in meters)?
Please answer the question using a single word or phrase.",1.5818156292909502,0.1,1.3181843707090497,1.6635563659881034,0.2,1.2364436340118965,1.69270810056659,0.2,1.2072918994334099,1.7690839847250392,0.3,1.1309160152749607,1.901089337036887,0.4,0.9989106629631128,1.9931221210856578,0.4,0.9068778789143421,2.0400224516937335,0.5,0.8599775483062664
1789,3.3,>=3m,0.5,p75|p90,p90,p90,0.8960637955791544,5.5919849991502995,1.9740466026450676,1.8274688306460427,2.261248071171368,"<image>These are frames of a video.
Measuring from the closest point of each object, what is the direct distance between the shoes and the monitor (in meters)?
Please answer the question using a single word or phrase.",0.3695161500791567,0.0,2.930483849920843,0.4298896017757778,0.0,2.870110398224222,0.4513985319035504,0.0,2.8486014680964495,0.5220710600240136,0.0,2.777928939975986,2.261248071171368,0.4,1.0387519288286318,2.3495398906700564,0.5,0.9504601093299434,2.4039362044208454,0.5,0.8960637955791544
1790,1.3,1-3m,0.9,p75,p75,p75,0.06535516314831469,2.992475034545209,1.0627506567893297,0.4109374290026281,1.0348524637181966,"<image>These are frames of a video.
Measuring from the closest point of each object, what is the direct distance between the mirror and the door (in meters)?
Please answer the question using a single word or phrase.",0.2503481573580914,0.0,1.0496518426419086,0.5333821695948662,0.0,0.7666178304051339,0.6765015193133925,0.1,0.6234984806866075,0.8237074078490573,0.3,0.4762925921509428,1.0348524637181966,0.6,0.26514753628180343,1.2346448368516854,0.9,0.06535516314831469,1.5961328263841958,0.6,0.2961328263841958
1791,4.2,>=3m,0.0,min|p05|p10|p25|median|p75|p90,p90,p90,2.5395715292204946,4.866116846513611,1.319205988222569,1.1609715266284797,0.4743550028883057,"<image>These are frames of a video.
Measuring from the closest point of each object, what is the direct distance between the headphones and the trash can (in meters)?
Please answer the question using a single word or phrase.",0.2984575636788384,0.0,3.901542436321162,0.34122248255693655,0.0,3.8587775174430634,0.3530686545691636,0.0,3.8469313454308365,0.43215454119162566,0.0,3.7678454588083747,0.4743550028883057,0.0,3.7256449971116945,1.5931260678201054,0.0,2.606873932179895,1.6604284707795056,0.0,2.5395715292204946
1792,1.1,1-3m,1.0,p90,p90,p90,0.021076015847173002,5.604903475404825,0.921059009173173,0.7357785804584989,0.4085769564394282,"<image>These are frames of a video.
Measuring from the closest point of each object, what is the direct distance between the toilet and the cup (in meters)?
Please answer the question using a single word or phrase.",0.05404197862947038,0.0,1.0459580213705297,0.20001700667400008,0.0,0.899982993326,0.2308761618908862,0.0,0.8691238381091139,0.29727518320658985,0.0,0.8027248167934102,0.4085769564394282,0.0,0.6914230435605719,1.0330537636650887,0.9,0.06694623633491137,1.121076015847173,1.0,0.021076015847173002
1793,3.3,>=3m,0.0,min|p05|p10|p25|median|p75|p90,p90,p90,1.857044970583219,6.395354078039238,1.2173295188024915,1.0747327722333806,1.3380846524997334,"<image>These are frames of a video.
Measuring from the closest point of each object, what is the direct distance between the radiator and the chair (in meters)?
Please answer the question using a single word or phrase.",0.12883381818014156,0.0,3.171166181819858,0.22562551061428934,0.0,3.0743744893857103,0.25367542168391394,0.0,3.046324578316086,0.32165431939085143,0.0,2.9783456806091486,1.3380846524997334,0.0,1.9619153475002664,1.396387091624232,0.0,1.9036129083757678,1.4429550294167808,0.0,1.857044970583219
1794,1.6,1-3m,0.1,p90,p90,p90,0.7794160453770362,4.2541207170806326,0.6276924009516601,0.26494422842249626,0.6235280745567007,"<image>These are frames of a video.
Measuring from the closest point of each object, what is the direct distance between the tv and the table (in meters)?
Please answer the question using a single word or phrase.",0.004085642444661553,0.0,1.5959143575553385,0.1928915536713037,0.0,1.4071084463286965,0.2530132813255918,0.0,1.3469867186744082,0.48614733448695474,0.0,1.1138526655130454,0.6235280745567007,0.0,0.9764719254432994,0.751091562909451,0.0,0.8489084370905491,0.8205839546229639,0.1,0.7794160453770362
1795,0.4,<1m,0.9,p05,p05,p05,0.03981988733066105,4.483650627345011,1.5321788264182696,0.559254096252461,1.1473994541832138,"<image>These are frames of a video.
Measuring from the closest point of each object, what is the direct distance between the trash bin and the mirror (in meters)?
Please answer the question using a single word or phrase.",0.2876195062768947,0.5,0.11238049372310532,0.4398198873306611,0.9,0.03981988733066105,0.4845554731628028,0.6,0.08455547316280276,0.6606385906227226,0.0,0.26063859062272254,1.1473994541832138,0.0,0.7473994541832137,1.2198926868751836,0.0,0.8198926868751836,1.9719987137489308,0.0,1.5719987137489309
1796,2.0,1-3m,0.3,p90,p90,p90,0.7286630320250895,1.4622833554847243,0.4019179438121948,0.21132302649125356,1.0588258253942997,"<image>These are frames of a video.
Measuring from the closest point of each object, what is the direct distance between the kettle and the bed (in meters)?
Please answer the question using a single word or phrase.",0.7954297269851195,0.0,1.2045702730148804,0.8694190241627157,0.0,1.1305809758372845,0.8996036804542344,0.0,1.1003963195457656,0.9742060619798234,0.0,1.0257939380201766,1.0588258253942997,0.1,0.9411741746057003,1.185529088471077,0.2,0.814470911528923,1.2713369679749105,0.3,0.7286630320250895
1798,3.5,>=3m,0.0,min|p05|p10|p25|median|p75|p90,p90,p90,1.7916135163355864,21.221476855029287,1.6278837695821209,0.39453523980775884,1.5985300967602833,"<image>These are frames of a video.
Measuring from the closest point of each object, what is the direct distance between the cup and the whiteboard (in meters)?
Please answer the question using a single word or phrase.",0.0010277224041055932,0.0,3.4989722775958945,0.08050271408229265,0.0,3.4194972859177075,0.5785641804013515,0.0,2.9214358195986483,1.2709364819337463,0.0,2.229063518066254,1.5985300967602833,0.0,1.9014699032397167,1.6654717217415052,0.0,1.8345282782584948,1.7083864836644136,0.0,1.7916135163355864
1800,1.8,1-3m,1.0,p90,p90,p90,0.06876419414361323,17.11438069459143,1.7595715667566234,0.7722170743543167,0.777076542493782,"<image>These are frames of a video.
Measuring from the closest point of each object, what is the direct distance between the backpack and the nightstand (in meters)?
Please answer the question using a single word or phrase.",0.003591848383995334,0.0,1.7964081516160046,0.10919262738698979,0.0,1.6908073726130102,0.180016364442687,0.0,1.619983635557313,0.5707891593383431,0.0,1.2292108406616569,0.777076542493782,0.0,1.022923457506218,1.3430062336926598,0.5,0.45699376630734023,1.8687641941436133,1.0,0.06876419414361323
1801,1.7,1-3m,0.9,p25,p25,p25,0.1465289609864069,2.2961066797677803,1.3746249392449272,0.7378285301718759,2.072460558751545,"<image>These are frames of a video.
Measuring from the closest point of each object, what is the direct distance between the refrigerator and the window (in meters)?
Please answer the question using a single word or phrase.",0.8623321559998095,0.1,0.8376678440001905,1.0605800901290123,0.3,0.6394199098709876,1.1578746168945075,0.4,0.5421253831054924,1.553471039013593,0.9,0.1465289609864069,2.072460558751545,0.6,0.37246055875154505,2.291299569185469,0.4,0.591299569185469,2.4352050293739396,0.2,0.7352050293739396
1802,4.0,>=3m,0.0,min|p05|p10|p25|median|p75|p90,p90,p90,2.05801319500931,12.508865659415658,1.7867379712542015,1.5332510338548129,1.7366985128413037,"<image>These are frames of a video.
Measuring from the closest point of each object, what is the direct distance between the stove and the tv (in meters)?
Please answer the question using a single word or phrase.",0.06160559241061455,0.0,3.9383944075893855,0.15524883373648832,0.0,3.844751166263512,0.19308683665994342,0.0,3.806913163340057,0.31830982370043365,0.0,3.681690176299566,1.7366985128413037,0.0,2.2633014871586963,1.8515608575552465,0.0,2.1484391424447535,1.9419868049906899,0.0,2.05801319500931
1803,1.8,1-3m,1.0,p25|median,median,median,0.0016461788972408353,1.260394604093538,0.434352923846425,0.24038460281329654,1.8016461788972409,"<image>These are frames of a video.
Measuring from the closest point of each object, what is the direct distance between the heater and the ceiling light (in meters)?
Please answer the question using a single word or phrase.",1.6242229110643698,0.9,0.17577708893563027,1.6680565457892438,0.9,0.13194345421075626,1.6841515916128944,0.9,0.11584840838710564,1.7213901697596072,1.0,0.07860983024039281,1.8016461788972409,1.0,0.0016461788972408353,1.9617747725729038,0.9,0.16177477257290374,2.1024094696356688,0.7,0.3024094696356687
1804,3.3,>=3m,0.2,p90,p90,p90,1.4438894508091105,8.573156981176824,1.639607975720445,1.0494451567656455,1.1353466131023562,"<image>These are frames of a video.
Measuring from the closest point of each object, what is the direct distance between the radiator and the backpack (in meters)?
Please answer the question using a single word or phrase.",0.006749951118083719,0.0,3.2932500488819163,0.21650257347044446,0.0,3.083497426529555,0.27084921687486546,0.0,3.0291507831251345,0.7441787070636299,0.0,2.55582129293637,1.1353466131023562,0.0,2.1646533868976436,1.7936238638292754,0.1,1.5063761361707244,1.8561105491908894,0.2,1.4438894508091105
1805,4.1,>=3m,0.0,min|p05|p10|p25|median|p75|p90,p90,p90,2.324185392493712,1.138939264430523,0.21663172307547773,0.10380997935676617,1.6767050297829909,"<image>These are frames of a video.
Measuring from the closest point of each object, what is the direct distance between the tv and the table (in meters)?
Please answer the question using a single word or phrase.",1.4714374565481187,0.0,2.628562543451881,1.55918288443081,0.0,2.5408171155691894,1.5808674745407916,0.0,2.519132525459208,1.625149784703292,0.0,2.4748502152967076,1.6767050297829909,0.0,2.423294970217009,1.7289597640600582,0.0,2.371040235939941,1.7758146075062877,0.0,2.324185392493712
1806,5.3,>=3m,0.8,p90,p90,p90,0.7940612382153942,4.644492888602775,3.5357706788832775,2.31547298649106,2.380320864068212,"<image>These are frames of a video.
Measuring from the closest point of each object, what is the direct distance between the sofa and the washer (in meters)?
Please answer the question using a single word or phrase.",0.6605008336536977,0.0,4.639499166346302,0.970168082901328,0.0,4.329831917098672,1.0680233907526404,0.0,4.23197660924736,1.242341374033134,0.0,4.057658625966866,2.380320864068212,0.0,2.919679135931788,3.557814360524194,0.4,1.7421856394758057,4.505938761784606,0.8,0.7940612382153942
1807,4.0,>=3m,0.0,min|p05|p10|p25|median|p75|p90,p90,p90,2.2150992966213856,4.004315977270589,1.3391564830148575,0.8662787669072627,1.2810536951509792,"<image>These are frames of a video.
Measuring from the closest point of each object, what is the direct distance between the towel and the chair (in meters)?
Please answer the question using a single word or phrase.",0.26319222482267934,0.0,3.7368077751773208,0.44574422036375705,0.0,3.554255779636243,0.48342599547336734,0.0,3.5165740045266327,0.8087540934172157,0.0,3.1912459065827843,1.2810536951509792,0.0,2.7189463048490206,1.6750328603244784,0.0,2.324967139675522,1.7849007033786146,0.0,2.2150992966213856
1808,3.4,>=3m,0.0,min|p05|p10|p25|median|p75|p90,p90,p90,1.7692331147586648,5.7513101176275,1.3472198582355908,0.8156661768510561,0.8383332605212781,"<image>These are frames of a video.
Measuring from the closest point of each object, what is the direct distance between the basket and the door (in meters)?
Please answer the question using a single word or phrase.",0.02522585193953827,0.0,3.3747741480604616,0.2835470270057443,0.0,3.1164529729942556,0.35574611662159056,0.0,3.0442538833784094,0.5099971295089986,0.0,2.8900028704910015,0.8383332605212781,0.0,2.5616667394787216,1.3256633063600547,0.0,2.074336693639945,1.630766885241335,0.0,1.7692331147586648
1809,0.7,<1m,0.1,p90,p90,p90,0.32339949982805083,4.505601484984719,0.2930155445501524,0.13880346463241167,0.2539859332254148,"<image>These are frames of a video.
Measuring from the closest point of each object, what is the direct distance between the tv and the fireplace (in meters)?
Please answer the question using a single word or phrase.",0.0178423299417937,0.0,0.6821576700582063,0.08358495562179673,0.0,0.6164150443782033,0.11022909634981395,0.0,0.589770903650186,0.1859555340519911,0.0,0.5140444659480088,0.2539859332254148,0.0,0.44601406677458516,0.3247589986844028,0.0,0.3752410013155972,0.3766005001719491,0.1,0.32339949982805083
1810,2.0,1-3m,0.4,p90,p90,p90,0.6502976968945322,2.4613177855680464,0.8013365816941749,0.28331128007218664,1.0889458940049401,"<image>These are frames of a video.
Measuring from the closest point of each object, what is the direct distance between the door and the ceiling light (in meters)?
Please answer the question using a single word or phrase.",0.14878214438986997,0.0,1.85121785561013,0.5483657214112929,0.0,1.451634278588707,0.7521135075824076,0.0,1.2478864924175923,0.972135019484397,0.0,1.027864980515603,1.0889458940049401,0.1,0.9110541059950599,1.2554462995565836,0.3,0.7445537004434164,1.3497023031054678,0.4,0.6502976968945322
1811,2.2,1-3m,0.6,p90,p90,p90,0.5383972141892275,10.265526369782656,1.4997403809075205,1.2688057311824155,0.9650292051446667,"<image>These are frames of a video.
Measuring from the closest point of each object, what is the direct distance between the crate and the heater (in meters)?
Please answer the question using a single word or phrase.",0.0023729108262913108,0.0,2.197627089173709,0.16186240490325218,0.0,2.038137595096748,0.2023757600438468,0.0,1.9976242399561535,0.3089078142594448,0.0,1.8910921857405554,0.9650292051446667,0.0,1.2349707948553335,1.5777135454418603,0.5,0.6222864545581399,1.6616027858107727,0.6,0.5383972141892275
1812,2.9,1-3m,0.1,p90,p90,p90,1.4128515182495882,8.00292673405429,1.301322904287325,0.6477091744689585,0.8279089623138429,"<image>These are frames of a video.
Measuring from the closest point of each object, what is the direct distance between the telephone and the crate (in meters)?
Please answer the question using a single word or phrase.",0.001184702748074481,0.0,2.898815297251925,0.18582557746308653,0.0,2.7141744225369133,0.4237314421848761,0.0,2.476268557815124,0.6580652185982623,0.0,2.2419347814017376,0.8279089623138429,0.0,2.0720910376861568,1.3057743930672208,0.0,1.5942256069327791,1.4871484817504117,0.1,1.4128515182495882
1813,4.8,>=3m,0.0,min|p05|p10|p25|median|p75|p90,p90,p90,2.683550891213897,5.639714626022571,1.7411731863093771,0.666848198858506,1.2120801620421795,"<image>These are frames of a video.
Measuring from the closest point of each object, what is the direct distance between the chair and the refrigerator (in meters)?
Please answer the question using a single word or phrase.",0.09164018604522574,0.0,4.708359813954774,0.3752759224767258,0.0,4.424724077523274,0.5438892342569074,0.0,4.2561107657430925,0.8129751361138098,0.0,3.98702486388619,1.2120801620421795,0.0,3.5879198379578203,1.4798233349723158,0.0,3.320176665027684,2.116449108786103,0.0,2.683550891213897
1814,0.8,<1m,0.9,median|p75,p75,p75,0.0747796843174644,2.3987101426836017,0.5784964787229632,0.2926244428471003,0.7238345899726285,"<image>These are frames of a video.
Measuring from the closest point of each object, what is the direct distance between the door and the sofa (in meters)?
Please answer the question using a single word or phrase.",0.094016064539572,0.0,0.705983935460428,0.4135928246098543,0.1,0.38640717539014574,0.47209017729477276,0.2,0.3279098227052273,0.5821552414703641,0.5,0.21784475852963592,0.7238345899726285,0.9,0.07616541002737154,0.8747796843174644,0.9,0.0747796843174644,0.9920893033328175,0.6,0.19208930333281748
1815,2.4,1-3m,0.8,p75|p90,p90,p90,0.2738540144253925,10.350519762235608,1.9207315682878585,1.5045117031320323,1.3443942802013626,"<image>These are frames of a video.
Measuring from the closest point of each object, what is the direct distance between the printer and the door (in meters)?
Please answer the question using a single word or phrase.",0.09247226265733223,0.0,2.3075277373426677,0.205414417286749,0.0,2.194585582713251,0.24026200249961305,0.0,2.159737997500387,0.5559767339402308,0.0,1.844023266059769,1.3443942802013626,0.2,1.0556057197986373,2.060488437072263,0.8,0.33951156292773677,2.1261459855746074,0.8,0.2738540144253925
1816,1.2,1-3m,0.9,p75,p75,p75,0.09480263565449931,3.3982563071159846,1.2827296901776097,0.38747933032360093,1.0667515268864083,"<image>These are frames of a video.
Measuring from the closest point of each object, what is the direct distance between the bookshelf and the bed (in meters)?
Please answer the question using a single word or phrase.",0.027365761551418063,0.0,1.172634238448582,0.5348593002222319,0.0,0.665140699777768,0.6383780597500068,0.1,0.5616219402499931,0.9073233053308983,0.6,0.2926766946691016,1.0667515268864083,0.8,0.13324847311359167,1.2948026356544993,0.9,0.09480263565449931,1.8175889903998417,0.0,0.6175889903998417
1817,3.0,>=3m,0.0,min|p05|p10|p25|median|p75|p90,p90,p90,1.5289029585491642,2.8889357365308665,0.9618794002106122,0.4047256842081346,1.1571865894012754,"<image>These are frames of a video.
Measuring from the closest point of each object, what is the direct distance between the mirror and the sofa (in meters)?
Please answer the question using a single word or phrase.",0.2712571916497006,0.0,2.7287428083502996,0.5092176412402235,0.0,2.4907823587597764,0.6336788664474937,0.0,2.366321133552506,0.9166197404510052,0.0,2.0833802595489948,1.1571865894012754,0.0,1.8428134105987246,1.3213454246591398,0.0,1.6786545753408602,1.4710970414508358,0.0,1.5289029585491642
1818,0.7,<1m,1.0,p75,p75,p75,0.017199616887221048,5.005799663860657,0.6622743875647005,0.3348936835212836,0.5110731770748989,"<image>These are frames of a video.
Measuring from the closest point of each object, what is the direct distance between the chair and the tv (in meters)?
Please answer the question using a single word or phrase.",0.05185332638627648,0.0,0.6481466736137235,0.16532888390290154,0.0,0.5346711160970984,0.19444668373241963,0.0,0.5055533162675803,0.3479066995914953,0.0,0.3520933004085047,0.5110731770748989,0.5,0.1889268229251011,0.6828003831127789,1.0,0.017199616887221048,0.827603271467602,0.7,0.1276032714676021
1819,1.4,1-3m,0.4,p90,p90,p90,0.4844651506244383,1.483665711610252,0.29845861568548504,0.15371779428256083,0.7464330120310807,"<image>These are frames of a video.
Measuring from the closest point of each object, what is the direct distance between the table and the ceiling light (in meters)?
Please answer the question using a single word or phrase.",0.5648348575412474,0.0,0.8351651424587525,0.6170762336900766,0.0,0.7829237663099233,0.6340722608492148,0.0,0.7659277391507852,0.676916064075349,0.0,0.7230839359246509,0.7464330120310807,0.1,0.6535669879689192,0.8306338583579098,0.2,0.5693661416420901,0.9155348493755616,0.4,0.4844651506244383
1820,3.8,>=3m,0.0,min|p05|p10|p25|median|p75|p90,p90,p90,2.497563425367834,8.457139781492678,1.1484321939215179,0.4661393641372388,1.0367303330529292,"<image>These are frames of a video.
Measuring from the closest point of each object, what is the direct distance between the sofa and the chair (in meters)?
Please answer the question using a single word or phrase.",0.0,0.0,3.8,0.15400438071064812,0.0,3.645995619289352,0.26002358184568547,0.0,3.5399764181543145,0.7700599652289594,0.0,3.0299400347710406,1.0367303330529292,0.0,2.7632696669470707,1.2361993293661981,0.0,2.5638006706338015,1.302436574632166,0.0,2.497563425367834
1821,1.7,1-3m,0.9,p75,p75,p75,0.1658685356078453,4.89809831082808,1.7245239341001521,1.1403229944337108,1.414125894558449,"<image>These are frames of a video.
Measuring from the closest point of each object, what is the direct distance between the mirror and the door (in meters)?
Please answer the question using a single word or phrase.",0.009676488967842203,0.0,1.6903235110321577,0.4424013446017498,0.0,1.25759865539825,0.5169995054622016,0.0,1.1830004945377983,0.7255455411741345,0.0,0.9744544588258655,1.414125894558449,0.7,0.285874105441551,1.8658685356078453,0.9,0.1658685356078453,2.166925278701902,0.5,0.46692527870190204
1822,0.8,<1m,0.9,median|p75,median,median,0.061323594109853996,2.9588626330476346,0.6138654115217105,0.4054429724775309,0.738676405890146,"<image>These are frames of a video.
Measuring from the closest point of each object, what is the direct distance between the sofa and the microwave (in meters)?
Please answer the question using a single word or phrase.",0.25869473419346317,0.0,0.5413052658065369,0.3133784887032366,0.0,0.48662151129676345,0.34882593524169986,0.0,0.4511740647583002,0.4631954564055487,0.2,0.33680454359445133,0.738676405890146,0.9,0.061323594109853996,0.8686384288830796,0.9,0.06863842888307958,0.9272439002249471,0.7,0.12724390022494703
1823,1.3,1-3m,1.0,p75,p75,p75,0.044009094184193076,14.070210911379366,1.403633407049784,0.7010783682830793,0.827216314312772,"<image>These are frames of a video.
Measuring from the closest point of each object, what is the direct distance between the ceiling light and the monitor (in meters)?
Please answer the question using a single word or phrase.",0.00804428622273884,0.0,1.2919557137772613,0.10739179471294787,0.0,1.1926082052870521,0.13857952954486027,0.0,1.1614204704551399,0.5549125375327276,0.0,0.7450874624672724,0.827216314312772,0.3,0.47278368568722806,1.255990905815807,1.0,0.044009094184193076,1.511025201762732,0.7,0.21102520176273187
1824,2.7,1-3m,0.5,p90,p90,p90,0.7757005017654728,6.68259941315723,1.6363427647445903,0.7767394167576924,1.6081525598875457,"<image>These are frames of a video.
Measuring from the closest point of each object, what is the direct distance between the suitcase and the keyboard (in meters)?
Please answer the question using a single word or phrase.",0.19176686685140493,0.0,2.5082331331485954,0.2879567334899372,0.0,2.412043266510063,0.7980124492813853,0.0,1.9019875507186148,0.9793496982980519,0.0,1.7206503017019483,1.6081525598875457,0.2,1.0918474401124545,1.7560891150557443,0.4,0.9439108849442559,1.9242994982345274,0.5,0.7757005017654728
1825,1.1,1-3m,0.9,p75,p75,p75,0.09902719197729204,14.12802349579953,1.6491399532131514,0.8563348241574829,0.5496949580841901,"<image>These are frames of a video.
Measuring from the closest point of each object, what is the direct distance between the door and the refrigerator (in meters)?
Please answer the question using a single word or phrase.",0.0,0.0,1.1,0.1256198203591587,0.0,0.9743801796408413,0.171364595431015,0.0,0.9286354045689851,0.3426923678198093,0.0,0.7573076321801908,0.5496949580841901,0.0,0.55030504191581,1.1990271919772921,0.9,0.09902719197729204,1.7747597735723102,0.0,0.6747597735723101
1826,1.3,1-3m,0.7,p90,p90,p90,0.2106450069273651,1.4695372239942397,0.34806380610171883,0.14464241678844758,0.9573090849052206,"<image>These are frames of a video.
Measuring from the closest point of each object, what is the direct distance between the sofa and the dishwasher (in meters)?
Please answer the question using a single word or phrase.",0.5872719760182411,0.0,0.7127280239817589,0.7412911869709161,0.2,0.5587088130290839,0.788037590071983,0.3,0.511962409928017,0.8800677216281311,0.4,0.41993227837186897,0.9573090849052206,0.5,0.34269091509477945,1.0247101384165787,0.6,0.2752898615834214,1.089354993072635,0.7,0.2106450069273651
1827,0.4,<1m,1.0,p25,p25,p25,0.014698296374420106,2.398992768876796,0.4001574583037719,0.21466029431035716,0.49478642959202984,"<image>These are frames of a video.
Measuring from the closest point of each object, what is the direct distance between the toilet and the plant (in meters)?
Please answer the question using a single word or phrase.",0.20345935883580168,0.1,0.19654064116419834,0.2860325422732849,0.5,0.11396745772671513,0.3109245868390665,0.6,0.08907541316093354,0.3853017036255799,1.0,0.014698296374420106,0.49478642959202984,0.6,0.09478642959202982,0.5999619979359371,0.1,0.19996199793593705,0.6861900005770568,0.0,0.2861900005770568
1828,2.7,1-3m,0.6,p90,p90,p90,0.5923010852400221,8.653729891208222,1.8641393235481816,1.3306637080627743,1.281837890172082,"<image>These are frames of a video.
Measuring from the closest point of each object, what is the direct distance between the door and the window (in meters)?
Please answer the question using a single word or phrase.",0.044301856743030055,0.0,2.65569814325697,0.2435595912117964,0.0,2.456440408788204,0.3221786680087971,0.0,2.377821331991203,0.5358424286192083,0.0,2.164157571380792,1.281837890172082,0.0,1.4181621098279182,1.8665061366819826,0.4,0.8334938633180176,2.107698914759978,0.6,0.5923010852400221
1829,1.7,1-3m,1.0,p75|p90,p90,p90,0.03935456615144317,1.4064910338372894,0.4799443885543928,0.3601898662551648,1.4783532553188297,"<image>These are frames of a video.
Measuring from the closest point of each object, what is the direct distance between the heater and the computer mouse (in meters)?
Please answer the question using a single word or phrase.",1.0914000824676062,0.3,0.6085999175323937,1.180701045294164,0.4,0.519298954705836,1.204681478031369,0.5,0.4953185219686309,1.2715085721275305,0.5,0.4284914278724694,1.4783532553188297,0.8,0.2216467446811703,1.6316984383826953,1.0,0.06830156161730461,1.6606454338485568,1.0,0.03935456615144317
1830,2.7,1-3m,0.9,p90,p90,p90,0.2538836432741127,1.894619940531195,1.1550308443248782,0.40225969123308425,1.3420931221364472,"<image>These are frames of a video.
Measuring from the closest point of each object, what is the direct distance between the door and the chair (in meters)?
Please answer the question using a single word or phrase.",1.2570299236325448,0.0,1.4429700763674553,1.2910855124010092,0.0,1.408914487598991,1.2984604235064667,0.0,1.4015395764935334,1.3142355511755377,0.0,1.3857644488244625,1.3420931221364472,0.0,1.357906877863553,1.716495242408622,0.3,0.9835047575913782,2.4461163567258875,0.9,0.2538836432741127
1831,4.0,>=3m,0.0,min|p05|p10|p25|median|p75|p90,p90,p90,2.0693465135006837,5.092781119226867,1.551557381384866,1.152440165471954,1.863221907790917,"<image>These are frames of a video.
Measuring from the closest point of each object, what is the direct distance between the door and the heater (in meters)?
Please answer the question using a single word or phrase.",0.08328648447601836,0.0,3.916713515523982,0.3790961051144503,0.0,3.62090389488555,0.49481859417023016,0.0,3.5051814058297697,0.745826974161993,0.0,3.254173025838007,1.863221907790917,0.0,2.136778092209083,1.898267139633947,0.0,2.1017328603660532,1.9306534864993163,0.0,2.0693465135006837
1832,3.5,>=3m,0.0,min|p05|p10|p25|median|p75|p90,p90,p90,2.0235572002263718,5.2491925012539244,1.1951723378081094,0.8490491094584547,0.8745087671482119,"<image>These are frames of a video.
Measuring from the closest point of each object, what is the direct distance between the cushion and the power strip (in meters)?
Please answer the question using a single word or phrase.",0.1873901153658207,0.0,3.3126098846341794,0.28127046196551875,0.0,3.218729538034481,0.3146424153753263,0.0,3.1853575846246738,0.4408063826970821,0.0,3.0591936173029177,0.8745087671482119,0.0,2.625491232851788,1.2898554921555367,0.0,2.210144507844463,1.4764427997736282,0.0,2.0235572002263718
1834,1.2,1-3m,0.0,min|p05|p10|p25|median|p75|p90,p90,p90,0.7735179246805817,14.740959455508813,0.3975503035031652,0.1319453646937518,0.1300186891209429,"<image>These are frames of a video.
Measuring from the closest point of each object, what is the direct distance between the dishwasher and the washer (in meters)?
Please answer the question using a single word or phrase.",0.000167957814236067,0.0,1.1998320421857638,0.02893177181625301,0.0,1.171068228183747,0.04245532112885395,0.0,1.157544678871146,0.07695754119733662,0.0,1.1230424588026633,0.1300186891209429,0.0,1.069981310879057,0.2089029058910884,0.0,0.9910970941089116,0.42648207531941823,0.0,0.7735179246805817
1835,0.7,<1m,0.4,p25,p25,p25,0.22158473747828145,5.330117920284064,1.3984398508373483,1.017994946169856,1.3473312880441721,"<image>These are frames of a video.
Measuring from the closest point of each object, what is the direct distance between the keyboard and the door (in meters)?
Please answer the question using a single word or phrase.",0.06754373239609902,0.0,0.632456267603901,0.32295652833990446,0.0,0.3770434716600955,0.37312558998991274,0.1,0.3268744100100872,0.4784152625217185,0.4,0.22158473747828145,1.3473312880441721,0.0,0.6473312880441722,1.4964102086915747,0.0,0.7964102086915748,1.7213963791772529,0.0,1.021396379177253
1836,4.2,>=3m,0.0,min|p05|p10|p25|median|p75|p90,p90,p90,2.1059701173830185,3.247764442030676,1.449269488200051,1.21319568344601,1.8344787275078474,"<image>These are frames of a video.
Measuring from the closest point of each object, what is the direct distance between the computer mouse and the door (in meters)?
Please answer the question using a single word or phrase.",0.5453783562627276,0.0,3.6546216437372725,0.6447603944169307,0.0,3.5552396055830693,0.6773182697607799,0.0,3.52268173023922,0.7794957902381456,0.0,3.4205042097618543,1.8344787275078474,0.0,2.3655212724921526,1.9926914736841557,0.0,2.2073085263158445,2.0940298826169816,0.0,2.1059701173830185
1837,2.0,1-3m,0.7,p90,p90,p90,0.3795556737881609,4.571043849021208,1.2659422956616786,0.23828891508645833,0.7616771516889602,"<image>These are frames of a video.
Measuring from the closest point of each object, what is the direct distance between the lamp and the bookshelf (in meters)?
Please answer the question using a single word or phrase.",0.14181617846580144,0.0,1.8581838215341986,0.3545020305501604,0.0,1.6454979694498397,0.49278403141922644,0.0,1.5072159685807736,0.6498396004558747,0.0,1.3501603995441251,0.7616771516889602,0.0,1.2383228483110398,0.8881285155423331,0.0,1.111871484457667,1.620444326211839,0.7,0.3795556737881609
1838,11.5,>=3m,0.0,min|p05|p10|p25|median|p75|p90,p90,p90,9.423224156098682,12.841781147701823,1.9150556105462297,1.2773174866000372,1.4008751812388813,"<image>These are frames of a video.
Measuring from the closest point of each object, what is the direct distance between the file folder and the clock (in meters)?
Please answer the question using a single word or phrase.",0.054698466322406776,0.0,11.445301533677593,0.16172023335508878,0.0,11.338279766644911,0.3530963368957307,0.0,11.146903663104268,0.6426861732755378,0.0,10.857313826724463,1.4008751812388813,0.0,10.09912481876112,1.920003659875575,0.0,9.579996340124424,2.0767758439013186,0.0,9.423224156098682
1839,11.1,>=3m,0.0,min|p05|p10|p25|median|p75|p90,p90,p90,9.43534046670608,2.2375792980040305,0.920703985091077,0.5392978735180592,1.2388848074791865,"<image>These are frames of a video.
Measuring from the closest point of each object, what is the direct distance between the bucket and the laptop (in meters)?
Please answer the question using a single word or phrase.",0.6657341460721992,0.0,10.434265853927801,0.7439555482028419,0.0,10.356044451797157,0.7762253918998372,0.0,10.323774608100162,0.9558321190841211,0.0,10.144167880915878,1.2388848074791865,0.0,9.861115192520813,1.4951299926021804,0.0,9.60487000739782,1.664659533293919,0.0,9.43534046670608
1840,1.5,1-3m,0.9,p90,p90,p90,0.1213497984152172,5.231773781563856,1.115135328972557,0.7568405397094976,0.8771043471736284,"<image>These are frames of a video.
Measuring from the closest point of each object, what is the direct distance between the suitcase and the bookshelf (in meters)?
Please answer the question using a single word or phrase.",0.026285308974820894,0.0,1.473714691025179,0.2635148726122259,0.0,1.2364851273877742,0.34646608482965685,0.0,1.1535339151703432,0.4717719083409081,0.0,1.0282280916590918,0.8771043471736284,0.2,0.6228956528263716,1.2286124480504057,0.7,0.2713875519495943,1.3786502015847828,0.9,0.1213497984152172
1841,1.3,1-3m,0.4,p75,p75,p75,0.4118729864881411,9.959608793262499,1.5971309816626729,0.45305308469700456,0.6261424319550426,"<image>These are frames of a video.
Measuring from the closest point of each object, what is the direct distance between the door and the table (in meters)?
Please answer the question using a single word or phrase.",0.0,0.0,1.3,0.1782590086816841,0.0,1.1217409913183158,0.24658763993093016,0.0,1.05341236006907,0.4350739288148544,0.0,0.8649260711851456,0.6261424319550426,0.0,0.6738575680449574,0.888127013511859,0.4,0.4118729864881411,1.775389990344357,0.3,0.475389990344357
1842,5.9,>=3m,0.0,min|p05|p10|p25|median|p75|p90,p90,p90,4.259185529310114,4.4349750973287945,1.2708429523203342,0.8572751280378391,1.208337894882208,"<image>These are frames of a video.
Measuring from the closest point of each object, what is the direct distance between the microwave and the desk (in meters)?
Please answer the question using a single word or phrase.",0.2248024444529266,0.0,5.675197555547074,0.36997151836955217,0.0,5.530028481630448,0.41298462992297197,0.0,5.487015370077028,0.4942542309607755,0.0,5.405745769039225,1.208337894882208,0.0,4.691662105117793,1.3515293589986146,0.0,4.548470641001385,1.6408144706898864,0.0,4.259185529310114
1843,1.1,1-3m,1.0,p90,p90,p90,0.01646815882784103,16.130712399457984,1.0163598642414584,0.34822971908296646,0.5575193220870287,"<image>These are frames of a video.
Measuring from the closest point of each object, what is the direct distance between the computer mouse and the printer (in meters)?
Please answer the question using a single word or phrase.",0.015965277706715488,0.0,1.0840347222932847,0.06717197693070068,0.0,1.0328280230692994,0.08489368651950326,0.0,1.0151063134804967,0.36501608850351447,0.0,0.7349839114964856,0.5575193220870287,0.1,0.5424806779129714,0.7132458075864809,0.3,0.38675419241351916,1.083531841172159,1.0,0.01646815882784103
1844,1.9,1-3m,1.0,median|p75,median,median,0.016721639416230616,3.7586679592912655,1.4703258695282553,0.938781068827329,1.8832783605837693,"<image>These are frames of a video.
Measuring from the closest point of each object, what is the direct distance between the radiator and the door (in meters)?
Please answer the question using a single word or phrase.",0.4702923824748031,0.0,1.4297076175251968,0.5329839948936803,0.0,1.3670160051063196,0.5561653555312109,0.0,1.343834644468789,1.011473579164871,0.1,0.8885264208351289,1.8832783605837693,1.0,0.016721639416230616,1.9502546479922,1.0,0.05025464799220014,2.0033098644219356,0.9,0.10330986442193568
1845,1.3,1-3m,0.8,p90,p90,p90,0.14953529680896627,1.605180376484307,0.43374481298729173,0.19531315095332358,0.9267644526526603,"<image>These are frames of a video.
Measuring from the closest point of each object, what is the direct distance between the ceiling light and the door (in meters)?
Please answer the question using a single word or phrase.",0.5605776991453838,0.0,0.7394223008546162,0.716719890203742,0.2,0.583280109796258,0.7597958545179274,0.2,0.5402041454820726,0.8371548452899521,0.3,0.46284515471004795,0.9267644526526603,0.5,0.37323554734733977,1.0324679962432757,0.6,0.26753200375672437,1.1504647031910338,0.8,0.14953529680896627
1846,1.4,1-3m,1.0,p90,p90,p90,0.011949091459525496,2.3129593027056905,0.7879318718947634,0.4401403390526747,0.9961825325053894,"<image>These are frames of a video.
Measuring from the closest point of each object, what is the direct distance between the backpack and the refrigerator (in meters)?
Please answer the question using a single word or phrase.",0.3958378911731553,0.0,1.0041621088268446,0.600119036645711,0.0,0.7998809633542889,0.6453880339798578,0.0,0.7546119660201421,0.7511409903631029,0.1,0.648859009636897,0.9961825325053894,0.5,0.40381746749461056,1.1912813294157776,0.8,0.20871867058422233,1.3880509085404744,1.0,0.011949091459525496
1847,2.6,1-3m,0.0,min|p05|p10|p25|median|p75|p90,p90,p90,1.4170905722840483,6.804382473590358,1.0090641989524096,0.24943437528319268,0.9053816999363802,"<image>These are frames of a video.
Measuring from the closest point of each object, what is the direct distance between the table lamp and the tv (in meters)?
Please answer the question using a single word or phrase.",0.01933051583970112,0.0,2.580669484160299,0.17384522876354203,0.0,2.426154771236458,0.26385991452946,0.0,2.3361400854705403,0.7921535312992312,0.0,1.807846468700769,0.9053816999363802,0.0,1.69461830006362,1.0415879065824238,0.0,1.5584120934175762,1.1829094277159518,0.0,1.4170905722840483
1848,1.5,1-3m,1.0,p90,p90,p90,0.05050213519591473,23.581138529920644,1.4847503423709594,1.0610033770935325,0.3410641427366137,"<image>These are frames of a video.
Measuring from the closest point of each object, what is the direct distance between the monitor and the laptop (in meters)?
Please answer the question using a single word or phrase.",0.000608247677635062,0.0,1.499391752322365,0.06575179282495537,0.0,1.4342482071750446,0.10647078813750323,0.0,1.3935292118624967,0.23350704292768923,0.0,1.2664929570723107,0.3410641427366137,0.0,1.1589358572633863,1.2945104200212219,0.8,0.20548957997877815,1.5505021351959147,1.0,0.05050213519591473
1849,6.2,>=3m,0.0,min|p05|p10|p25|median|p75|p90,p90,p90,3.7386720468010943,2.2045923967795904,1.3448730671191262,1.0257745042694393,1.7316695925631156,"<image>These are frames of a video.
Measuring from the closest point of each object, what is the direct distance between the bathtub and the sofa (in meters)?
Please answer the question using a single word or phrase.",0.9934269324343904,0.0,5.20657306756561,1.1164548860797796,0.0,5.083545113920221,1.1682673471530836,0.0,5.031732652846917,1.3487479297250142,0.0,4.851252070274986,1.7316695925631156,0.0,4.468330407436884,2.3745224339944535,0.0,3.8254775660055467,2.461327953198906,0.0,3.7386720468010943
1850,1.6,1-3m,1.0,p90,p90,p90,0.07987930346253203,1.6852522419497147,0.683067513721767,0.29788519229201893,1.3343445091858253,"<image>These are frames of a video.
Measuring from the closest point of each object, what is the direct distance between the door and the bed (in meters)?
Please answer the question using a single word or phrase.",0.572561582565499,0.0,1.027438417434501,0.9968117897407651,0.3,0.603188210259235,1.0785299839517801,0.4,0.52147001604822,1.2097353330943645,0.6,0.39026466690563555,1.3343445091858253,0.7,0.26565549081417483,1.5076205253863835,0.9,0.09237947461361662,1.6798793034625321,1.0,0.07987930346253203
1851,1.4,1-3m,0.8,p90,p90,p90,0.14124030661449583,9.805703042762312,1.1303895308488559,0.7170392295427749,0.7146976281428553,"<image>These are frames of a video.
Measuring from the closest point of each object, what is the direct distance between the chair and the bed (in meters)?
Please answer the question using a single word or phrase.",0.0021202145039957545,0.0,1.3978797854960041,0.12837016253664824,0.0,1.2716298374633517,0.18488481504190177,0.0,1.2151151849580981,0.44067969382452643,0.0,0.9593203061754735,0.7146976281428553,0.1,0.6853023718571446,1.1577189233673013,0.7,0.2422810766326986,1.258759693385504,0.8,0.14124030661449583
1852,0.9,<1m,0.8,p75,p75,p75,0.1026601819435381,2.6350193650444025,0.7147784066866919,0.3832301322170121,0.7634398289222356,"<image>These are frames of a video.
Measuring from the closest point of each object, what is the direct distance between the trash can and the table (in meters)?
Please answer the question using a single word or phrase.",0.020164615664551765,0.0,0.8798353843354483,0.43716815957545585,0.0,0.46283184042454417,0.5354771522110094,0.2,0.3645228477889906,0.619430049726526,0.4,0.280569950273474,0.7634398289222356,0.7,0.13656017107776441,1.0026601819435381,0.8,0.1026601819435381,1.1519465662621478,0.5,0.25194656626214773
1853,3.1,>=3m,0.2,p90,p90,p90,1.2873081528831067,4.280816968709861,1.3892465420812996,1.0847605278961674,0.9211672297690074,"<image>These are frames of a video.
Measuring from the closest point of each object, what is the direct distance between the tv and the sofa (in meters)?
Please answer the question using a single word or phrase.",0.13569005931323772,0.0,2.9643099406867623,0.4234453050355938,0.0,2.6765546949644063,0.48010806303661246,0.0,2.6198919369633877,0.5877588374587165,0.0,2.5122411625412835,0.9211672297690074,0.0,2.1788327702309926,1.672519365354884,0.1,1.427480634645116,1.8126918471168934,0.2,1.2873081528831067
1854,1.3,1-3m,0.1,p90,p90,p90,0.6008925062964455,1.8208663403628345,0.31516525796304046,0.12876526958032364,0.5725454397396381,"<image>These are frames of a video.
Measuring from the closest point of each object, what is the direct distance between the backpack and the towel (in meters)?
Please answer the question using a single word or phrase.",0.23131915232081857,0.0,1.0686808476791816,0.38394223574051406,0.0,0.916057764259486,0.4421662027526346,0.0,0.8578337972473655,0.5129983050711893,0.0,0.7870016949288108,0.5725454397396381,0.0,0.7274545602603619,0.6417635746515129,0.0,0.6582364253484871,0.6991074937035545,0.1,0.6008925062964455
1855,3.3,>=3m,0.1,p90,p90,p90,1.6124902073934746,9.800079705389532,1.5153163162944414,0.9760292492962597,1.0791585707687301,"<image>These are frames of a video.
Measuring from the closest point of each object, what is the direct distance between the table and the shoe rack (in meters)?
Please answer the question using a single word or phrase.",0.0,0.0,3.3,0.17219347631208376,0.0,3.1278065236879162,0.27544731647436566,0.0,3.0245526835256342,0.5662726847108046,0.0,2.733727315289195,1.0791585707687301,0.0,2.2208414292312697,1.5423019340070643,0.0,1.7576980659929355,1.6875097926065252,0.1,1.6124902073934746
1856,1.5,1-3m,1.0,p90,p90,p90,0.06956431351972214,1.8301856494047792,0.6488561309059621,0.29786985673452504,1.2097367167983393,"<image>These are frames of a video.
Measuring from the closest point of each object, what is the direct distance between the bowl and the bed (in meters)?
Please answer the question using a single word or phrase.",0.6203013045484498,0.0,0.8796986954515502,0.7815795555743158,0.1,0.7184204444256842,0.9000038122410345,0.3,0.5999961877589655,1.035219005499318,0.4,0.464780994500682,1.2097367167983393,0.7,0.2902632832016607,1.333088862233843,0.8,0.16691113776615696,1.4304356864802779,1.0,0.06956431351972214
1857,2.7,1-3m,0.0,min|p05|p10|p25|median|p75|p90,p90,p90,1.5677371567260456,7.274534437049154,0.9766153783987664,0.590765070205684,0.811234511301253,"<image>These are frames of a video.
Measuring from the closest point of each object, what is the direct distance between the trash can and the door (in meters)?
Please answer the question using a single word or phrase.",0.01597974134458555,0.0,2.6840202586554147,0.1556474648751881,0.0,2.544352535124812,0.19401522950309483,0.0,2.505984770496905,0.3465272650105856,0.0,2.3534727349894147,0.811234511301253,0.0,1.888765488698747,0.9372923352162696,0.0,1.7627076647837305,1.1322628432739545,0.0,1.5677371567260456
1858,3.1,>=3m,0.0,min|p05|p10|p25|median|p75|p90,p90,p90,1.755309210336816,22.2958528818059,1.284379538203479,0.9298000939467719,0.9990837451213419,"<image>These are frames of a video.
Measuring from the closest point of each object, what is the direct distance between the cutting board and the table (in meters)?
Please answer the question using a single word or phrase.",0.000842737114289697,0.0,3.0991572628857105,0.060311251459705006,0.0,3.039688748540295,0.09083634262246783,0.0,3.0091636573775324,0.30932907053768405,0.0,2.790670929462316,0.9990837451213419,0.0,2.1009162548786584,1.239129164484456,0.0,1.860870835515544,1.3446907896631841,0.0,1.755309210336816
1859,3.2,>=3m,0.0,min|p05|p10|p25|median|p75|p90,p90,p90,1.680075467286746,3.0418132826674373,1.0202474021760384,0.361382702104905,1.3829398527581591,"<image>These are frames of a video.
Measuring from the closest point of each object, what is the direct distance between the door and the chair (in meters)?
Please answer the question using a single word or phrase.",0.3631881577404968,0.0,2.8368118422595034,0.49967713053721585,0.0,2.7003228694627843,0.5933601155049306,0.0,2.6066398844950696,1.0892832619342037,0.0,2.1107167380657965,1.3829398527581591,0.0,1.817060147241841,1.4506659640391086,0.0,1.7493340359608915,1.5199245327132542,0.0,1.680075467286746
1860,1.3,1-3m,0.9,p90,p90,p90,0.11408113573789791,4.439741908411194,0.9188044939390545,0.5055051350204024,0.6459560161739342,"<image>These are frames of a video.
Measuring from the closest point of each object, what is the direct distance between the stool and the bed (in meters)?
Please answer the question using a single word or phrase.",0.130510686381276,0.0,1.169489313618724,0.2671143703230477,0.0,1.0328856296769524,0.34478220318071806,0.0,0.955217796819282,0.4664394278253343,0.0,0.8335605721746657,0.6459560161739342,0.0,0.6540439838260659,0.9719445628457367,0.5,0.32805543715426333,1.1859188642621021,0.9,0.11408113573789791
1861,0.7,<1m,0.9,median,median,median,0.06861268707328061,4.22775770582823,1.4070211592780824,0.4110935820774142,0.7686126870732806,"<image>These are frames of a video.
Measuring from the closest point of each object, what is the direct distance between the door and the bookshelf (in meters)?
Please answer the question using a single word or phrase.",0.004819400631869835,0.0,0.6951805993681301,0.4359128805540397,0.3,0.26408711944596025,0.5068679182664587,0.5,0.19313208173354124,0.6247929183589,0.8,0.0752070816410999,0.7686126870732806,0.9,0.06861268707328061,1.0358865004363143,0.1,0.3358865004363143,1.8429340398321221,0.0,1.1429340398321222
1862,0.9,<1m,0.9,p75|p90,p75,p75,0.05089476014450278,1.961291515798835,0.4663444891102993,0.2340888907331763,0.725085078888829,"<image>These are frames of a video.
Measuring from the closest point of each object, what is the direct distance between the whiteboard and the table (in meters)?
Please answer the question using a single word or phrase.",0.29143175888112727,0.0,0.6085682411188728,0.48512285965903496,0.1,0.41487714034096507,0.5301560081650165,0.2,0.3698439918349835,0.615016349122321,0.4,0.2849836508776791,0.725085078888829,0.7,0.17491492111117102,0.8491052398554972,0.9,0.05089476014450278,0.9514673487693343,0.9,0.05146734876933423
1863,1.2,1-3m,0.0,min|p05|p10|p25|median|p75|p90,p90,p90,0.6264009092808547,3.4391936567546826,0.40681607470823267,0.16210073580616313,0.30499903307693255,"<image>These are frames of a video.
Measuring from the closest point of each object, what is the direct distance between the lamp and the chair (in meters)?
Please answer the question using a single word or phrase.",0.0019127265031713022,0.0,1.1980872734968286,0.1667830160109126,0.0,1.0332169839890875,0.18959831960991658,0.0,1.0104016803900833,0.2415847325587911,0.0,0.9584152674412089,0.30499903307693255,0.0,0.8950009669230674,0.4036854683649542,0.0,0.7963145316350457,0.5735990907191453,0.0,0.6264009092808547
1864,4.2,>=3m,0.7,p90,p90,p90,0.8220903475775856,1.134765211142392,0.40116202282086766,0.23881418104777508,3.2165966009822915,"<image>These are frames of a video.
Measuring from the closest point of each object, what is the direct distance between the tv and the toilet (in meters)?
Please answer the question using a single word or phrase.",2.900061303928817,0.4,1.2999386960711834,2.976747629601547,0.5,1.2232523703984532,3.00201406260557,0.5,1.1979859373944302,3.069068503580195,0.5,1.1309314964198052,3.2165966009822915,0.6,0.9834033990177087,3.30788268462797,0.6,0.8921173153720301,3.3779096524224146,0.7,0.8220903475775856
1866,0.9,<1m,0.7,p75,p75,p75,0.14359667388305075,5.0900517939547045,1.4728282227288068,0.3293207081895485,0.5624901501311965,"<image>These are frames of a video.
Measuring from the closest point of each object, what is the direct distance between the microwave and the plant (in meters)?
Please answer the question using a single word or phrase.",0.2936230339134422,0.0,0.6063769660865579,0.36010013978446886,0.0,0.5398998602155312,0.3787281253847156,0.0,0.5212718746152845,0.42708261792740077,0.0,0.47291738207259926,0.5624901501311965,0.3,0.3375098498688035,0.7564033261169493,0.7,0.14359667388305075,1.8329283625132755,0.0,0.9329283625132755
1867,1.6,1-3m,0.3,p90,p90,p90,0.6129466686310798,1.2637086395250547,0.2059766650418713,0.12071026593449408,0.8790279574266415,"<image>These are frames of a video.
Measuring from the closest point of each object, what is the direct distance between the backpack and the table (in meters)?
Please answer the question using a single word or phrase.",0.7150140606066199,0.0,0.8849859393933802,0.781076666327049,0.0,0.8189233336729511,0.8002050886739273,0.1,0.7997949113260728,0.8312855378524104,0.1,0.7687144621475896,0.8790279574266415,0.1,0.7209720425733586,0.9519958037869045,0.2,0.6480041962130956,0.9870533313689203,0.3,0.6129466686310798
1868,7.2,>=3m,0.0,min|p05|p10|p25|median|p75|p90,p90,p90,5.618175275625465,7.99239605029205,1.38390851571559,0.6620975406163578,0.8954364602147502,"<image>These are frames of a video.
Measuring from the closest point of each object, what is the direct distance between the fireplace and the refrigerator (in meters)?
Please answer the question using a single word or phrase.",0.03747073160644762,0.0,7.162529268393553,0.19791620865894582,0.0,7.002083791341055,0.38850613418787805,0.0,6.811493865812122,0.7230639118662814,0.0,6.476936088133719,0.8954364602147502,0.0,6.30456353978525,1.3851614524826392,0.0,5.814838547517361,1.5818247243745358,0.0,5.618175275625465
1869,1.1,1-3m,1.0,p90,p90,p90,0.01997060378171911,2.6121928367011487,0.6665724029044895,0.2374029826584606,0.696328672227968,"<image>These are frames of a video.
Measuring from the closest point of each object, what is the direct distance between the bed and the laptop (in meters)?
Please answer the question using a single word or phrase.",0.21196283200793206,0.0,0.888037167992068,0.41345699331379154,0.0,0.6865430066862086,0.49968815625539625,0.0,0.6003118437446038,0.5986596883981907,0.1,0.5013403116018094,0.696328672227968,0.3,0.4036713277720321,0.8360626710566513,0.6,0.26393732894334876,1.080029396218281,1.0,0.01997060378171911
1870,1.5,1-3m,0.6,p90,p90,p90,0.34303467226918527,2.268939745593792,0.6470508048892082,0.34344762541940665,0.9349848688222788,"<image>These are frames of a video.
Measuring from the closest point of each object, what is the direct distance between the backpack and the sofa (in meters)?
Please answer the question using a single word or phrase.",0.40608741143900084,0.0,1.093912588560999,0.5099145228416065,0.0,0.9900854771583935,0.5502798663692829,0.0,0.9497201336307171,0.7646981040042539,0.1,0.7353018959957461,0.9349848688222788,0.3,0.5650151311777212,1.1081457294236605,0.5,0.3918542705763395,1.1569653277308147,0.6,0.34303467226918527
1871,0.8,<1m,0.2,p25,p25,p25,0.3427243774098155,21.05806884622203,1.8095848956059841,1.095686413412593,1.2230186366644844,"<image>These are frames of a video.
Measuring from the closest point of each object, what is the direct distance between the monitor and the laptop (in meters)?
Please answer the question using a single word or phrase.",0.0,0.0,0.8,0.09021730404254855,0.0,0.7097826959574515,0.16521522149553503,0.0,0.634784778504465,0.45727562259018456,0.2,0.3427243774098155,1.2230186366644844,0.0,0.42301863666448436,1.5529620360027776,0.0,0.7529620360027776,1.8998021996485326,0.0,1.0998021996485325
1872,4.7,>=3m,0.0,min|p05|p10|p25|median|p75|p90,p90,p90,3.046917295420414,1.1027444664810797,0.1540203607397055,0.07328723480739852,1.5829258947237292,"<image>These are frames of a video.
Measuring from the closest point of each object, what is the direct distance between the trash can and the blanket (in meters)?
Please answer the question using a single word or phrase.",1.4253181228634062,0.0,3.2746818771365938,1.4990623438398807,0.0,3.2009376561601197,1.5179016846680646,0.0,3.1820983153319355,1.5463441258188084,0.0,3.153655874181192,1.5829258947237292,0.0,3.117074105276271,1.619631360626207,0.0,3.080368639373793,1.6530827045795862,0.0,3.046917295420414
1873,3.3,>=3m,0.0,min|p05|p10|p25|median|p75|p90,p90,p90,2.2139908205604257,1.5880969820798578,0.40216606929319154,0.2559792330736341,0.8682937508683954,"<image>These are frames of a video.
Measuring from the closest point of each object, what is the direct distance between the door and the window (in meters)?
Please answer the question using a single word or phrase.",0.627269944389827,0.0,2.672730055610173,0.6838431101463828,0.0,2.616156889853617,0.6980457798959341,0.0,2.6019542201040657,0.7475102060830803,0.0,2.5524897939169193,0.8682937508683954,0.0,2.4317062491316044,1.0034894391567144,0.0,2.296510560843285,1.0860091794395743,0.0,2.2139908205604257
1874,2.1,1-3m,0.4,p90,p90,p90,0.6589022899405779,4.991139888479406,1.152366529956501,0.6285390547931363,0.9487331378856377,"<image>These are frames of a video.
Measuring from the closest point of each object, what is the direct distance between the sofa and the bookshelf (in meters)?
Please answer the question using a single word or phrase.",0.0242808742662228,0.0,2.0757191257337775,0.28873118010292137,0.0,1.8112688198970788,0.3900932337990108,0.0,1.7099067662009892,0.6295060895822217,0.0,1.4704939104177783,0.9487331378856377,0.0,1.1512668621143622,1.258045144375358,0.2,0.8419548556246421,1.4410977100594222,0.4,0.6589022899405779
1875,1.7,1-3m,0.5,p90,p90,p90,0.4326981610692613,2.1344775249665546,0.6735725426006702,0.19975628756315134,0.7836565387894536,"<image>These are frames of a video.
Measuring from the closest point of each object, what is the direct distance between the bed and the monitor (in meters)?
Please answer the question using a single word or phrase.",0.529248143125394,0.0,1.170751856874606,0.5937292963300684,0.0,1.1062707036699315,0.6148532897869162,0.0,1.0851467102130838,0.6632818049783228,0.0,1.036718195021677,0.7836565387894536,0.0,0.9163434612105463,0.8630380925414741,0.1,0.8369619074585258,1.2673018389307387,0.5,0.4326981610692613
1877,0.4,<1m,1.0,p05,p05,p05,0.018169215897486102,4.116747833070422,1.1900702689510902,0.5515401770104924,0.9045629981569563,"<image>These are frames of a video.
Measuring from the closest point of each object, what is the direct distance between the desk and the window (in meters)?
Please answer the question using a single word or phrase.",0.0,0.0,0.4,0.3818307841025139,1.0,0.018169215897486102,0.4694069520425539,0.7,0.06940695204255387,0.7245869254575525,0.0,0.3245869254575525,0.9045629981569563,0.0,0.5045629981569563,1.276127102468045,0.0,0.8761271024680449,1.5719010530536042,0.0,1.1719010530536043
1878,2.1,1-3m,0.0,min|p05|p10|p25|median|p75|p90,p90,p90,1.1309495895296373,2.5357743585848413,0.5868987386586926,0.2241247053140093,0.7579796774011766,"<image>These are frames of a video.
Measuring from the closest point of each object, what is the direct distance between the fireplace and the chair (in meters)?
Please answer the question using a single word or phrase.",0.13347320330471446,0.0,1.9665267966952857,0.38215167181167026,0.0,1.7178483281883299,0.4842822189257624,0.0,1.6157177810742378,0.6592934158571265,0.0,1.4407065841428737,0.7579796774011766,0.0,1.3420203225988234,0.8834181211711358,0.0,1.2165818788288643,0.9690504104703629,0.0,1.1309495895296373
1879,3.1,>=3m,0.0,min|p05|p10|p25|median|p75|p90,p90,p90,2.500824740955523,1.6903961180196847,0.24471676694475758,0.13202301559264362,0.4825022258228089,"<image>These are frames of a video.
Measuring from the closest point of each object, what is the direct distance between the fireplace and the table (in meters)?
Please answer the question using a single word or phrase.",0.2319257770947579,0.0,2.8680742229052423,0.35445849209971975,0.0,2.7455415079002803,0.37712866478972334,0.0,2.722871335210277,0.4191783436282843,0.0,2.680821656371716,0.4825022258228089,0.0,2.617497774177191,0.5512013592209279,0.0,2.548798640779072,0.5991752590444773,0.0,2.500824740955523
1880,3.6,>=3m,0.1,p90,p90,p90,1.7637284446920471,4.298552525809486,1.4090878593352827,0.9844833929714117,0.995791916516404,"<image>These are frames of a video.
Measuring from the closest point of each object, what is the direct distance between the radiator and the door (in meters)?
Please answer the question using a single word or phrase.",0.09733871512645889,0.0,3.502661284873541,0.4271836959726702,0.0,3.17281630402733,0.5918332873090025,0.0,3.0081667126909974,0.7788114628206319,0.0,2.8211885371793683,0.995791916516404,0.0,2.604208083483596,1.7632948557920436,0.0,1.8367051442079565,1.836271555307953,0.1,1.7637284446920471
1881,0.7,<1m,0.9,p90,p90,p90,0.059615789540541586,5.076801374893861,0.5142449028185628,0.12650980011112234,0.5359053723806729,"<image>These are frames of a video.
Measuring from the closest point of each object, what is the direct distance between the fan and the backpack (in meters)?
Please answer the question using a single word or phrase.",0.003538783658930487,0.0,0.6964612163410695,0.12613930764089556,0.0,0.5738606923591044,0.16535477474709415,0.0,0.5346452252529058,0.46319136978874653,0.4,0.23680863021125342,0.5359053723806729,0.6,0.16409462761932703,0.5897011698998689,0.7,0.11029883010013108,0.6403842104594584,0.9,0.059615789540541586
1882,4.4,>=3m,0.0,min|p05|p10|p25|median|p75|p90,p90,p90,3.5745895836532946,2.613100177487917,0.5095364121819641,0.302115314056373,0.5147886054428764,"<image>These are frames of a video.
Measuring from the closest point of each object, what is the direct distance between the bowl and the headphones (in meters)?
Please answer the question using a single word or phrase.",0.24553562849380942,0.0,4.154464371506191,0.3158740041647418,0.0,4.084125995835259,0.3383197838534197,0.0,4.061680216146581,0.4376989636489648,0.0,3.9623010363510356,0.5147886054428764,0.0,3.885211394557124,0.7398142777053378,0.0,3.6601857222946625,0.8254104163467059,0.0,3.5745895836532946
1883,1.8,1-3m,0.2,p90,p90,p90,0.767985209844056,4.702520877423285,0.8125548840637398,0.5062720295991867,0.571641556114731,"<image>These are frames of a video.
Measuring from the closest point of each object, what is the direct distance between the telephone and the laptop (in meters)?
Please answer the question using a single word or phrase.",0.0,0.0,1.8,0.21945990609220425,0.0,1.5805400939077958,0.3128882760467984,0.0,1.4871117239532017,0.47889271068514194,0.0,1.321107289314858,0.571641556114731,0.0,1.228358443885269,0.9851647402843287,0.1,0.8148352597156714,1.032014790155944,0.2,0.767985209844056
1884,0.8,<1m,1.0,p25,p25,p25,0.0033825066479513666,1.8990674850883653,0.5878908838735639,0.3415976221442081,0.9939634372909004,"<image>These are frames of a video.
Measuring from the closest point of each object, what is the direct distance between the plant and the blanket (in meters)?
Please answer the question using a single word or phrase.",0.48284378187840954,0.3,0.3171562181215905,0.653889606313349,0.7,0.14611039368665102,0.6933012899115969,0.8,0.10669871008840315,0.7966174933520487,1.0,0.0033825066479513666,0.9939634372909004,0.6,0.19396343729090038,1.1382151154962568,0.2,0.3382151154962567,1.241780490186913,0.0,0.4417804901869129
1885,2.5,1-3m,0.1,p90,p90,p90,1.2278255152835225,5.557631697705463,1.043268620867725,0.38240975190689386,0.5485660447638931,"<image>These are frames of a video.
Measuring from the closest point of each object, what is the direct distance between the chair and the stool (in meters)?
Please answer the question using a single word or phrase.",0.030342712576934674,0.0,2.469657287423065,0.22890586384875242,0.0,2.2710941361512478,0.31352208894471184,0.0,2.186477911055288,0.4463384910590995,0.0,2.0536615089409005,0.5485660447638931,0.0,1.9514339552361069,0.8287482429659934,0.0,1.6712517570340066,1.2721744847164775,0.1,1.2278255152835225
1886,3.1,>=3m,0.0,min|p05|p10|p25|median|p75|p90,p90,p90,2.20995484216755,5.721351481144938,0.7344796134386737,0.5715511795000878,0.8342423244674684,"<image>These are frames of a video.
Measuring from the closest point of each object, what is the direct distance between the refrigerator and the tv (in meters)?
Please answer the question using a single word or phrase.",0.012605601439745418,0.0,3.0873943985602548,0.15556554439377615,0.0,2.944434455606224,0.18852533960233955,0.0,2.9114746603976607,0.2891510431466617,0.0,2.8108489568533384,0.8342423244674684,0.0,2.265757675532532,0.8607022226467494,0.0,2.2392977773532508,0.8900451578324499,0.0,2.20995484216755
1887,2.5,1-3m,0.3,p90,p90,p90,0.9903888246816712,2.645143001204504,0.9389005654832818,0.5622865748976222,1.0944589918380698,"<image>These are frames of a video.
Measuring from the closest point of each object, what is the direct distance between the whiteboard and the keyboard (in meters)?
Please answer the question using a single word or phrase.",0.2227640306662432,0.0,2.277235969333757,0.570710609835047,0.0,1.929289390164953,0.6012849481731054,0.0,1.8987150518268945,0.7013374950470594,0.0,1.7986625049529406,1.0944589918380698,0.0,1.4055410081619302,1.2636240699446817,0.1,1.2363759300553183,1.5096111753183288,0.3,0.9903888246816712
1888,1.8,1-3m,0.3,p90,p90,p90,0.6452272511321844,12.660233520211126,1.0635601541692814,0.4804659414799528,0.9012548784264627,"<image>These are frames of a video.
Measuring from the closest point of each object, what is the direct distance between the pillow and the chair (in meters)?
Please answer the question using a single word or phrase.",0.0,0.0,1.8,0.09121259469853431,0.0,1.7087874053014658,0.23556641414998084,0.0,1.5644335858500191,0.57699956405341,0.0,1.22300043594659,0.9012548784264627,0.1,0.8987451215735374,1.0574655055333628,0.2,0.7425344944666372,1.1547727488678157,0.3,0.6452272511321844
1889,1.1,1-3m,0.4,p90,p90,p90,0.3385960778937468,6.027869859943134,0.6350899936709377,0.2015564134192348,0.48151830652650773,"<image>These are frames of a video.
Measuring from the closest point of each object, what is the direct distance between the cushion and the plant (in meters)?
Please answer the question using a single word or phrase.",0.001468024878512667,0.0,1.0985319751214875,0.12631392843531566,0.0,0.9736860715646845,0.1709579287855442,0.0,0.9290420712144559,0.4095127539418756,0.0,0.6904872460581245,0.48151830652650773,0.0,0.6184816934734924,0.6110691673611104,0.2,0.4889308326388897,0.7614039221062533,0.4,0.3385960778937468
1890,1.0,1-3m,0.8,median,median,median,0.14818471808858957,5.670195958903351,1.2665040574205273,0.8150992676944582,1.1481847180885896,"<image>These are frames of a video.
Measuring from the closest point of each object, what is the direct distance between the table and the trash can (in meters)?
Please answer the question using a single word or phrase.",0.005792989180894642,0.0,0.9942070108191053,0.2711886328893844,0.0,0.7288113671106156,0.3270978377478889,0.0,0.6729021622521111,0.4720659318386815,0.0,0.5279340681613185,1.1481847180885896,0.8,0.14818471808858957,1.2871651995331397,0.5,0.2871651995331397,1.5376926903099117,0.0,0.5376926903099117
1891,4.6,>=3m,0.0,min|p05|p10|p25|median|p75|p90,p90,p90,2.475478438229407,8.324944264905321,1.869322068036234,1.1227332717187652,1.2511064527345348,"<image>These are frames of a video.
Measuring from the closest point of each object, what is the direct distance between the telephone and the door (in meters)?
Please answer the question using a single word or phrase.",0.0010535937625629085,0.0,4.598946406237436,0.2551994937343589,0.0,4.34480050626564,0.3376545672155276,0.0,4.262345432784472,0.5674083062730937,0.0,4.032591693726906,1.2511064527345348,0.0,3.348893547265465,1.690141577991859,0.0,2.9098584220081407,2.124521561770593,0.0,2.475478438229407
1892,3.0,>=3m,0.0,min|p05|p10|p25|median|p75|p90,p90,p90,1.7576770249558957,6.450005049648237,1.0497149126501288,0.5990408672142452,1.0598769543016007,"<image>These are frames of a video.
Measuring from the closest point of each object, what is the direct distance between the radiator and the nightstand (in meters)?
Please answer the question using a single word or phrase.",0.04029029003531796,0.0,2.959709709964682,0.19260806239397546,0.0,2.8073919376060243,0.29178012127446973,0.0,2.7082198787255303,0.5434826210119043,0.0,2.456517378988096,1.0598769543016007,0.0,1.9401230456983993,1.1425234882261495,0.0,1.8574765117738505,1.2423229750441043,0.0,1.7576770249558957
1893,1.0,1-3m,0.8,median,median,median,0.1342900522952143,19.08635681520279,1.8511545792834032,0.7367309751304714,0.8657099477047857,"<image>These are frames of a video.
Measuring from the closest point of each object, what is the direct distance between the clock and the monitor (in meters)?
Please answer the question using a single word or phrase.",0.059083918521913754,0.0,0.9409160814780863,0.10235088239149326,0.0,0.8976491176085067,0.133003090247785,0.0,0.866996909752215,0.561386444740648,0.2,0.438613555259352,0.8657099477047857,0.8,0.1342900522952143,1.2981174198711194,0.5,0.2981174198711194,1.9535054616748966,0.0,0.9535054616748966
1894,1.0,1-3m,1.0,p05|p10|p25,p10,p10,0.006379852722031343,1.2646894790467857,0.25974003043304406,0.1222312646164796,1.1024507095727212,"<image>These are frames of a video.
Measuring from the closest point of each object, what is the direct distance between the computer tower and the plant (in meters)?
Please answer the question using a single word or phrase.",0.827268796806104,0.7,0.172731203193896,0.9813009242695784,1.0,0.01869907573042162,1.0063798527220313,1.0,0.006379852722031343,1.0492787973807796,1.0,0.04927879738077956,1.1024507095727212,0.8,0.10245070957272118,1.1715100619972592,0.7,0.17151006199725916,1.2410409547026224,0.6,0.24104095470262243
1895,0.5,<1m,0.0,min|p05|p10|p25|median|p75|p90,min,min,0.5893670686640469,1.184665181060544,0.20826254237923947,0.10086923710752194,1.2419769856022884,"<image>These are frames of a video.
Measuring from the closest point of each object, what is the direct distance between the computer tower and the computer mouse (in meters)?
Please answer the question using a single word or phrase.",1.0893670686640469,0.0,0.5893670686640469,1.1277845730482283,0.0,0.6277845730482283,1.1443594941988064,0.0,0.6443594941988064,1.1834952676799986,0.0,0.6834952676799986,1.2419769856022884,0.0,0.7419769856022884,1.2843645047875205,0.0,0.7843645047875205,1.3360471154274678,0.0,0.8360471154274678
1896,2.3,1-3m,0.5,p90,p90,p90,0.6884107611937602,3.5075709843259744,1.1521290465513059,0.8456349235225664,1.1673153313294184,"<image>These are frames of a video.
Measuring from the closest point of each object, what is the direct distance between the chair and the door (in meters)?
Please answer the question using a single word or phrase.",0.10191695190434161,0.0,2.198083048095658,0.4594601922549338,0.0,1.840539807745066,0.5205526336641477,0.0,1.779447366335852,0.7003943113467459,0.0,1.599605688653254,1.1673153313294184,0.1,1.1326846686705814,1.5460292348693123,0.4,0.7539707651306875,1.6115892388062396,0.5,0.6884107611937602
1897,5.2,>=3m,0.0,min|p05|p10|p25|median|p75|p90,p90,p90,2.732873879311413,11.522205947671361,2.2530068685338214,1.4069679277681175,1.6499048381629846,"<image>These are frames of a video.
Measuring from the closest point of each object, what is the direct distance between the bed and the chair (in meters)?
Please answer the question using a single word or phrase.",0.009792364399012455,0.0,5.190207635600988,0.21411925215476585,0.0,4.9858807478452345,0.3097295650336664,0.0,4.890270434966334,0.7717091723839455,0.0,4.428290827616054,1.6499048381629846,0.0,3.5500951618370156,2.178677100152063,0.0,3.021322899847937,2.467126120688587,0.0,2.732873879311413
1898,3.8,>=3m,0.0,min|p05|p10|p25|median|p75|p90,p90,p90,2.250989878677144,2.6388638101169053,0.9620112336257176,0.5266205573886287,0.8326252551029337,"<image>These are frames of a video.
Measuring from the closest point of each object, what is the direct distance between the table and the ceiling light (in meters)?
Please answer the question using a single word or phrase.",0.3836449859477146,0.0,3.4163550140522854,0.5869988876971384,0.0,3.2130011123028615,0.6282606584616898,0.0,3.17173934153831,0.7175608452568889,0.0,3.0824391547431107,0.8326252551029337,0.0,2.967374744897066,1.2441814026455176,0.0,2.5558185973544822,1.549010121322856,0.0,2.250989878677144
1899,3.5,>=3m,0.0,min|p05|p10|p25|median|p75|p90,p90,p90,2.057427823418645,2.8855671633899576,0.9426454395143083,0.5751948422234824,0.7663339674224365,"<image>These are frames of a video.
Measuring from the closest point of each object, what is the direct distance between the radiator and the counter (in meters)?
Please answer the question using a single word or phrase.",0.19660495484394017,0.0,3.30339504515606,0.4999267370670467,0.0,3.000073262932953,0.561881952483352,0.0,2.9381180475166477,0.6561677942223753,0.0,2.8438322057776246,0.7663339674224365,0.0,2.7336660325775632,1.2313626364458576,0.0,2.2686373635541424,1.442572176581355,0.0,2.057427823418645
1900,2.4,1-3m,0.7,p90,p90,p90,0.46779522300502374,1.4327860403461998,0.5836400069696461,0.17627180064509207,1.502725673139643,"<image>These are frames of a video.
Measuring from the closest point of each object, what is the direct distance between the nightstand and the refrigerator (in meters)?
Please answer the question using a single word or phrase.",1.2550343921867886,0.1,1.1449656078132113,1.34856477002533,0.2,1.0514352299746699,1.3745466302025684,0.2,1.0254533697974315,1.4282801588537624,0.2,0.9717198411462376,1.502725673139643,0.3,0.8972743268603569,1.6045519594988544,0.4,0.7954480405011455,1.9322047769949762,0.7,0.46779522300502374
1901,1.8,1-3m,0.5,p90,p90,p90,0.4654214027957144,2.697636032489642,0.8398570776475476,0.46038724617459237,0.7093606719138257,"<image>These are frames of a video.
Measuring from the closest point of each object, what is the direct distance between the basket and the blanket (in meters)?
Please answer the question using a single word or phrase.",0.25099180339443716,0.0,1.5490081966055629,0.4947215195567381,0.0,1.305278480443262,0.5209833628964871,0.0,1.279016637103513,0.576007119137689,0.0,1.223992880862311,0.7093606719138257,0.0,1.0906393280861744,1.0363943653122814,0.2,0.7636056346877187,1.3345785972042856,0.5,0.4654214027957144
1902,3.2,>=3m,0.4,p90,p90,p90,0.9621681969679696,14.255040068949503,2.08084649873208,1.014410296793821,1.4702329229146267,"<image>These are frames of a video.
Measuring from the closest point of each object, what is the direct distance between the sofa and the chair (in meters)?
Please answer the question using a single word or phrase.",0.0011172524157792285,0.0,3.198882747584221,0.1569853042999509,0.0,3.0430146957000495,0.5359899535505063,0.0,2.664010046449494,0.8207647565683553,0.0,2.379235243431645,1.4702329229146267,0.0,1.7297670770853735,1.8351750533621765,0.2,1.3648249466378237,2.2378318030320306,0.4,0.9621681969679696
1903,0.8,<1m,1.0,p05|p10,p05,p05,0.03323721564098514,1.8180536025978244,0.6272530580828309,0.28101042258715925,1.1644297922227034,"<image>These are frames of a video.
Measuring from the closest point of each object, what is the direct distance between the chair and the bed (in meters)?
Please answer the question using a single word or phrase.",0.5394700056681545,0.4,0.26052999433184554,0.7667627843590149,1.0,0.03323721564098514,0.833694865428235,1.0,0.033694865428234966,1.011242329383025,0.5,0.211242329383025,1.1644297922227034,0.1,0.36442979222270333,1.2922527519701843,0.0,0.49225275197018425,1.3940158424418458,0.0,0.5940158424418458
1904,1.9,1-3m,1.0,p75,p75,p75,0.019467641526911272,3.9300565175514697,1.75045880364641,0.8087543346847978,1.2775333186945126,"<image>These are frames of a video.
Measuring from the closest point of each object, what is the direct distance between the backpack and the door (in meters)?
Please answer the question using a single word or phrase.",0.4007403477300434,0.0,1.4992596522699566,0.5974146891573265,0.0,1.3025853108426735,0.8454434967848038,0.0,1.054556503215196,1.0717780237882908,0.2,0.8282219762117091,1.2775333186945126,0.4,0.6224666813054873,1.8805323584730886,1.0,0.019467641526911272,2.3478734928037364,0.6,0.44787349280373645
1905,1.4,1-3m,1.0,p75,p75,p75,0.019592963580443712,2.7896118252042656,1.361367103948594,0.5616853923898888,0.9872466736028193,"<image>These are frames of a video.
Measuring from the closest point of each object, what is the direct distance between the trash can and the door (in meters)?
Please answer the question using a single word or phrase.",0.6162262308189886,0.0,0.7837737691810113,0.7607052461185029,0.1,0.639294753881497,0.7887050249825537,0.2,0.6112949750174462,0.8579075711905548,0.3,0.5420924288094451,0.9872466736028193,0.5,0.41275332639718065,1.4195929635804436,1.0,0.019592963580443712,2.122072350067097,0.0,0.7220723500670969
1906,1.0,1-3m,1.0,p10,p10,p10,0.04286759469307988,1.8353412624414631,0.7345647539598161,0.3509840252771612,1.3027057292355357,"<image>These are frames of a video.
Measuring from the closest point of each object, what is the direct distance between the trash bin and the mirror (in meters)?
Please answer the question using a single word or phrase.",0.6495942905455423,0.3,0.3504057094544577,0.8793588764104552,0.8,0.12064112358954482,0.9571324053069201,1.0,0.04286759469307988,1.1202823320858806,0.8,0.12028233208588057,1.3027057292355357,0.4,0.30270572923553574,1.4712663573630418,0.1,0.4712663573630418,1.6139236303702713,0.0,0.6139236303702713
1907,4.7,>=3m,0.1,p90,p90,p90,2.2444559758042284,3.485174325812801,1.7509755307322208,1.3876140381080235,1.9499741339782695,"<image>These are frames of a video.
Measuring from the closest point of each object, what is the direct distance between the stool and the tv (in meters)?
Please answer the question using a single word or phrase.",0.4817879354374669,0.0,4.218212064562533,0.7045684934635509,0.0,3.995431506536449,0.7767072267596233,0.0,3.9232927732403766,0.9333015819970196,0.0,3.7666984180029806,1.9499741339782695,0.0,2.7500258660217307,2.320915620105043,0.0,2.379084379894957,2.455544024195772,0.1,2.2444559758042284
1908,4.7,>=3m,0.0,min|p05|p10|p25|median|p75|p90,p90,p90,3.7638822740760896,3.4669833592033874,0.6661084328481562,0.33794730708057574,0.495742296700049,"<image>These are frames of a video.
Measuring from the closest point of each object, what is the direct distance between the fireplace and the dishwasher (in meters)?
Please answer the question using a single word or phrase.",0.007954377057198606,0.0,4.692045622942802,0.2700092930757543,0.0,4.4299907069242455,0.3345219533140031,0.0,4.365478046685997,0.42688073906783897,0.0,4.2731192609321615,0.495742296700049,0.0,4.204257703299951,0.7648280461484147,0.0,3.9351719538515857,0.9361177259239105,0.0,3.7638822740760896
1909,1.3,1-3m,0.6,p90,p90,p90,0.3010547933526325,2.0042376454242095,0.5005286596236065,0.2890857921686423,0.7119925413499442,"<image>These are frames of a video.
Measuring from the closest point of each object, what is the direct distance between the fireplace and the bed (in meters)?
Please answer the question using a single word or phrase.",0.36566470504410964,0.0,0.9343352949558904,0.498416547023761,0.0,0.8015834529762391,0.5192022238928881,0.0,0.780797776107112,0.5706932365414853,0.0,0.7293067634585148,0.7119925413499442,0.1,0.5880074586500559,0.8597790287101276,0.4,0.4402209712898725,0.9989452066473675,0.6,0.3010547933526325
1910,3.8,>=3m,0.3,p90,p90,p90,1.4581807731395737,2.9300575698105558,1.542579221821263,1.0795392759443767,1.302986242296237,"<image>These are frames of a video.
Measuring from the closest point of each object, what is the direct distance between the door and the window (in meters)?
Please answer the question using a single word or phrase.",0.5252915991287221,0.0,3.274708400871278,0.7992400050391629,0.0,3.000759994960837,0.9637642613148768,0.0,2.836235738685123,1.0758032377597457,0.0,2.724196762240254,1.302986242296237,0.0,2.4970137577037628,2.1553425137041224,0.2,1.6446574862958774,2.341819226860426,0.3,1.4581807731395737
1911,0.7,<1m,0.6,p75,p75,p75,0.15342767793587553,9.90934891743359,1.1812861136283996,0.26544675229276876,0.42736581055125256,"<image>These are frames of a video.
Measuring from the closest point of each object, what is the direct distance between the table and the refrigerator (in meters)?
Please answer the question using a single word or phrase.",0.00709873773497525,0.0,0.6929012622650247,0.13258949947699192,0.0,0.567410500523008,0.17473420898946584,0.0,0.5252657910105341,0.28112556977135567,0.0,0.4188744302286443,0.42736581055125256,0.3,0.2726341894487474,0.5465723220641244,0.6,0.15342767793587553,1.3138756131053915,0.0,0.6138756131053915
1912,4.9,>=3m,0.3,p90,p90,p90,1.858304587350697,39.71344598969654,2.9651043403601234,0.42632589367609913,0.38887738906742525,"<image>These are frames of a video.
Measuring from the closest point of each object, what is the direct distance between the sofa and the stool (in meters)?
Please answer the question using a single word or phrase.",0.0005376748448882612,0.0,4.899462325155112,0.07659107228918026,0.0,4.82340892771082,0.14872922231701283,0.0,4.751270777682987,0.28747298532230964,0.0,4.612527014677691,0.38887738906742525,0.0,4.511122610932575,0.7137988789984088,0.0,4.1862011210015915,3.0416954126493034,0.3,1.858304587350697
1913,4.8,>=3m,0.0,min|p05|p10|p25|median|p75|p90,p90,p90,3.2372429964867244,12.610491898044186,1.438831861167666,0.9287471810693058,1.4175549180063016,"<image>These are frames of a video.
Measuring from the closest point of each object, what is the direct distance between the microwave and the tv (in meters)?
Please answer the question using a single word or phrase.",0.03800682763475732,0.0,4.761993172365242,0.12392514234560903,0.0,4.676074857654391,0.16085130818022916,0.0,4.639148691819771,0.5773874027834565,0.0,4.222612597216544,1.4175549180063016,0.0,3.382445081993698,1.5061345838527622,0.0,3.293865416147238,1.5627570035132752,0.0,3.2372429964867244
1914,1.3,1-3m,1.0,p75,p75,p75,0.037725809455700476,5.594095325787756,1.1568064851124085,0.6063775004389611,1.0282599756446054,"<image>These are frames of a video.
Measuring from the closest point of each object, what is the direct distance between the toilet and the bathtub (in meters)?
Please answer the question using a single word or phrase.",0.00587482222767289,0.0,1.294125177772327,0.25180289111960236,0.0,1.0481971088803976,0.3341228821876637,0.0,0.9658771178123364,0.6558966901053385,0.1,0.6441033098946616,1.0282599756446054,0.6,0.2717400243553947,1.2622741905442996,1.0,0.037725809455700476,1.4086093762320109,0.9,0.10860937623201083
1915,2.2,1-3m,0.4,p90,p90,p90,0.6739400780329197,2.3624794582131496,0.8801030156914557,0.3820100356822662,1.2021435809576055,"<image>These are frames of a video.
Measuring from the closest point of each object, what is the direct distance between the tv and the chair (in meters)?
Please answer the question using a single word or phrase.",0.11311788302724111,0.0,2.086882116972759,0.6459569062756249,0.0,1.5540430937243754,0.8231873025402133,0.0,1.376812697459787,0.9165726861728372,0.0,1.283427313827163,1.2021435809576055,0.1,0.9978564190423946,1.2985827218551034,0.2,0.9014172781448968,1.5260599219670805,0.4,0.6739400780329197
1916,2.8,1-3m,0.0,min|p05|p10|p25|median|p75|p90,p90,p90,1.8490187159071396,1.846885675050468,0.43607053626496683,0.35126115917326983,0.7744201080427036,"<image>These are frames of a video.
Measuring from the closest point of each object, what is the direct distance between the computer mouse and the door (in meters)?
Please answer the question using a single word or phrase.",0.45986483704210274,0.0,2.340135162957897,0.5149107478278934,0.0,2.2850892521721065,0.5320614248240038,0.0,2.267938575175996,0.5755186499515098,0.0,2.22448135004849,0.7744201080427036,0.0,2.025579891957296,0.9267798091247796,0.0,1.8732201908752202,0.9509812840928602,0.0,1.8490187159071396
1917,1.1,1-3m,0.9,p90,p90,p90,0.07322801270592816,2.7583788616322353,0.6545345105732372,0.3086941476362146,0.762037248743709,"<image>These are frames of a video.
Measuring from the closest point of each object, what is the direct distance between the door and the laptop (in meters)?
Please answer the question using a single word or phrase.",0.2548148407790907,0.0,0.8451851592209094,0.3722374767208348,0.0,0.7277625232791654,0.4528490908888503,0.0,0.6471509091111498,0.607673901143958,0.2,0.49232609885604206,0.762037248743709,0.4,0.33796275125629105,0.9163680487801726,0.7,0.18363195121982745,1.026771987294072,0.9,0.07322801270592816
1918,2.2,1-3m,0.3,p75|p90,p90,p90,0.7941532611009952,5.043477634954654,1.127101230213579,0.8645124676549836,1.2073530096107876,"<image>These are frames of a video.
Measuring from the closest point of each object, what is the direct distance between the fan and the nightstand (in meters)?
Please answer the question using a single word or phrase.",0.09855422852345133,0.0,2.101445771476549,0.27874550868542614,0.0,1.9212544913145742,0.3243620845907676,0.0,1.8756379154092326,0.47464805729241943,0.0,1.7253519427075807,1.2073530096107876,0.1,0.9926469903892126,1.339160524947403,0.3,0.8608394750525972,1.405846738899005,0.3,0.7941532611009952
1919,3.1,>=3m,0.0,min|p05|p10|p25|median|p75|p90,p90,p90,1.970662186005713,3.413915420123852,0.7985335394252011,0.5377225724387271,0.6232424572650392,"<image>These are frames of a video.
Measuring from the closest point of each object, what is the direct distance between the keyboard and the clock (in meters)?
Please answer the question using a single word or phrase.",0.035484363053102264,0.0,3.064515636946898,0.33080427456908595,0.0,2.7691957254309143,0.36826896898577993,0.0,2.73173103101422,0.4979228197983852,0.0,2.602077180201615,0.6232424572650392,0.0,2.476757542734961,1.0356453922371123,0.0,2.064354607762888,1.1293378139942871,0.0,1.970662186005713
1920,3.1,>=3m,0.0,min|p05|p10|p25|median|p75|p90,p90,p90,1.74925398333579,2.3521534955134373,0.7764867180084631,0.3126496349507448,0.9354016208593701,"<image>These are frames of a video.
Measuring from the closest point of each object, what is the direct distance between the telephone and the bookshelf (in meters)?
Please answer the question using a single word or phrase.",0.05128484652732572,0.0,3.048715153472674,0.5742592986557469,0.0,2.525740701344253,0.693689684857401,0.0,2.406310315142599,0.8510666880516129,0.0,2.248933311948387,0.9354016208593701,0.0,2.16459837914063,1.1637163230023577,0.0,1.9362836769976424,1.35074601666421,0.0,1.74925398333579
1921,0.9,<1m,0.0,min|p05|p10|p25|median|p75|p90,median,median,0.556950013979384,42.17450367493894,1.5933746821288592,1.303385308908801,0.343049986020616,"<image>These are frames of a video.
Measuring from the closest point of each object, what is the direct distance between the power strip and the telephone (in meters)?
Please answer the question using a single word or phrase.",0.0,0.0,0.9,0.0386980908065851,0.0,0.8613019091934149,0.06780565435604784,0.0,0.8321943456439522,0.23943494629095358,0.0,0.6605650537090464,0.343049986020616,0.0,0.556950013979384,1.5428202551997545,0.0,0.6428202551997545,1.6320727729354443,0.0,0.7320727729354443
1922,1.5,1-3m,0.6,p90,p90,p90,0.3296899383312477,5.330989596950151,0.9507804526936598,0.5960270716449119,0.7212717504029023,"<image>These are frames of a video.
Measuring from the closest point of each object, what is the direct distance between the power strip and the blanket (in meters)?
Please answer the question using a single word or phrase.",0.021837408474759356,0.0,1.4781625915252405,0.2195296089750924,0.0,1.2804703910249076,0.2672620339146506,0.0,1.2327379660853495,0.39550538012224573,0.0,1.1044946198777543,0.7212717504029023,0.0,0.7787282495970977,0.9915324517671577,0.4,0.5084675482328423,1.1703100616687523,0.6,0.3296899383312477
1923,1.1,1-3m,0.6,median,median,median,0.227383212759392,4.618134588438969,2.11111289868926,1.6985085177052408,1.327383212759392,"<image>These are frames of a video.
Measuring from the closest point of each object, what is the direct distance between the radiator and the chair (in meters)?
Please answer the question using a single word or phrase.",0.0,0.0,1.1,0.5834810306490263,0.1,0.5165189693509737,0.6639518481331353,0.3,0.43604815186686474,0.7953784219187637,0.5,0.30462157808123635,1.327383212759392,0.6,0.227383212759392,2.4938869396240047,0.0,1.3938869396240046,2.6945939293382866,0.0,1.5945939293382865
1924,2.4,1-3m,0.4,p90,p90,p90,0.7659670439832282,1.634428175788737,0.6342747652181913,0.31190786418117167,1.347584097182194,"<image>These are frames of a video.
Measuring from the closest point of each object, what is the direct distance between the piano and the door (in meters)?
Please answer the question using a single word or phrase.",0.8098603381719135,0.0,1.5901396618280863,0.9997581907985804,0.0,1.4002418092014195,1.060865467336609,0.0,1.339134532663391,1.1953917156769092,0.0,1.2046082843230907,1.347584097182194,0.2,1.052415902817806,1.5072995798580808,0.3,0.8927004201419191,1.6340329560167717,0.4,0.7659670439832282
1925,0.7,<1m,0.9,median,median,median,0.045485442754161776,4.428101863930822,0.7886084152368051,0.39446431114508734,0.6545145572458382,"<image>These are frames of a video.
Measuring from the closest point of each object, what is the direct distance between the stool and the bed (in meters)?
Please answer the question using a single word or phrase.",0.0010837136971513642,0.0,0.6989162863028486,0.23004229353107664,0.0,0.4699577064689233,0.28929995907224554,0.0,0.4107000409277544,0.4603590709662379,0.4,0.23964092903376205,0.6545145572458382,0.9,0.045485442754161776,0.8548233821113252,0.6,0.1548233821113253,1.0186507087678818,0.1,0.3186507087678818
1926,1.6,1-3m,1.0,p90,p90,p90,0.02958935993923073,8.883276696305854,1.3936278273950522,0.8616789582916451,0.6457813780525874,"<image>These are frames of a video.
Measuring from the closest point of each object, what is the direct distance between the basket and the pillow (in meters)?
Please answer the question using a single word or phrase.",0.09652714745497638,0.0,1.5034728525450236,0.17678281266571724,0.0,1.423217187334283,0.2161688156796505,0.0,1.3838311843203497,0.3074606879033361,0.0,1.292539312096664,0.6457813780525874,0.0,0.9542186219474127,1.1691396461949812,0.5,0.43086035380501886,1.5704106400607694,1.0,0.02958935993923073
1927,4.5,>=3m,0.0,min|p05|p10|p25|median|p75|p90,p90,p90,3.3625562001176332,6.238105466142484,0.9551057797806101,0.5486324261488646,0.7384943117492673,"<image>These are frames of a video.
Measuring from the closest point of each object, what is the direct distance between the refrigerator and the fireplace (in meters)?
Please answer the question using a single word or phrase.",0.042381895605407116,0.0,4.457618104394593,0.18233802010175673,0.0,4.317661979898244,0.25016501175906986,0.0,4.24983498824093,0.5198975344514865,0.0,3.9801024655485135,0.7384943117492673,0.0,3.7615056882507325,1.068529960600351,0.0,3.431470039399649,1.1374437998823668,0.0,3.3625562001176332
1928,2.5,1-3m,0.2,p90,p90,p90,1.1142541115358118,2.115356232032578,0.7306572242099082,0.3352448641185849,1.0134472953353955,"<image>These are frames of a video.
Measuring from the closest point of each object, what is the direct distance between the bookshelf and the window (in meters)?
Please answer the question using a single word or phrase.",0.4521055368503535,0.0,2.0478944631496465,0.65508866425428,0.0,1.8449113357457199,0.7296398402982457,0.0,1.7703601597017542,0.8589793683822072,0.0,1.6410206316177929,1.0134472953353955,0.0,1.4865527046646045,1.1942242325007921,0.0,1.3057757674992079,1.3857458884641882,0.2,1.1142541115358118
1929,1.0,1-3m,0.6,median,median,median,0.2355023490974214,10.759404760948543,3.1143479800440828,2.6617705407480345,0.7644976509025786,"<image>These are frames of a video.
Measuring from the closest point of each object, what is the direct distance between the table and the sofa (in meters)?
Please answer the question using a single word or phrase.",0.017409551127531075,0.0,0.9825904488724689,0.31911249264974545,0.0,0.6808875073502545,0.4011248149422548,0.0,0.5988751850577452,0.5495301211496303,0.1,0.4504698788503697,0.7644976509025786,0.6,0.2355023490974214,3.2113006618976647,0.0,2.2113006618976647,3.4334604726938283,0.0,2.4334604726938283
1930,1.7,1-3m,0.7,p90,p90,p90,0.25541698911779953,2.5616845384574582,0.8806638439452483,0.21970054591516486,0.9480055377787474,"<image>These are frames of a video.
Measuring from the closest point of each object, what is the direct distance between the cup and the heater (in meters)?
Please answer the question using a single word or phrase.",0.16976149344786612,0.0,1.5302385065521338,0.5639191669369521,0.0,1.1360808330630479,0.6515964967936623,0.0,1.0484035032063377,0.82484229449693,0.0,0.8751577055030699,0.9480055377787474,0.2,0.7519944622212525,1.0445428404120949,0.3,0.6554571595879051,1.4445830108822004,0.7,0.25541698911779953
1931,1.2,1-3m,0.9,p90,p90,p90,0.0810983033892847,2.336661187080224,0.6400553397673256,0.2800780043822616,0.7466307942414117,"<image>These are frames of a video.
Measuring from the closest point of each object, what is the direct distance between the radiator and the table (in meters)?
Please answer the question using a single word or phrase.",0.019904516447786565,0.0,1.1800954835522135,0.47884635684338955,0.0,0.7211536431566103,0.5397108573956115,0.0,0.6602891426043884,0.6294044449707109,0.1,0.570595555029289,0.7466307942414117,0.3,0.4533692057585883,0.9094824493529725,0.6,0.29051755064702744,1.1189016966107153,0.9,0.0810983033892847
1932,3.4,>=3m,0.0,min|p05|p10|p25|median|p75|p90,p90,p90,2.4133875421887714,21.257142186164522,0.9401992358846529,0.28522370352016035,0.9067624412449735,"<image>These are frames of a video.
Measuring from the closest point of each object, what is the direct distance between the pillow and the cutting board (in meters)?
Please answer the question using a single word or phrase.",0.0007004366580329137,0.0,3.399299563341967,0.0464132219265757,0.0,3.3535867780734243,0.14101807112468911,0.0,3.258981928875311,0.6680898693022386,0.0,2.731910130697761,0.9067624412449735,0.0,2.4932375587550264,0.9533135728223989,0.0,2.446686427177601,0.9866124578112286,0.0,2.4133875421887714
1933,3.0,>=3m,0.0,min|p05|p10|p25|median|p75|p90,p90,p90,1.5835819311182566,4.040123077287776,1.0658302175253396,0.6595124968693427,0.8415070103383672,"<image>These are frames of a video.
Measuring from the closest point of each object, what is the direct distance between the cup and the trash can (in meters)?
Please answer the question using a single word or phrase.",0.0066140051568637295,0.0,2.9933859948431363,0.3505878513564038,0.0,2.649412148643596,0.42024465562020175,0.0,2.579755344379798,0.5979987922077092,0.0,2.4020012077922908,0.8415070103383672,0.0,2.158492989661633,1.257511289077052,0.0,1.742488710922948,1.4164180688817434,0.0,1.5835819311182566
1934,1.1,1-3m,0.9,median,median,median,0.10327086412986475,5.936047820408031,1.4146347419964365,1.127983894718592,1.2032708641298648,"<image>These are frames of a video.
Measuring from the closest point of each object, what is the direct distance between the table and the chair (in meters)?
Please answer the question using a single word or phrase.",0.005524838606073898,0.0,1.094475161393926,0.2865925925894895,0.0,0.8134074074105107,0.34283987348627304,0.0,0.7571601265137271,0.4503312363244903,0.0,0.6496687636755099,1.2032708641298648,0.9,0.10327086412986475,1.5783151310430823,0.2,0.4783151310430822,1.701227334585926,0.0,0.6012273345859258
1935,2.3,1-3m,0.5,p90,p90,p90,0.6171898580244011,1.8853605396534954,0.7902433853355785,0.3553399157863226,1.26974543046573,"<image>These are frames of a video.
Measuring from the closest point of each object, what is the direct distance between the heater and the table lamp (in meters)?
Please answer the question using a single word or phrase.",0.5995754080171248,0.0,1.700424591982875,0.8925667566400203,0.0,1.4074332433599794,0.9487153164625631,0.0,1.3512846835374366,1.0202371184565897,0.0,1.2797628815434101,1.26974543046573,0.2,1.0302545695342697,1.3755770342429123,0.2,0.9244229657570875,1.6828101419755988,0.5,0.6171898580244011
1936,2.4,1-3m,0.3,p90,p90,p90,0.9191243784953038,24.312820657893667,1.4199663735674808,0.7614940111810671,0.778313978531697,"<image>These are frames of a video.
Measuring from the closest point of each object, what is the direct distance between the telephone and the door (in meters)?
Please answer the question using a single word or phrase.",0.006642579068634776,0.0,2.3933574209313653,0.060909247937215326,0.0,2.3390907520627846,0.11536780295048107,0.0,2.2846321970495187,0.5735292857103544,0.0,1.8264707142896455,0.778313978531697,0.0,1.6216860214683029,1.3350232968914215,0.2,1.0649767031085784,1.480875621504696,0.3,0.9191243784953038
1937,3.7,>=3m,0.5,p90,p90,p90,1.0853745279846523,15.580358316542577,2.4468099815821627,1.2759994125243863,1.3559620902218081,"<image>These are frames of a video.
Measuring from the closest point of each object, what is the direct distance between the plant and the blanket (in meters)?
Please answer the question using a single word or phrase.",0.10333481356173285,0.0,3.5966651864382673,0.16781549043318517,0.0,3.532184509566815,0.19159296913852228,0.0,3.508407030861478,0.5735844765832229,0.0,3.126415523416777,1.3559620902218081,0.0,2.344037909778192,1.8495838891076093,0.0,1.8504161108923909,2.614625472015348,0.5,1.0853745279846523
1938,3.7,>=3m,0.0,min|p05|p10|p25|median|p75|p90,p90,p90,2.5410755761817683,2.6660634702070527,0.7242294374576007,0.5522328646477604,0.6215004139354647,"<image>These are frames of a video.
Measuring from the closest point of each object, what is the direct distance between the trash bin and the door (in meters)?
Please answer the question using a single word or phrase.",0.3627701102698293,0.0,3.337229889730171,0.4346949863606312,0.0,3.265305013639369,0.4559840039537493,0.0,3.244015996046251,0.5126588781681419,0.0,3.1873411218318584,0.6215004139354647,0.0,3.0784995860645354,1.0648917428159024,0.0,2.635108257184098,1.158924423818232,0.0,2.5410755761817683
1940,0.4,<1m,0.8,p05,p05,p05,0.05176004931628553,2.234633255593218,0.5577579804343183,0.2795154373661517,0.761288596304172,"<image>These are frames of a video.
Measuring from the closest point of each object, what is the direct distance between the trash can and the door (in meters)?
Please answer the question using a single word or phrase.",0.21092121346390225,0.1,0.18907878653609778,0.45176004931628555,0.8,0.05176004931628553,0.5137143609427635,0.5,0.11371436094276344,0.6172651941187792,0.0,0.2172651941187792,0.761288596304172,0.0,0.361288596304172,0.8967806314849309,0.0,0.4967806314849309,1.009518029750604,0.0,0.6095180297506039
1941,1.2,1-3m,0.9,p90,p90,p90,0.11484509954301303,3.9795278573824118,0.8124705672027495,0.29488006618804274,0.4303413317254381,"<image>These are frames of a video.
Measuring from the closest point of each object, what is the direct distance between the fireplace and the table (in meters)?
Please answer the question using a single word or phrase.",0.16029087513762777,0.0,1.0397091248623722,0.2726843332542374,0.0,0.9273156667457625,0.326765314281982,0.0,0.873234685718018,0.3874441521354163,0.0,0.8125558478645837,0.4303413317254381,0.0,0.7696586682745619,0.682324218323459,0.2,0.5176757816765409,1.085154900456987,0.9,0.11484509954301303
1942,2.4,1-3m,0.0,min|p05|p10|p25|median|p75|p90,p90,p90,1.2105846339019994,7.9364960266557985,1.039548805073691,0.2653837458621011,1.1409175831856126,"<image>These are frames of a video.
Measuring from the closest point of each object, what is the direct distance between the microwave and the keyboard (in meters)?
Please answer the question using a single word or phrase.",0.07077344540892047,0.0,2.3292265545910795,0.14986656102430942,0.0,2.2501334389756904,0.23597104752229434,0.0,2.1640289524777057,0.9030567645563516,0.0,1.4969432354436483,1.1409175831856126,0.0,1.2590824168143873,1.1684405104184528,0.0,1.2315594895815472,1.1894153660980005,0.0,1.2105846339019994
1943,1.1,1-3m,0.6,min,min,min,0.2714567567394983,1.643517059083521,0.9262881040860103,0.28639138802432584,1.6589242957057788,"<image>These are frames of a video.
Measuring from the closest point of each object, what is the direct distance between the trash bin and the door (in meters)?
Please answer the question using a single word or phrase.",1.3714567567394984,0.6,0.2714567567394983,1.4394149945383015,0.4,0.3394149945383014,1.4716663560494334,0.4,0.3716663560494333,1.5576067175286457,0.2,0.45760671752864557,1.6589242957057788,0.0,0.5589242957057787,1.8439981055529715,0.0,0.7439981055529714,2.3657030986243117,0.0,1.2657030986243116
1944,4.4,>=3m,0.0,min|p05|p10|p25|median|p75|p90,p90,p90,2.460873594653732,4.465204279615509,1.5048514463709888,1.3148552064034695,0.7327235309410215,"<image>These are frames of a video.
Measuring from the closest point of each object, what is the direct distance between the tv and the door (in meters)?
Please answer the question using a single word or phrase.",0.25765744417522374,0.0,4.142342555824777,0.4342749589752797,0.0,3.9657250410247205,0.48621566518729636,0.0,3.913784334812704,0.5917965748831293,0.0,3.8082034251168713,0.7327235309410215,0.0,3.667276469058979,1.9066517812865988,0.0,2.4933482187134013,1.9391264053462685,0.0,2.460873594653732
1945,0.9,<1m,0.9,median,median,median,0.07145557149407755,3.819734183298416,0.9160749246895709,0.42562912416262,0.8285444285059225,"<image>These are frames of a video.
Measuring from the closest point of each object, what is the direct distance between the nightstand and the chair (in meters)?
Please answer the question using a single word or phrase.",0.08606386487418138,0.0,0.8139361351258186,0.32487988765592857,0.0,0.5751201123440715,0.4064505339800022,0.0,0.49354946601999783,0.6037045196048876,0.4,0.29629548039511244,0.8285444285059225,0.9,0.07145557149407755,1.0293336437675076,0.8,0.12933364376750756,1.2409548123454994,0.3,0.3409548123454994
1946,2.5,1-3m,0.1,p90,p90,p90,1.1700330264792749,3.560075258577004,0.9563886424681604,0.4929319646304354,0.8977368079338768,"<image>These are frames of a video.
Measuring from the closest point of each object, what is the direct distance between the mirror and the refrigerator (in meters)?
Please answer the question using a single word or phrase.",0.026180275268103792,0.0,2.473819724731896,0.37357833105256477,0.0,2.1264216689474353,0.43338845351231053,0.0,2.0666115464876893,0.5764521767225167,0.0,1.9235478232774832,0.8977368079338768,0.0,1.6022631920661232,1.0693841413529521,0.0,1.4306158586470479,1.3299669735207251,0.1,1.1700330264792749
1947,1.4,1-3m,0.8,p90,p90,p90,0.2010766593884603,5.54133923605291,0.9825634879587481,0.5185238582542365,0.8551326490124416,"<image>These are frames of a video.
Measuring from the closest point of each object, what is the direct distance between the tv and the counter (in meters)?
Please answer the question using a single word or phrase.",0.007549171166328831,0.0,1.392450828833671,0.21635985265279145,0.0,1.1836401473472085,0.2847894360096783,0.0,1.1152105639903216,0.5032365985046355,0.0,0.8967634014953644,0.8551326490124416,0.3,0.5448673509875583,1.021760456758872,0.5,0.37823954324112785,1.1989233406115396,0.8,0.2010766593884603
1948,0.9,<1m,1.0,p75,p75,p75,0.024608353300890173,7.639931651670925,0.9042680271219126,0.30993235209013903,0.7605776561317665,"<image>These are frames of a video.
Measuring from the closest point of each object, what is the direct distance between the refrigerator and the dishwasher (in meters)?
Please answer the question using a single word or phrase.",0.0010984895857405906,0.0,0.8989015104142595,0.1361863456673316,0.0,0.7638136543326685,0.20258200634872026,0.0,0.6974179936512798,0.5654592946089708,0.3,0.3345407053910292,0.7605776561317665,0.7,0.1394223438682335,0.8753916466991098,1.0,0.024608353300890173,1.0404543727892441,0.7,0.1404543727892441
1949,2.2,1-3m,0.2,p90,p90,p90,0.8817629922558423,1.9213828389167393,0.6321493728158842,0.37200429597878915,0.9711550213234925,"<image>These are frames of a video.
Measuring from the closest point of each object, what is the direct distance between the fireplace and the bed (in meters)?
Please answer the question using a single word or phrase.",0.6186937530045123,0.0,1.5813062469954877,0.6860876349282736,0.0,1.5139123650717266,0.7073190457844309,0.0,1.4926809542155692,0.7637844872388971,0.0,1.4362155127611032,0.9711550213234925,0.0,1.2288449786765077,1.1357887832176863,0.1,1.064211216782314,1.3182370077441579,0.2,0.8817629922558423
1950,2.9,1-3m,0.1,p90,p90,p90,1.3834994876745383,5.39775908907546,1.2355504944940412,0.8548882361821214,1.118678771696581,"<image>These are frames of a video.
Measuring from the closest point of each object, what is the direct distance between the dishwasher and the sofa (in meters)?
Please answer the question using a single word or phrase.",0.15392288675435123,0.0,2.7460771132456485,0.2809500178314203,0.0,2.6190499821685798,0.3464588227300073,0.0,2.5535411772699925,0.562274008693746,0.0,2.337725991306254,1.118678771696581,0.0,1.781321228303419,1.4171622448758674,0.0,1.4828377551241325,1.5165005123254616,0.1,1.3834994876745383
1951,1.2,1-3m,0.4,p90,p90,p90,0.4056356663722618,1.3085533812162782,0.18730898148811814,0.0906815209174252,0.688184002935424,"<image>These are frames of a video.
Measuring from the closest point of each object, what is the direct distance between the toilet and the heater (in meters)?
Please answer the question using a single word or phrase.",0.556058398120247,0.0,0.6439416018797529,0.60705535213962,0.1,0.5929446478603799,0.6217897913530701,0.1,0.5782102086469298,0.6498623008014177,0.1,0.5501376991985822,0.688184002935424,0.2,0.5118159970645759,0.7405438217188429,0.3,0.45945617828115703,0.7943643336277382,0.4,0.4056356663722618
1952,3.1,>=3m,0.0,min|p05|p10|p25|median|p75|p90,p90,p90,1.8475614757009884,5.27919088280544,1.015197903131427,0.43618315781278527,0.7999444310097026,"<image>These are frames of a video.
Measuring from the closest point of each object, what is the direct distance between the printer and the power strip (in meters)?
Please answer the question using a single word or phrase.",0.1045896770857574,0.0,2.9954103229142426,0.23724062116758454,0.0,2.8627593788324157,0.30790935763359745,0.0,2.7920906423664027,0.6801008786854621,0.0,2.419899121314538,0.7999444310097026,0.0,2.3000555689902975,1.1162840364982474,0.0,1.9837159635017527,1.2524385242990117,0.0,1.8475614757009884
1953,2.6,1-3m,0.6,p90,p90,p90,0.5917440106275209,5.216977901474076,1.6233097566493084,0.7439386770820615,1.3411592548611946,"<image>These are frames of a video.
Measuring from the closest point of each object, what is the direct distance between the slippers and the pillow (in meters)?
Please answer the question using a single word or phrase.",0.12320779501660936,0.0,2.476792204983391,0.38494623272317086,0.0,2.2150537672768293,0.5335978185873874,0.0,2.0664021814126126,0.737096269358867,0.0,1.8629037306411331,1.3411592548611946,0.1,1.2588407451388055,1.4810349464409285,0.2,1.1189650535590716,2.008255989372479,0.6,0.5917440106275209
1954,0.8,<1m,0.9,p25,p25,p25,0.05588793083869037,3.347553494392662,1.0482580805218615,0.5175846295008137,1.0050062840129785,"<image>These are frames of a video.
Measuring from the closest point of each object, what is the direct distance between the door and the bed (in meters)?
Please answer the question using a single word or phrase.",0.009456531917724626,0.0,0.7905434680822754,0.4465321378301786,0.2,0.35346786216982146,0.5431132746101636,0.4,0.2568867253898365,0.7441120691613097,0.9,0.05588793083869037,1.0050062840129785,0.5,0.2050062840129785,1.2616966986621234,0.0,0.4616966986621234,1.49479021835204,0.0,0.69479021835204
1955,1.2,1-3m,0.8,p75,p75,p75,0.12546260972072765,3.7761105628149356,1.1724115627055993,0.5616899297717229,0.768164167996909,"<image>These are frames of a video.
Measuring from the closest point of each object, what is the direct distance between the trash bin and the window (in meters)?
Please answer the question using a single word or phrase.",0.31664042755198046,0.0,0.8833595724480194,0.4223216389180087,0.0,0.7776783610819913,0.45357721748083873,0.0,0.7464227825191612,0.5128474605075494,0.0,0.6871525394924506,0.768164167996909,0.3,0.43183583200309095,1.0745373902792723,0.8,0.12546260972072765,1.594733201623608,0.4,0.39473320162360803
1956,4.9,>=3m,0.0,min|p05|p10|p25|median|p75|p90,p90,p90,3.62163812963864,2.8730820745494077,0.833417438844607,0.4549079639467888,0.6156310070376915,"<image>These are frames of a video.
Measuring from the closest point of each object, what is the direct distance between the stool and the stove (in meters)?
Please answer the question using a single word or phrase.",0.3541948871218865,0.0,4.545805112878114,0.4449444315167532,0.0,4.455055568483247,0.4740426718202519,0.0,4.425957328179749,0.498137177641762,0.0,4.401862822358238,0.6156310070376915,0.0,4.2843689929623086,0.9530451415885508,0.0,3.9469548584114493,1.2783618703613602,0.0,3.62163812963864
1957,2.6,1-3m,0.4,p90,p90,p90,0.8794105220719373,12.874336902278895,1.5869445771469204,1.015508251354881,1.0786037801336037,"<image>These are frames of a video.
Measuring from the closest point of each object, what is the direct distance between the toilet and the bed (in meters)?
Please answer the question using a single word or phrase.",0.0,0.0,2.6,0.13364490078114238,0.0,2.4663550992188576,0.2970425714484225,0.0,2.3029574285515775,0.6285892844621831,0.0,1.971410715537817,1.0786037801336037,0.0,1.5213962198663964,1.6440975358170642,0.3,0.9559024641829359,1.7205894779280628,0.4,0.8794105220719373
1958,0.9,<1m,0.5,p90,p90,p90,0.26040776029038915,1.3637264985534245,0.17058893121039231,0.08559958752633445,0.5601069410213988,"<image>These are frames of a video.
Measuring from the closest point of each object, what is the direct distance between the trash bin and the tv (in meters)?
Please answer the question using a single word or phrase.",0.39341827740411156,0.0,0.5065817225958884,0.46900330849921856,0.1,0.43099669150078146,0.48528997038170296,0.1,0.41471002961829706,0.5174857466142402,0.2,0.38251425338575984,0.5601069410213988,0.3,0.3398930589786012,0.6030853341405746,0.4,0.2969146658594254,0.6395922397096109,0.5,0.26040776029038915
1959,3.4,>=3m,0.3,p90,p90,p90,1.3367045789464838,3.3235971585964528,1.4424935240134906,0.9105545804942546,1.487867708243856,"<image>These are frames of a video.
Measuring from the closest point of each object, what is the direct distance between the nightstand and the bookshelf (in meters)?
Please answer the question using a single word or phrase.",0.3136519063442281,0.0,3.0863480936557717,0.6208018970400254,0.0,2.7791981029599744,0.7279230484208835,0.0,2.6720769515791165,0.922479127040904,0.0,2.477520872959096,1.487867708243856,0.0,1.9121322917561439,1.8330337075351586,0.1,1.5669662924648413,2.063295421053516,0.3,1.3367045789464838
1960,2.5,1-3m,0.4,p75|p90,p90,p90,0.8312356559356069,4.220053583668135,1.2733275774501935,1.0841727722182735,1.1889830552395328,"<image>These are frames of a video.
Measuring from the closest point of each object, what is the direct distance between the trash bin and the window (in meters)?
Please answer the question using a single word or phrase.",0.26947393384900004,0.0,2.230526066151,0.39543676661419963,0.0,2.1045632333858,0.4402575189865369,0.0,2.0597424810134632,0.5408685895446114,0.0,1.9591314104553885,1.1889830552395328,0.0,1.3110169447604672,1.6250413617628847,0.4,0.8749586382371153,1.6687643440643931,0.4,0.8312356559356069
1961,1.3,1-3m,0.3,p90,p90,p90,0.49447407093013707,1.9534730265937161,0.3931701309074159,0.18165736155216727,0.6569378957744256,"<image>These are frames of a video.
Measuring from the closest point of each object, what is the direct distance between the toilet and the stool (in meters)?
Please answer the question using a single word or phrase.",0.26742794101821993,0.0,1.0325720589817802,0.41235579816244705,0.0,0.887644201837553,0.45638183729532966,0.0,0.8436181627046704,0.5624273738980726,0.0,0.7375726261019274,0.6569378957744256,0.1,0.6430621042255744,0.7440847354502399,0.2,0.5559152645497601,0.805525929069863,0.3,0.49447407093013707
1962,2.5,1-3m,0.3,p90,p90,p90,0.9073845866166426,5.969177025990263,1.325808882692613,1.0942548918355979,0.5987620748916576,"<image>These are frames of a video.
Measuring from the closest point of each object, what is the direct distance between the plant and the door (in meters)?
Please answer the question using a single word or phrase.",0.13646186506372174,0.0,2.3635381349362783,0.2668065306907444,0.0,2.2331934693092554,0.30448042329531955,0.0,2.1955195767046805,0.39994816253558835,0.0,2.1000518374644117,0.5987620748916576,0.0,1.9012379251083424,1.4942030543711862,0.2,1.0057969456288138,1.5926154133833574,0.3,0.9073845866166426
1963,2.2,1-3m,0.6,p90,p90,p90,0.48777958429823953,4.572737913018649,1.3377794465775419,0.9165443175768793,1.1075448070280567,"<image>These are frames of a video.
Measuring from the closest point of each object, what is the direct distance between the suitcase and the paper bag (in meters)?
Please answer the question using a single word or phrase.",0.1473390595530149,0.0,2.052660940446985,0.3744409691242188,0.0,1.8255590308757814,0.4418028375470038,0.0,1.7581971624529964,0.5198984400445461,0.0,1.680101559955454,1.1075448070280567,0.1,1.0924551929719435,1.4364427576214254,0.4,0.7635572423785748,1.7122204157017606,0.6,0.48777958429823953
1964,1.8,1-3m,0.1,p90,p90,p90,0.8655530441644518,5.088052147264415,0.7507918106464502,0.41759890015936224,0.4101359074690367,"<image>These are frames of a video.
Measuring from the closest point of each object, what is the direct distance between the power strip and the refrigerator (in meters)?
Please answer the question using a single word or phrase.",0.024787529865514718,0.0,1.7752124701344854,0.18365514518909806,0.0,1.616344854810902,0.22605316375538617,0.0,1.5739468362446138,0.30832718788372765,0.0,1.4916728121162723,0.4101359074690367,0.0,1.3898640925309633,0.7259260880430899,0.0,1.0740739119569103,0.9344469558355483,0.1,0.8655530441644518
1965,2.5,1-3m,0.0,min|p05|p10|p25|median|p75|p90,p90,p90,1.4748228695550007,3.4704590653191776,0.7297761154352707,0.43253047215666407,0.8766761570650139,"<image>These are frames of a video.
Measuring from the closest point of each object, what is the direct distance between the refrigerator and the sofa (in meters)?
Please answer the question using a single word or phrase.",0.10271696168171396,0.0,2.397283038318286,0.29540101500972865,0.0,2.2045989849902714,0.38876539721089687,0.0,2.111234602789103,0.543386975339387,0.0,1.956613024660613,0.8766761570650139,0.0,1.623323842934986,0.975917447496051,0.0,1.524082552503949,1.0251771304449993,0.0,1.4748228695550007
1966,3.7,>=3m,0.2,p75|p90,p90,p90,1.53060646842233,3.748490921101149,1.590655693541132,1.3990667196676665,0.8018681392317792,"<image>These are frames of a video.
Measuring from the closest point of each object, what is the direct distance between the trash bin and the window (in meters)?
Please answer the question using a single word or phrase.",0.44236989559621703,0.0,3.257630104403783,0.5787378380365381,0.0,3.121262161963462,0.612102282955269,0.0,3.087897717044731,0.6804212662477187,0.0,3.0195787337522813,0.8018681392317792,0.0,2.898131860768221,2.079487985915385,0.2,1.620512014084615,2.1693935315776702,0.2,1.53060646842233
1967,2.1,1-3m,0.1,p90,p90,p90,0.9866666092283984,4.9421800773444975,0.8880616739688802,0.6354963349406609,0.7907078402489139,"<image>These are frames of a video.
Measuring from the closest point of each object, what is the direct distance between the bookshelf and the sofa (in meters)?
Please answer the question using a single word or phrase.",0.13437651897571146,0.0,1.9656234810242887,0.22527171680272146,0.0,1.8747282831972787,0.26199203818380495,0.0,1.838007961816195,0.36695973953036376,0.0,1.7330402604696364,0.7907078402489139,0.0,1.3092921597510863,1.0024560744710247,0.0,1.0975439255289754,1.1133333907716016,0.1,0.9866666092283984
1968,5.5,>=3m,0.0,min|p05|p10|p25|median|p75|p90,p90,p90,3.6166042521515567,3.5006898382917586,1.3453887164207492,0.8309558174070768,1.7377392082286343,"<image>These are frames of a video.
Measuring from the closest point of each object, what is the direct distance between the fireplace and the stove (in meters)?
Please answer the question using a single word or phrase.",0.33149948621255665,0.0,5.168500513787444,0.538007031427694,0.0,4.961992968572306,0.5783523875290631,0.0,4.921647612470937,0.9793401554097099,0.0,4.52065984459029,1.7377392082286343,0.0,3.7622607917713657,1.8102959728167867,0.0,3.6897040271832133,1.8833957478484433,0.0,3.6166042521515567
1969,2.6,1-3m,0.4,p90,p90,p90,0.8330378477484897,1.3800071666513882,0.4865614449573046,0.27904145622208487,1.5005998420159108,"<image>These are frames of a video.
Measuring from the closest point of each object, what is the direct distance between the bed and the heater (in meters)?
Please answer the question using a single word or phrase.",1.1866490300359722,0.0,1.4133509699640279,1.2804007072942059,0.0,1.3195992927057942,1.3121366286680243,0.1,1.2878633713319758,1.3805522158444297,0.1,1.2194477841555704,1.5005998420159108,0.2,1.0994001579840893,1.6595936720665145,0.3,0.9404063279334856,1.7669621522515104,0.4,0.8330378477484897
1970,4.1,>=3m,0.0,min|p05|p10|p25|median|p75|p90,p90,p90,2.1286941196960627,4.9663386462387855,1.5743724408581818,0.948103002084734,1.5758428450796218,"<image>These are frames of a video.
Measuring from the closest point of each object, what is the direct distance between the shoes and the heater (in meters)?
Please answer the question using a single word or phrase.",0.3463204188598593,0.0,3.7536795811401404,0.3969334394457552,0.0,3.7030665605542445,0.41441845614354905,0.0,3.6855815438564505,0.6826489143381597,0.0,3.41735108566184,1.5758428450796218,0.0,2.5241571549203776,1.6307519164228936,0.0,2.469248083577106,1.971305880303937,0.0,2.1286941196960627
1971,5.6,>=3m,0.0,min|p05|p10|p25|median|p75|p90,p90,p90,3.839512957295012,3.9796317512319925,1.3181126842835118,0.6327032357411919,1.0961609781857349,"<image>These are frames of a video.
Measuring from the closest point of each object, what is the direct distance between the table and the door (in meters)?
Please answer the question using a single word or phrase.",0.18765092777701942,0.0,5.41234907222298,0.442374358421476,0.0,5.157625641578524,0.5101901630952896,0.0,5.08980983690471,0.7297191218243864,0.0,4.870280878175613,1.0961609781857349,0.0,4.503839021814265,1.3624223575655783,0.0,4.237577642434421,1.7604870427049877,0.0,3.839512957295012
1972,0.5,<1m,0.9,p25|median,p25,p25,0.036274604077114914,1.905117923926202,0.33645380922744267,0.17148553280451317,0.5479662086243667,"<image>These are frames of a video.
Measuring from the closest point of each object, what is the direct distance between the paper bag and the whiteboard (in meters)?
Please answer the question using a single word or phrase.",0.2580555760672001,0.1,0.2419444239327999,0.3717237282938562,0.5,0.1282762717061438,0.4031487667476533,0.7,0.09685123325234668,0.4637253959228851,0.9,0.036274604077114914,0.5479662086243667,0.9,0.047966208624366735,0.6352109287273983,0.5,0.13521092872739826,0.7081775375212989,0.2,0.20817753752129886
1973,4.4,>=3m,0.0,min|p05|p10|p25|median|p75|p90,p90,p90,2.753901544595635,2.5104144641598167,0.9903906115781548,0.33169394022222565,1.3638304670395587,"<image>These are frames of a video.
Measuring from the closest point of each object, what is the direct distance between the stove and the sofa (in meters)?
Please answer the question using a single word or phrase.",0.530874291285152,0.0,3.8691257087148485,0.6557078438262106,0.0,3.7442921561737896,0.7653569294327822,0.0,3.6346430705672184,1.2131998598470668,0.0,3.1868001401529336,1.3638304670395587,0.0,3.0361695329604417,1.5448938000692924,0.0,2.8551061999307077,1.6460984554043654,0.0,2.753901544595635
1974,1.0,1-3m,0.0,min|p05|p10|p25|median|p75|p90,p90,p90,0.634464546696296,1.5191939482125818,0.12492400686279545,0.05862956941273345,0.30149103462331617,"<image>These are frames of a video.
Measuring from the closest point of each object, what is the direct distance between the tv and the stool (in meters)?
Please answer the question using a single word or phrase.",0.16071828186344128,0.0,0.8392817181365587,0.2406114464409085,0.0,0.7593885535590915,0.25243524011311486,0.0,0.7475647598868851,0.2745673961189534,0.0,0.7254326038810466,0.30149103462331617,0.0,0.6985089653766838,0.3331969655316869,0.0,0.6668030344683131,0.36553545330370396,0.0,0.634464546696296
1975,1.4,1-3m,0.9,p75,p75,p75,0.11375992863749995,5.371896470789944,1.2996929996924869,0.6771234792358297,1.0995007901385865,"<image>These are frames of a video.
Measuring from the closest point of each object, what is the direct distance between the chair and the suitcase (in meters)?
Please answer the question using a single word or phrase.",0.01593712581908051,0.0,1.3840628741809193,0.2972835721010679,0.0,1.1027164278989319,0.3575366540140888,0.0,1.0424633459859112,0.6091165921266702,0.0,0.7908834078733297,1.0995007901385865,0.6,0.30049920986141343,1.2862400713625,0.9,0.11375992863749995,1.5969765717935547,0.8,0.19697657179355477
1976,1.5,1-3m,0.4,p90,p90,p90,0.5203519077883849,1.2003934696369587,0.16354227608459537,0.07961688379570742,0.9028519268150339,"<image>These are frames of a video.
Measuring from the closest point of each object, what is the direct distance between the trash bin and the backpack (in meters)?
Please answer the question using a single word or phrase.",0.5299265062645849,0.0,0.9700734937354151,0.8161058161270197,0.1,0.6838941838729803,0.83259475614945,0.2,0.66740524385055,0.8640771256847595,0.2,0.6359228743152405,0.9028519268150339,0.3,0.5971480731849661,0.9436940094804669,0.3,0.5563059905195331,0.9796480922116151,0.4,0.5203519077883849
1977,1.6,1-3m,0.4,p90,p90,p90,0.5543287879478955,3.5844092608804896,0.7539435838863293,0.31973592885719027,0.6868352330200427,"<image>These are frames of a video.
Measuring from the closest point of each object, what is the direct distance between the plant and the microwave (in meters)?
Please answer the question using a single word or phrase.",0.006358091713972657,0.0,1.5936419082860274,0.2917276281657752,0.0,1.3082723718342248,0.44808360283129517,0.0,1.151916397168705,0.591857532898314,0.0,1.008142467101686,0.6868352330200427,0.0,0.9131647669799574,0.9115934617555043,0.2,0.6884065382444958,1.0456712120521046,0.4,0.5543287879478955
1978,2.2,1-3m,0.1,p90,p90,p90,1.092407749531746,8.560324184462527,0.9782055325588325,0.6652879844656371,0.7307872921128722,"<image>These are frames of a video.
Measuring from the closest point of each object, what is the direct distance between the stove and the dishwasher (in meters)?
Please answer the question using a single word or phrase.",0.013041665738869626,0.0,2.1869583342611305,0.1293867179094218,0.0,2.0706132820905783,0.14835535772736932,0.0,2.0516446422726307,0.22867842444705208,0.0,1.971321575552948,0.7307872921128722,0.0,1.469212707887128,0.8939664089126892,0.0,1.3060335910873109,1.1075922504682543,0.1,1.092407749531746
1979,0.4,<1m,0.0,min|p05|p10|p25|median|p75|p90,min,min,0.27518102356882057,1.3520860451065455,0.260538061182493,0.14802329503950962,0.8815666509639872,"<image>These are frames of a video.
Measuring from the closest point of each object, what is the direct distance between the trash bin and the keyboard (in meters)?
Please answer the question using a single word or phrase.",0.6751810235688206,0.0,0.27518102356882057,0.7399840601568035,0.0,0.3399840601568035,0.7572023892357865,0.0,0.3572023892357865,0.8052690849274594,0.0,0.4052690849274594,0.8815666509639872,0.0,0.4815666509639872,0.953292379966969,0.0,0.553292379966969,1.0005221213392965,0.0,0.6005221213392965
1980,2.3,1-3m,0.2,p90,p90,p90,0.935983789744022,2.6383291217049205,0.8470161896616807,0.31977676659976284,1.0358659531187104,"<image>These are frames of a video.
Measuring from the closest point of each object, what is the direct distance between the door and the bed (in meters)?
Please answer the question using a single word or phrase.",0.14412228792354195,0.0,2.155877712076458,0.5170000205942972,0.0,1.7829999794057025,0.6145312373506697,0.0,1.68546876264933,0.8689876227332323,0.0,1.4310123772667676,1.0358659531187104,0.0,1.2641340468812894,1.188764389332995,0.1,1.1112356106670047,1.3640162102559779,0.2,0.935983789744022
1981,1.5,1-3m,0.0,min|p05|p10|p25|median|p75|p90,p90,p90,0.7550309336485276,1.8017017536366695,0.33148827528947816,0.16609770790519618,0.5353158264115101,"<image>These are frames of a video.
Measuring from the closest point of each object, what is the direct distance between the ceiling light and the chair (in meters)?
Please answer the question using a single word or phrase.",0.384339596381303,0.0,1.115660403618697,0.41348079106199426,0.0,1.0865192089380058,0.42757174196998177,0.0,1.0724282580300182,0.4638023821044627,0.0,1.0361976178955374,0.5353158264115101,0.0,0.9646841735884899,0.6299000900096589,0.0,0.8700999099903411,0.7449690663514724,0.0,0.7550309336485276
1982,2.1,1-3m,0.1,p75|p90,p90,p90,0.9470434475087401,2.049160298760621,0.5903082554358297,0.38710487219637324,0.8036342656353488,"<image>These are frames of a video.
Measuring from the closest point of each object, what is the direct distance between the bed and the heater (in meters)?
Please answer the question using a single word or phrase.",0.46269699891402266,0.0,1.6373030010859775,0.5626482970554303,0.0,1.5373517029445698,0.598724796762496,0.0,1.501275203237504,0.6836934438339386,0.0,1.4163065561660615,0.8036342656353488,0.0,1.2963657343646513,1.0707983160303118,0.1,1.0292016839696883,1.15295655249126,0.1,0.9470434475087401
1983,2.9,1-3m,0.5,p90,p90,p90,0.8397492184003625,8.95438718459111,1.83016794743931,0.6674436053742538,1.6959356327731814,"<image>These are frames of a video.
Measuring from the closest point of each object, what is the direct distance between the telephone and the door (in meters)?
Please answer the question using a single word or phrase.",0.0032380146799935346,0.0,2.896761985320006,0.2300828341603274,0.0,2.6699171658396725,0.4240135509710417,0.0,2.4759864490289583,1.319438158863127,0.0,1.580561841136873,1.6959356327731814,0.2,1.2040643672268185,1.9868817642373808,0.4,0.9131182357626191,2.0602507815996374,0.5,0.8397492184003625
1984,5.0,>=3m,0.0,min|p05|p10|p25|median|p75|p90,p90,p90,3.5266419429500164,7.810545445528074,1.2847210319759466,0.5063975064611785,0.2973651201610099,"<image>These are frames of a video.
Measuring from the closest point of each object, what is the direct distance between the telephone and the heater (in meters)?
Please answer the question using a single word or phrase.",0.12394250190037995,0.0,4.87605749809962,0.18863702507403682,0.0,4.811362974925963,0.20632414447972441,0.0,4.793675855520275,0.24111619067249962,0.0,4.7588838093275,0.2973651201610099,0.0,4.70263487983899,0.7475136971336782,0.0,4.252486302866322,1.4733580570499833,0.0,3.5266419429500164
1985,4.6,>=3m,0.0,min|p05|p10|p25|median|p75|p90,p90,p90,2.8236904160973175,1.414016617530902,0.5200940897705117,0.1791103153852891,1.626109131742407,"<image>These are frames of a video.
Measuring from the closest point of each object, what is the direct distance between the fan and the door (in meters)?
Please answer the question using a single word or phrase.",1.1418192062028598,0.0,3.4581807937971396,1.2562154941321702,0.0,3.3437845058678297,1.327714545972733,0.0,3.2722854540272666,1.537445118993391,0.0,3.0625548810066086,1.626109131742407,0.0,2.973890868257593,1.7165554343786802,0.0,2.8834445656213195,1.776309583902682,0.0,2.8236904160973175
1986,2.4,1-3m,0.7,p75|p90,p90,p90,0.37065233533947417,2.0851094771705867,1.0560905350568215,0.8315086115660102,1.2448244696790032,"<image>These are frames of a video.
Measuring from the closest point of each object, what is the direct distance between the door and the cup (in meters)?
Please answer the question using a single word or phrase.",0.8895437523574081,0.0,1.5104562476425918,0.9732571296037043,0.0,1.4267428703962957,1.0135485490942804,0.0,1.3864514509057195,1.115030262444525,0.0,1.284969737555475,1.2448244696790032,0.1,1.1551755303209967,1.9465388740105352,0.7,0.45346112598946475,2.0293476646605257,0.7,0.37065233533947417
1987,1.8,1-3m,0.9,p75,p75,p75,0.12513218039668916,2.212024425137147,1.2762376482933748,0.6823666020007733,1.5477536517194224,"<image>These are frames of a video.
Measuring from the closest point of each object, what is the direct distance between the plant and the blanket (in meters)?
Please answer the question using a single word or phrase.",0.8273700699452163,0.0,0.9726299300547837,1.0529801395289222,0.2,0.7470198604710778,1.1128155288826675,0.3,0.6871844711173325,1.242765578395916,0.4,0.5572344216040841,1.5477536517194224,0.8,0.2522463482805777,1.9251321803966892,0.9,0.12513218039668916,2.329217787822297,0.5,0.529217787822297
1988,5.4,>=3m,0.0,min|p05|p10|p25|median|p75|p90,p90,p90,3.3239677551862075,1.1037854675934327,0.19520276683548987,0.1112593193881588,1.98434091094349,"<image>These are frames of a video.
Measuring from the closest point of each object, what is the direct distance between the microwave and the nightstand (in meters)?
Please answer the question using a single word or phrase.",1.8374006017612332,0.0,3.562599398238767,1.880829477978303,0.0,3.5191705220216973,1.89538417122303,0.0,3.5046158287769704,1.9284898660929917,0.0,3.4715101339070085,1.98434091094349,0.0,3.4156590890565104,2.0397491854811505,0.0,3.36025081451885,2.076032244813793,0.0,3.3239677551862075
1989,0.4,<1m,0.8,p25,p25,p25,0.05078687234780066,3.933398798186477,0.7780318408385416,0.37659850591192956,0.6025196847598021,"<image>These are frames of a video.
Measuring from the closest point of each object, what is the direct distance between the door and the bed (in meters)?
Please answer the question using a single word or phrase.",0.0042834766378099486,0.0,0.3957165233621901,0.26523220822192545,0.4,0.13476779177807457,0.3315618448452244,0.7,0.06843815515477564,0.4507868723478007,0.8,0.05078687234780066,0.6025196847598021,0.0,0.2025196847598021,0.8273853782597302,0.0,0.4273853782597302,1.043264049060467,0.0,0.643264049060467
1990,0.8,<1m,0.5,p25,p25,p25,0.21825824546923234,9.283476334488329,1.5366367653205157,0.38166185462069535,1.2255161252008064,"<image>These are frames of a video.
Measuring from the closest point of each object, what is the direct distance between the pillow and the door (in meters)?
Please answer the question using a single word or phrase.",0.02638100938027539,0.0,0.7736189906197246,0.1855062661219559,0.0,0.6144937338780442,0.30721642860206894,0.0,0.4927835713979311,1.0182582454692324,0.5,0.21825824546923234,1.2255161252008064,0.0,0.4255161252008064,1.3999201000899277,0.0,0.5999201000899277,1.7221430314424717,0.0,0.9221430314424717
1991,0.8,<1m,0.8,p90,p90,p90,0.1072005815769641,7.32406125312792,0.5982071704230402,0.09841098718150254,0.615504383443241,"<image>These are frames of a video.
Measuring from the closest point of each object, what is the direct distance between the computer mouse and the trash can (in meters)?
Please answer the question using a single word or phrase.",0.04048743714954181,0.0,0.7595125628504582,0.09459224799999576,0.0,0.7054077520000043,0.11844931243512215,0.0,0.6815506875648779,0.5574839429622586,0.4,0.24251605703774148,0.615504383443241,0.6,0.18449561655675906,0.6558949301437611,0.7,0.14410506985623894,0.6927994184230359,0.8,0.1072005815769641
1992,5.1,>=3m,0.0,min|p05|p10|p25|median|p75|p90,p90,p90,2.7380442239773983,19.27795181621373,2.2394346804964638,1.7622377996586416,2.1930992351944685,"<image>These are frames of a video.
Measuring from the closest point of each object, what is the direct distance between the clock and the radiator (in meters)?
Please answer the question using a single word or phrase.",0.06476446723937132,0.0,5.035235532760629,0.12252109552613766,0.0,4.977478904473862,0.2103992392921436,0.0,4.889600760707856,0.5164961841481117,0.0,4.583503815851888,2.1930992351944685,0.0,2.906900764805531,2.2787339838067533,0.0,2.8212660161932464,2.3619557760226013,0.0,2.7380442239773983
1993,2.5,1-3m,0.0,min|p05|p10|p25|median|p75|p90,p90,p90,1.4833155696926132,9.217912257279414,0.9063899946552674,0.40825284246503374,0.5208786939371892,"<image>These are frames of a video.
Measuring from the closest point of each object, what is the direct distance between the door and the desk (in meters)?
Please answer the question using a single word or phrase.",0.0,0.0,2.5,0.11029443565211938,0.0,2.3897055643478806,0.17088821497752554,0.0,2.3291117850224743,0.3376922472325728,0.0,2.1623077527674273,0.5208786939371892,0.0,1.9791213060628108,0.7459450896976065,0.0,1.7540549103023935,1.0166844303073868,0.0,1.4833155696926132
1994,3.1,>=3m,0.3,p90,p90,p90,1.1565193897301487,4.415082584618231,1.5032893855256595,1.061111574075528,1.3097380098416498,"<image>These are frames of a video.
Measuring from the closest point of each object, what is the direct distance between the window and the sofa (in meters)?
Please answer the question using a single word or phrase.",0.08348422297549453,0.0,3.0165157770245057,0.4401912247441919,0.0,2.659808775255808,0.5596185843575673,0.0,2.540381415642433,0.7725086033448219,0.0,2.3274913966551782,1.3097380098416498,0.0,1.7902619901583503,1.8336201774203498,0.2,1.2663798225796503,1.9434806102698514,0.3,1.1565193897301487
1995,1.1,1-3m,0.9,p90,p90,p90,0.09892831545354852,4.505604385660122,0.7788880219655694,0.5468668327217376,0.7385416479604516,"<image>These are frames of a video.
Measuring from the closest point of each object, what is the direct distance between the microwave and the refrigerator (in meters)?
Please answer the question using a single word or phrase.",0.02511568534680285,0.0,1.0748843146531972,0.2221836625808822,0.0,0.8778163374191179,0.27259163182277113,0.0,0.827408368177229,0.3712566855750683,0.0,0.7287433144249318,0.7385416479604516,0.4,0.36145835203954846,0.9181235182968059,0.7,0.18187648170319415,1.0010716845464516,0.9,0.09892831545354852
1996,2.7,1-3m,0.2,p75|p90,p90,p90,1.1240032277543874,16.05834058411624,1.4778548276287153,1.2624134716815125,1.0053582256829297,"<image>These are frames of a video.
Measuring from the closest point of each object, what is the direct distance between the mirror and the refrigerator (in meters)?
Please answer the question using a single word or phrase.",0.0005465028941274799,0.0,2.6994534971058726,0.09814194461689746,0.0,2.6018580553831026,0.14025192227248542,0.0,2.5597480777275146,0.2507284285805059,0.0,2.4492715714194944,1.0053582256829297,0.0,1.6946417743170705,1.5131419002620183,0.2,1.1868580997379818,1.5759967722456127,0.2,1.1240032277543874
1997,1.3,1-3m,0.9,p75,p75,p75,0.12263412232430104,2.5021812681744295,0.9583122559667452,0.7118678626689368,0.8210224016211141,"<image>These are frames of a video.
Measuring from the closest point of each object, what is the direct distance between the heater and the ceiling light (in meters)?
Please answer the question using a single word or phrase.",0.5620467517130958,0.0,0.7379532482869042,0.6379471481037455,0.0,0.6620528518962545,0.661094803923498,0.1,0.6389051960765021,0.7107662596553643,0.1,0.5892337403446357,0.8210224016211141,0.3,0.478977598378886,1.422634122324301,0.9,0.12263412232430104,1.5962594040704907,0.6,0.2962594040704907
1998,5.1,>=3m,0.0,min|p05|p10|p25|median|p75|p90,p90,p90,3.1438081970175764,4.445182278484206,1.5161217045185467,0.3969099719243676,1.2969965713130676,"<image>These are frames of a video.
Measuring from the closest point of each object, what is the direct distance between the refrigerator and the tv (in meters)?
Please answer the question using a single word or phrase.",0.1572740031193647,0.0,4.942725996880635,0.44007009846387646,0.0,4.659929901536123,0.4745463793753445,0.0,4.625453620624655,1.2037392655888643,0.0,3.8962607344111353,1.2969965713130676,0.0,3.803003428686932,1.600649237513232,0.0,3.4993507624867677,1.9561918029824232,0.0,3.1438081970175764
1999,3.2,>=3m,0.0,min|p05|p10|p25|median|p75|p90,p90,p90,2.9251605339478357,2.679680850752942,0.17227521256095507,0.09676778942724132,0.1913736610226508,"<image>These are frames of a video.
Measuring from the closest point of each object, what is the direct distance between the bowl and the heater (in meters)?
Please answer the question using a single word or phrase.",0.023002442327022796,0.0,3.176997557672977,0.10256425349120941,0.0,3.0974357465087907,0.1179801548399137,0.0,3.0820198451600866,0.14859108185875994,0.0,3.0514089181412403,0.1913736610226508,0.0,3.0086263389773493,0.24535887128600126,0.0,2.954641128713999,0.27483946605216447,0.0,2.9251605339478357
2000,0.7,<1m,1.0,p25,p25,p25,0.018590231494297615,3.3919916726391093,0.9992097788384136,0.42770048947957906,0.9456286014288948,"<image>These are frames of a video.
Measuring from the closest point of each object, what is the direct distance between the mirror and the bed (in meters)?
Please answer the question using a single word or phrase.",0.027929103040663587,0.0,0.6720708969593364,0.4177312949154104,0.2,0.28226870508458957,0.5172553656267531,0.5,0.18274463437324684,0.7185902314942976,1.0,0.018590231494297615,0.9456286014288948,0.3,0.24562860142889487,1.1462907209738766,0.0,0.4462907209738767,1.416941073753824,0.0,0.716941073753824
2001,2.1,1-3m,0.6,p90,p90,p90,0.5003732518191122,1.9949130933978105,0.7977738988137288,0.5016929054823358,1.468711225387127,"<image>These are frames of a video.
Measuring from the closest point of each object, what is the direct distance between the keyboard and the sofa (in meters)?
Please answer the question using a single word or phrase.",0.5576500797891547,0.0,1.5423499202108455,0.8018528493671591,0.0,1.298147150632841,0.8742306074826671,0.0,1.225769392517333,1.0480432693209265,0.0,1.0519567306790736,1.468711225387127,0.4,0.631288774612873,1.5497361748032623,0.5,0.5502638251967378,1.599626748180888,0.6,0.5003732518191122
2002,0.4,<1m,1.0,median,median,median,0.004427283995710962,1.699410878155217,0.19801799796817993,0.07547333495661279,0.39557271600428906,"<image>These are frames of a video.
Measuring from the closest point of each object, what is the direct distance between the table lamp and the chair (in meters)?
Please answer the question using a single word or phrase.",0.14538232723352393,0.0,0.25461767276647607,0.28312112972917575,0.5,0.11687887027082428,0.3108154670685556,0.6,0.0891845329314444,0.35467068952991265,0.8,0.04532931047008737,0.39557271600428906,1.0,0.004427283995710962,0.43014402448652544,0.9,0.030144024486525423,0.4811391276973557,0.6,0.08113912769735565
2003,4.8,>=3m,0.0,min|p05|p10|p25|median|p75|p90,p90,p90,2.6231097636538965,12.464299907344508,2.002240215684824,1.8073436718657492,2.100660377037771,"<image>These are frames of a video.
Measuring from the closest point of each object, what is the direct distance between the telephone and the door (in meters)?
Please answer the question using a single word or phrase.",0.0,0.0,4.8,0.17465002066127958,0.0,4.62534997933872,0.23049938850387955,0.0,4.56950061149612,0.33573386920988346,0.0,4.464266130790117,2.100660377037771,0.0,2.6993396229622286,2.1430775410756326,0.0,2.656922458924367,2.1768902363461033,0.0,2.6231097636538965
2004,1.5,1-3m,0.2,p90,p90,p90,0.6520903310658942,1.6875741097022396,0.3454667456519316,0.17650389883239248,0.6666314862553254,"<image>These are frames of a video.
Measuring from the closest point of each object, what is the direct distance between the sofa and the bed (in meters)?
Please answer the question using a single word or phrase.",0.42515028366843755,0.0,1.0748497163315625,0.5024429232821742,0.0,0.9975570767178258,0.5226211016744968,0.0,0.9773788983255032,0.5821125846939303,0.0,0.9178874153060697,0.6666314862553254,0.0,0.8333685137446746,0.7586164835263228,0.1,0.7413835164736772,0.8479096689341058,0.2,0.6520903310658942
2005,1.9,1-3m,1.0,p90,p90,p90,0.09279376032652209,3.88018574776571,1.3414537326667955,0.8102722750955696,0.8851900673223776,"<image>These are frames of a video.
Measuring from the closest point of each object, what is the direct distance between the bed and the fireplace (in meters)?
Please answer the question using a single word or phrase.",0.3032559983734756,0.0,1.5967440016265244,0.46575250700668236,0.0,1.4342474929933176,0.5243247716738806,0.0,1.3756752283261193,0.6522294797269211,0.0,1.2477705202730789,0.8851900673223776,0.0,1.0148099326776223,1.4625017548224908,0.6,0.4374982451775091,1.8072062396734778,1.0,0.09279376032652209
2006,2.6,1-3m,0.7,p90,p90,p90,0.5002581283840679,2.5572297826913393,1.2786416772461977,1.1867869793332364,1.4923051316586604,"<image>These are frames of a video.
Measuring from the closest point of each object, what is the direct distance between the shoes and the ceiling light (in meters)?
Please answer the question using a single word or phrase.",0.7706660436197281,0.0,1.829333956380272,0.8211001943697344,0.0,1.7788998056302656,0.8384418360948861,0.0,1.7615581639051139,0.8759725524852914,0.0,1.7240274475147088,1.4923051316586604,0.2,1.1076948683413397,2.0627595318185277,0.6,0.5372404681814724,2.099741871615932,0.7,0.5002581283840679
2007,1.3,1-3m,0.8,median,median,median,0.15859076964220686,8.196467452855645,1.958594919220387,1.5118963089314246,1.1414092303577932,"<image>These are frames of a video.
Measuring from the closest point of each object, what is the direct distance between the paper bag and the shoes (in meters)?
Please answer the question using a single word or phrase.",0.18255318170519225,0.0,1.1174468182948079,0.27216060269169884,0.0,1.027839397308301,0.4883201688210108,0.0,0.8116798311789892,0.6500107910375216,0.1,0.6499892089624785,1.1414092303577932,0.8,0.15859076964220686,2.1619070999689463,0.0,0.8619070999689462,2.230755521912086,0.0,0.9307555219120858
2008,1.4,1-3m,0.8,median|p75,p75,p75,0.16153952132927052,3.475187944535219,1.2823491870738837,0.6584041066939849,1.2063897285054175,"<image>These are frames of a video.
Measuring from the closest point of each object, what is the direct distance between the bathtub and the toilet (in meters)?
Please answer the question using a single word or phrase.",0.12554777609895762,0.0,1.2744522239010423,0.5180815420118241,0.0,0.8819184579881758,0.6842527536386086,0.0,0.7157472463613913,0.9031354146352856,0.3,0.49686458536471434,1.2063897285054175,0.8,0.19361027149458243,1.5615395213292704,0.8,0.16153952132927052,1.8004307290857078,0.5,0.40043072908570787
2009,7.5,>=3m,0.0,min|p05|p10|p25|median|p75|p90,p90,p90,6.039004757589107,1.8194530334132362,0.6580092814761871,0.6100234693773376,1.0726625802193135,"<image>These are frames of a video.
Measuring from the closest point of each object, what is the direct distance between the bowl and the door (in meters)?
Please answer the question using a single word or phrase.",0.7877307591944288,0.0,6.712269240805571,0.8029859609347059,0.0,6.697014039065294,0.8098877304488397,0.0,6.69011226955116,0.8273748337417628,0.0,6.672625166258237,1.0726625802193135,0.0,6.427337419780686,1.4373983031191004,0.0,6.0626016968809,1.460995242410893,0.0,6.039004757589107
2010,1.4,1-3m,0.1,p75|p90,p90,p90,0.6479318539427841,1.4586592699579233,0.23647950822618202,0.11099806730704165,0.649195707480422,"<image>These are frames of a video.
Measuring from the closest point of each object, what is the direct distance between the chair and the tv (in meters)?
Please answer the question using a single word or phrase.",0.40800906896728695,0.0,0.991990931032713,0.5155886378310338,0.0,0.8844113621689661,0.5432877983232365,0.0,0.8567122016767634,0.5941532104006875,0.0,0.8058467895993124,0.649195707480422,0.0,0.7508042925195779,0.7051512777077291,0.1,0.6948487222922708,0.7520681460572158,0.1,0.6479318539427841
2011,3.5,>=3m,0.0,min|p05|p10|p25|median|p75|p90,p90,p90,2.3935955778224773,6.977746140298081,0.9478425599469974,0.5458642989101739,0.5110008321834535,"<image>These are frames of a video.
Measuring from the closest point of each object, what is the direct distance between the sofa and the bathtub (in meters)?
Please answer the question using a single word or phrase.",0.04618660926346608,0.0,3.453813390736534,0.15856186223052507,0.0,3.341438137769475,0.18917828307920934,0.0,3.3108217169207905,0.3910347602085873,0.0,3.108965239791413,0.5110008321834535,0.0,2.9889991678165466,0.9368990591187611,0.0,2.563100940881239,1.1064044221775224,0.0,2.3935955778224773
2012,2.4,1-3m,0.6,p90,p90,p90,0.5109874733365658,9.113450599885997,1.6817351067707906,1.041663416329646,1.0212911273888794,"<image>These are frames of a video.
Measuring from the closest point of each object, what is the direct distance between the bed and the plant (in meters)?
Please answer the question using a single word or phrase.",0.02412892584523573,0.0,2.375871074154764,0.20727741989264356,0.0,2.192722580107356,0.2838820831248645,0.0,2.1161179168751354,0.6768922027412223,0.0,1.7231077972587776,1.0212911273888794,0.0,1.3787088726111205,1.7185556190708684,0.5,0.6814443809291315,1.889012526663434,0.6,0.5109874733365658
2014,3.0,>=3m,0.0,min|p05|p10|p25|median|p75|p90,p90,p90,1.6328102684462005,3.106300574934344,0.9270553341982903,0.782978637785967,0.8977405961339577,"<image>These are frames of a video.
Measuring from the closest point of each object, what is the direct distance between the washer and the sofa (in meters)?
Please answer the question using a single word or phrase.",0.35356352944206915,0.0,2.646436470557931,0.44013439735550924,0.0,2.5598656026444906,0.4668858161243394,0.0,2.533114183875661,0.5220151010739414,0.0,2.4779848989260587,0.8977405961339577,0.0,2.102259403866042,1.3049937388599084,0.0,1.6950062611400916,1.3671897315537995,0.0,1.6328102684462005
2015,1.0,1-3m,1.0,p75,p75,p75,0.0399144421031159,2.026676135846343,0.5398970701897647,0.3578939351734274,0.7183326801251992,"<image>These are frames of a video.
Measuring from the closest point of each object, what is the direct distance between the microwave and the table (in meters)?
Please answer the question using a single word or phrase.",0.35479427268861197,0.0,0.645205727311388,0.5258689194569612,0.1,0.47413108054303876,0.5467735688535026,0.1,0.4532264311464974,0.6021916227234567,0.3,0.3978083772765433,0.7183326801251992,0.5,0.28166731987480076,0.9600855578968841,1.0,0.0399144421031159,1.065765989646726,0.9,0.06576598964672598
2016,2.9,1-3m,0.0,min|p05|p10|p25|median|p75|p90,p90,p90,1.699398530625055,5.639304409555869,0.9877026112568211,0.1281899374075579,1.096886499569396,"<image>These are frames of a video.
Measuring from the closest point of each object, what is the direct distance between the guitar and the refrigerator (in meters)?
Please answer the question using a single word or phrase.",0.04171122953693425,0.0,2.8582887704630657,0.2128988581181238,0.0,2.687101141881876,0.2795718834185536,0.0,2.6204281165814463,1.0263833818172179,0.0,1.873616618182782,1.096886499569396,0.0,1.8031135004306038,1.1545733192247758,0.0,1.7454266807752241,1.200601469374945,0.0,1.699398530625055
2017,3.0,>=3m,0.9,p90,p90,p90,0.17593897771426326,1.625868340159231,1.087105481341284,0.6068347810041852,2.268277972140445,"<image>These are frames of a video.
Measuring from the closest point of each object, what is the direct distance between the sofa and the bed (in meters)?
Please answer the question using a single word or phrase.",1.4828152681174636,0.0,1.5171847318825364,1.7369555409444528,0.2,1.2630444590555472,1.8041364114163498,0.3,1.1958635885836502,1.9542753438144478,0.4,1.0457246561855522,2.268277972140445,0.6,0.7317220278595551,2.561110124818633,0.8,0.438889875181367,2.8240610222857367,0.9,0.17593897771426326
2018,5.1,>=3m,0.0,min|p05|p10|p25|median|p75|p90,p90,p90,3.1866410440391384,7.603496858707037,1.6617169823379214,1.0163976878902787,0.9025169815619589,"<image>These are frames of a video.
Measuring from the closest point of each object, what is the direct distance between the mirror and the tv (in meters)?
Please answer the question using a single word or phrase.",0.16068242911773165,0.0,4.939317570882268,0.2516419736229397,0.0,4.84835802637706,0.29712260384504696,0.0,4.802877396154953,0.49975508574265753,0.0,4.600244914257342,0.9025169815619589,0.0,4.1974830184380405,1.5161527736329363,0.0,3.5838472263670633,1.9133589559608613,0.0,3.1866410440391384
2019,4.9,>=3m,0.0,min|p05|p10|p25|median|p75|p90,p90,p90,2.696157293253483,1.4688436219326684,0.7034496942849489,0.5522444352593614,1.6892901404956064,"<image>These are frames of a video.
Measuring from the closest point of each object, what is the direct distance between the toilet and the tv (in meters)?
Please answer the question using a single word or phrase.",1.4020877575735757,0.0,3.4979122424264246,1.5003930124615683,0.0,3.399606987538432,1.5332448811190895,0.0,3.366755118880911,1.600099595325441,0.0,3.2999004046745593,1.6892901404956064,0.0,3.210709859504394,2.1523440305848025,0.0,2.747655969415198,2.203842706746517,0.0,2.696157293253483
2020,0.4,<1m,1.0,p10,p10,p10,0.009572966367581204,1.8067023707989707,0.28806179587415176,0.13992327553086092,0.5274766095060179,"<image>These are frames of a video.
Measuring from the closest point of each object, what is the direct distance between the chair and the trash can (in meters)?
Please answer the question using a single word or phrase.",0.20013580043475554,0.1,0.19986419956524448,0.3570855947638419,0.8,0.04291440523615814,0.3904270336324188,1.0,0.009572966367581204,0.45388990859158806,0.8,0.05388990859158804,0.5274766095060179,0.4,0.1274766095060179,0.593813184122449,0.1,0.19381318412244897,0.6451473906379936,0.0,0.24514739063799362
2021,4.6,>=3m,0.3,p90,p90,p90,1.7725827416957252,11.366315843207216,2.5786631943395637,1.0412617742581205,0.9609343493611601,"<image>These are frames of a video.
Measuring from the closest point of each object, what is the direct distance between the table and the stove (in meters)?
Please answer the question using a single word or phrase.",0.011195789294194425,0.0,4.588804210705805,0.2487540639647109,0.0,4.351245936035289,0.31771802160664475,0.0,4.282281978393355,0.5154536423286527,0.0,4.084546357671347,0.9609343493611601,0.0,3.6390656506388397,1.5567154165867731,0.0,3.0432845834132265,2.8274172583042745,0.3,1.7725827416957252
2022,2.8,1-3m,0.3,p90,p90,p90,1.0826689196913921,8.440785439989032,1.5138747677985673,0.6234156190257218,1.1891196025723936,"<image>These are frames of a video.
Measuring from the closest point of each object, what is the direct distance between the pillow and the bookshelf (in meters)?
Please answer the question using a single word or phrase.",0.0,0.0,2.8,0.20345631251004045,0.0,2.5965436874899592,0.3603443396298931,0.0,2.4396556603701067,0.9782334019319392,0.0,1.8217665980680606,1.1891196025723936,0.0,1.6108803974276062,1.601649020957661,0.2,1.1983509790423388,1.7173310803086077,0.3,1.0826689196913921
2023,1.3,1-3m,0.9,median,median,median,0.06725189708142953,2.1754207612986507,0.8973867759555716,0.5167164546983725,1.2327481029185705,"<image>These are frames of a video.
Measuring from the closest point of each object, what is the direct distance between the microwave and the sofa (in meters)?
Please answer the question using a single word or phrase.",0.5979115803107472,0.0,0.7020884196892528,0.7634600353358603,0.2,0.5365399646641398,0.8122212584337152,0.3,0.48777874156628487,1.013994797075711,0.6,0.286005202924289,1.2327481029185705,0.9,0.06725189708142953,1.5307112517740835,0.7,0.23071125177408347,1.6608468112914319,0.5,0.3608468112914318
2024,2.1,1-3m,0.5,p90,p90,p90,0.5369278165555376,3.4669058359171925,1.1122170816845551,0.8223709728949786,1.301351691768927,"<image>These are frames of a video.
Measuring from the closest point of each object, what is the direct distance between the plant and the nightstand (in meters)?
Please answer the question using a single word or phrase.",0.127428120688097,0.0,1.9725718793119031,0.45085510175990734,0.0,1.6491448982400927,0.5133517501068494,0.0,1.5866482498931507,0.6091307691326264,0.0,1.4908692308673737,1.301351691768927,0.3,0.7986483082310731,1.431501742027605,0.4,0.668498257972395,1.5630721834444625,0.5,0.5369278165555376
2025,2.0,1-3m,0.7,p90,p90,p90,0.3643036605966443,17.92102041664176,1.5444238392122158,0.9075969935665029,0.5277592718095607,"<image>These are frames of a video.
Measuring from the closest point of each object, what is the direct distance between the shoe rack and the basket (in meters)?
Please answer the question using a single word or phrase.",0.0,0.0,2.0,0.09127250019113982,0.0,1.9087274998088601,0.15016832396667418,0.0,1.8498316760333258,0.3205486964130478,0.0,1.6794513035869523,0.5277592718095607,0.0,1.4722407281904393,1.2281456899795506,0.3,0.7718543100204494,1.6356963394033557,0.7,0.3643036605966443
2026,2.7,1-3m,0.0,min|p05|p10|p25|median|p75|p90,p90,p90,1.4033507561992333,4.710104810368446,1.0213582904133969,0.5306508275909956,0.9545095329414949,"<image>These are frames of a video.
Measuring from the closest point of each object, what is the direct distance between the nightstand and the door (in meters)?
Please answer the question using a single word or phrase.",0.0010313684005914868,0.0,2.6989686315994086,0.2752909533873699,0.0,2.42470904661263,0.4152812910266124,0.0,2.284718708973388,0.6788197465093002,0.0,2.0211802534906997,0.9545095329414949,0.0,1.7454904670585054,1.2094705741002958,0.0,1.4905294258997044,1.2966492438007668,0.0,1.4033507561992333
2027,2.9,1-3m,0.2,median|p75|p90,p90,p90,1.1730938955974568,1.2541450021516378,0.34994721891495884,0.1222529742757772,1.6052451352079928,"<image>These are frames of a video.
Measuring from the closest point of each object, what is the direct distance between the heater and the door (in meters)?
Please answer the question using a single word or phrase.",1.1536273867321754,0.0,1.7463726132678246,1.3769588854875843,0.0,1.5230411145124156,1.442592586565737,0.0,1.457407413434263,1.5433294457586937,0.1,1.3566705542413062,1.6052451352079928,0.2,1.294754864792007,1.6655824200344709,0.2,1.234417579965529,1.726906104402543,0.2,1.1730938955974568
2028,4.0,>=3m,0.1,p90,p90,p90,1.897881563767076,33.69582360034192,2.0397333032512925,1.1704017764429269,0.8083145801923461,"<image>These are frames of a video.
Measuring from the closest point of each object, what is the direct distance between the keyboard and the counter (in meters)?
Please answer the question using a single word or phrase.",0.0,0.0,4.0,0.06238513298163139,0.0,3.9376148670183686,0.09671728083438473,0.0,3.9032827191656154,0.23874317168604625,0.0,3.761256828313954,0.8083145801923461,0.0,3.191685419807654,1.409144948128973,0.0,2.590855051871027,2.102118436232924,0.1,1.897881563767076
2029,2.3,1-3m,0.7,p90,p90,p90,0.44303995379206085,2.5186506711280696,1.119676361934156,0.31871482175477217,1.3645036984779415,"<image>These are frames of a video.
Measuring from the closest point of each object, what is the direct distance between the computer mouse and the door (in meters)?
Please answer the question using a single word or phrase.",0.6110942888742914,0.0,1.6889057111257084,0.7372836842737829,0.0,1.562716315726217,0.8529352533259413,0.0,1.4470647466740585,1.1663392348122281,0.1,1.1336607651877717,1.3645036984779415,0.2,0.9354963015220583,1.4850540565670003,0.3,0.8149459434329995,1.856960046207939,0.7,0.44303995379206085
2030,1.7,1-3m,0.2,p90,p90,p90,0.6948829829085361,2.0395235563286307,0.5122974985462668,0.13746654727818963,0.7352739727614916,"<image>These are frames of a video.
Measuring from the closest point of each object, what is the direct distance between the toilet and the tv (in meters)?
Please answer the question using a single word or phrase.",0.42484731026734085,0.0,1.275152689732659,0.492819518545197,0.0,1.2071804814548028,0.5197396333329046,0.0,1.1802603666670954,0.6451505459006099,0.0,1.05484945409939,0.7352739727614916,0.0,0.9647260272385083,0.7826170931787996,0.0,0.9173829068212004,1.0051170170914638,0.2,0.6948829829085361
2031,2.0,1-3m,0.5,p90,p90,p90,0.5794976097196161,6.61367787830528,1.2057198719270135,0.39255172110986414,1.071647114505076,"<image>These are frames of a video.
Measuring from the closest point of each object, what is the direct distance between the refrigerator and the dishwasher (in meters)?
Please answer the question using a single word or phrase.",0.004532838621506444,0.0,1.9954671613784936,0.21478251835337045,0.0,1.7852174816466295,0.3493802142559617,0.0,1.6506197857440383,0.8726689324341674,0.0,1.1273310675658326,1.071647114505076,0.1,0.9283528854949239,1.2652206535440316,0.3,0.7347793464559684,1.420502390280384,0.5,0.5794976097196161
2032,2.8,1-3m,0.0,min|p05|p10|p25|median|p75|p90,p90,p90,1.4676649989304904,5.814203357612137,1.103183229257955,0.750304931579897,0.7425296127901726,"<image>These are frames of a video.
Measuring from the closest point of each object, what is the direct distance between the computer mouse and the door (in meters)?
Please answer the question using a single word or phrase.",0.04961920290265334,0.0,2.7503807970973466,0.2291517718115543,0.0,2.5708482281884457,0.2707966807717107,0.0,2.529203319228289,0.38332128601209325,0.0,2.4166787139879067,0.7425296127901726,0.0,2.0574703872098272,1.1336262175919902,0.0,1.6663737824080096,1.3323350010695094,0.0,1.4676649989304904
2034,1.1,1-3m,0.1,median|p75,median,median,0.5036045381455398,3.9791616738610416,1.256547152568385,1.1806199835750295,1.60360453814554,"<image>These are frames of a video.
Measuring from the closest point of each object, what is the direct distance between the headphones and the power strip (in meters)?
Please answer the question using a single word or phrase.",0.3716710950610112,0.0,0.7283289049389889,0.4217787720596847,0.0,0.6782212279403154,0.4356440947162255,0.0,0.6643559052837746,0.4678636687872134,0.0,0.6321363312127867,1.60360453814554,0.1,0.5036045381455398,1.6484836523622428,0.1,0.5484836523622427,1.6783259246280697,0.0,0.5783259246280696
2035,0.9,<1m,1.0,p75,p75,p75,0.028823943387096485,1.567140002615877,0.35991428201165443,0.19675052400450066,0.8334158033779605,"<image>These are frames of a video.
Measuring from the closest point of each object, what is the direct distance between the heater and the whiteboard (in meters)?
Please answer the question using a single word or phrase.",0.5035644218514511,0.2,0.3964355781485489,0.6346127593743792,0.5,0.2653872406256208,0.667227613344324,0.5,0.232772386655676,0.7320734193825958,0.7,0.16792658061740418,0.8334158033779605,0.9,0.06658419662203952,0.9288239433870965,1.0,0.028823943387096485,0.9945270413860337,0.8,0.09452704138603363
2036,3.1,>=3m,0.3,p90,p90,p90,1.2141128029037649,7.530229080730261,1.6354449891795875,1.2202375385414965,1.5147206667504438,"<image>These are frames of a video.
Measuring from the closest point of each object, what is the direct distance between the nightstand and the tv (in meters)?
Please answer the question using a single word or phrase.",0.08031141095646188,0.0,3.0196885890435383,0.25044220791664773,0.0,2.8495577920833526,0.31566028680983543,0.0,2.784339713190165,0.44975389424567486,0.0,2.6502461057543254,1.5147206667504438,0.0,1.5852793332495563,1.6699914327871714,0.1,1.4300085672128287,1.8858871970962352,0.3,1.2141128029037649
2038,1.0,1-3m,0.6,p25|median,p25,p25,0.20791819318480687,2.8622044649354135,1.0592181399370328,0.6834014032876283,1.2461740496819802,"<image>These are frames of a video.
Measuring from the closest point of each object, what is the direct distance between the bookshelf and the sofa (in meters)?
Please answer the question using a single word or phrase.",0.34571328049269023,0.0,0.6542867195073098,0.5687979810389776,0.2,0.4312020189610224,0.6335768127236964,0.3,0.36642318727630363,0.7920818068151931,0.6,0.20791819318480687,1.2461740496819802,0.6,0.2461740496819802,1.4754832101028215,0.1,0.47548321010282146,1.6280161209760105,0.0,0.6280161209760105
2039,2.1,1-3m,0.9,p90,p90,p90,0.20282753244869278,9.082384406430494,1.6882876216062188,0.13283265701011882,0.993011253203941,"<image>These are frames of a video.
Measuring from the closest point of each object, what is the direct distance between the telephone and the radiator (in meters)?
Please answer the question using a single word or phrase.",0.13789148576644983,0.0,1.9621085142335501,0.20888484594508844,0.0,1.8911151540549116,0.33233566210953114,0.0,1.7676643378904688,0.9161353393036831,0.0,1.183864660696317,0.993011253203941,0.0,1.106988746796059,1.0489679963138019,0.0,1.0510320036861982,1.8971724675513073,0.9,0.20282753244869278
2040,5.4,>=3m,0.0,min|p05|p10|p25|median|p75|p90,p90,p90,3.354779651901595,4.429656925510748,1.5835095694780976,1.491111526132657,0.5883526004454889,"<image>These are frames of a video.
Measuring from the closest point of each object, what is the direct distance between the trash can and the keyboard (in meters)?
Please answer the question using a single word or phrase.",0.34213210463172533,0.0,5.057867895368275,0.4617107786203076,0.0,4.9382892213796925,0.48450481248910804,0.0,4.915495187510892,0.5251218482513811,0.0,4.87487815174862,0.5883526004454889,0.0,4.811647399554511,2.016233374384038,0.0,3.383766625615962,2.0452203480984052,0.0,3.354779651901595
2041,4.4,>=3m,0.0,min|p05|p10|p25|median|p75|p90,p90,p90,2.8510582741101396,3.2129577534808766,1.0668495713286135,0.7499564754996628,1.2740831734767373,"<image>These are frames of a video.
Measuring from the closest point of each object, what is the direct distance between the ceiling light and the door (in meters)?
Please answer the question using a single word or phrase.",0.2349115560891703,0.0,4.16508844391083,0.4820921545612473,0.0,3.9179078454387533,0.5549706070985058,0.0,3.8450293929014947,0.6961759124491158,0.0,3.7038240875508848,1.2740831734767373,0.0,3.1259168265232633,1.4461323879487786,0.0,2.953867612051222,1.5489417258898608,0.0,2.8510582741101396
2042,3.1,>=3m,0.0,min|p05|p10|p25|median|p75|p90,p90,p90,1.7270464964752954,15.714939414020433,1.2855873694688653,0.9397187138455076,0.8425838601514282,"<image>These are frames of a video.
Measuring from the closest point of each object, what is the direct distance between the table lamp and the cup (in meters)?
Please answer the question using a single word or phrase.",0.0,0.0,3.1,0.08736613405583948,0.0,3.0126338659441605,0.1099531410637861,0.0,2.990046858936214,0.20573114903267647,0.0,2.8942688509673236,0.8425838601514282,0.0,2.257416139848572,1.1454498628781842,0.0,1.954550137121816,1.3729535035247047,0.0,1.7270464964752954
2043,0.5,<1m,0.9,p25,p25,p25,0.031206012706528008,4.554299391280342,1.2107571814318394,0.5554272155477321,0.7304284298464662,"<image>These are frames of a video.
Measuring from the closest point of each object, what is the direct distance between the shoes and the door (in meters)?
Please answer the question using a single word or phrase.",0.12794317574113467,0.0,0.3720568242588653,0.3406458061473815,0.4,0.1593541938526185,0.3964205003293546,0.6,0.10357949967064539,0.531206012706528,0.9,0.031206012706528008,0.7304284298464662,0.1,0.23042842984646617,1.0866332282542601,0.0,0.5866332282542601,1.5514029875792208,0.0,1.0514029875792208
2044,2.6,1-3m,0.8,p90,p90,p90,0.35860346778427044,2.882742375959806,1.4638742149571646,0.5198314760903839,1.2709615720798948,"<image>These are frames of a video.
Measuring from the closest point of each object, what is the direct distance between the stool and the bed (in meters)?
Please answer the question using a single word or phrase.",0.5662471372290305,0.0,2.0337528627709696,0.777522317258565,0.0,1.822477682741435,0.8485762764641579,0.0,1.7514237235358423,1.0398022645770844,0.0,1.5601977354229157,1.2709615720798948,0.0,1.3290384279201053,1.5596337406674683,0.2,1.0403662593325318,2.2413965322157297,0.8,0.35860346778427044
2045,4.9,>=3m,0.0,min|p05|p10|p25|median|p75|p90,p90,p90,2.9569261052174993,5.8070422068361705,1.6084674246426638,0.9663392623866964,0.8342087601211265,"<image>These are frames of a video.
Measuring from the closest point of each object, what is the direct distance between the tv and the counter (in meters)?
Please answer the question using a single word or phrase.",0.0067262396942304944,0.0,4.89327376030577,0.33460647013983713,0.0,4.565393529860163,0.40246337365013835,0.0,4.497536626349862,0.5271169122242414,0.0,4.372883087775759,0.8342087601211265,0.0,4.065791239878874,1.4934561746109378,0.0,3.4065438253890625,1.943073894782501,0.0,2.9569261052174993
2046,1.9,1-3m,0.7,p90,p90,p90,0.33225086282807514,3.1923101156889824,1.0766473706276791,0.49258570306448923,1.3012596145198505,"<image>These are frames of a video.
Measuring from the closest point of each object, what is the direct distance between the radiator and the bed (in meters)?
Please answer the question using a single word or phrase.",0.04723198417025199,0.0,1.852768015829748,0.49110176654424575,0.0,1.408898233455754,0.5725608199502348,0.0,1.3274391800497651,0.9428222878154692,0.0,0.9571777121845307,1.3012596145198505,0.4,0.5987403854801494,1.4354079908799584,0.6,0.4645920091200415,1.5677491371719248,0.7,0.33225086282807514
2047,2.0,1-3m,0.6,p90,p90,p90,0.42218408933522,8.9780782457519,1.4020749706243716,0.8969436106082402,0.765286678237761,"<image>These are frames of a video.
Measuring from the closest point of each object, what is the direct distance between the bookshelf and the bed (in meters)?
Please answer the question using a single word or phrase.",0.003971484603535213,0.0,1.9960285153964648,0.1757409400404084,0.0,1.8242590599595916,0.24199538923448818,0.0,1.7580046107655118,0.4095285336047058,0.0,1.5904714663952941,0.765286678237761,0.0,1.234713321762239,1.306472144212946,0.4,0.6935278557870539,1.57781591066478,0.6,0.42218408933522
2048,2.0,1-3m,0.3,p90,p90,p90,0.7179896018830103,4.318593860985998,0.985152105954205,0.6537189319550544,0.5807256781496863,"<image>These are frames of a video.
Measuring from the closest point of each object, what is the direct distance between the pillow and the desk (in meters)?
Please answer the question using a single word or phrase.",0.14752854317587707,0.0,1.852471456824123,0.2968582921627847,0.0,1.7031417078372153,0.3443683047983481,0.0,1.6556316952016519,0.44004171055279706,0.0,1.559958289447203,0.5807256781496863,0.0,1.4192743218503137,1.0937606425078514,0.1,0.9062393574921486,1.2820103981169897,0.3,0.7179896018830103
2049,0.5,<1m,1.0,p75,p75,p75,0.0001642029012965951,5.395591018294312,0.515217437607932,0.16228844961054162,0.4270400645076795,"<image>These are frames of a video.
Measuring from the closest point of each object, what is the direct distance between the telephone and the keyboard (in meters)?
Please answer the question using a single word or phrase.",0.003293878655482953,0.0,0.496706121344517,0.11721232377252869,0.0,0.38278767622747134,0.20177558474367518,0.0,0.2982244152563248,0.3375473474881618,0.4,0.1624526525118382,0.4270400645076795,0.8,0.0729599354923205,0.4998357970987034,1.0,0.0001642029012965951,0.6324297613804607,0.5,0.1324297613804607
2050,3.4,>=3m,0.4,p90,p90,p90,1.0919961118092134,3.0186534220683208,1.5434232737625861,0.6653753576831598,1.4046783869773893,"<image>These are frames of a video.
Measuring from the closest point of each object, what is the direct distance between the mirror and the window (in meters)?
Please answer the question using a single word or phrase.",0.4654657522620324,0.0,2.9345342477379677,0.7645806144282005,0.0,2.6354193855717996,0.8473609504941424,0.0,2.5526390495058573,1.0927614426487924,0.0,2.3072385573512078,1.4046783869773893,0.0,1.9953216130226106,1.7581368003319522,0.1,1.6418631996680477,2.3080038881907865,0.4,1.0919961118092134
2051,1.2,1-3m,1.0,p90,p90,p90,0.0589034450556869,3.129616068264861,0.7764842414674826,0.5339275203960936,0.5731007524921378,"<image>These are frames of a video.
Measuring from the closest point of each object, what is the direct distance between the refrigerator and the whiteboard (in meters)?
Please answer the question using a single word or phrase.",0.16807724422709477,0.0,1.0319227557729052,0.36461231347683043,0.0,0.8353876865231695,0.40682042672493196,0.0,0.7931795732750679,0.471841057676357,0.0,0.728158942323643,0.5731007524921378,0.0,0.6268992475078622,1.0057685780724506,0.7,0.19423142192754939,1.141096554944313,1.0,0.0589034450556869
2052,1.6,1-3m,0.2,p90,p90,p90,0.7126532877766545,1.1781520853718728,0.1341784895118755,0.06589819425856558,0.8262767211761752,"<image>These are frames of a video.
Measuring from the closest point of each object, what is the direct distance between the tv and the shoes (in meters)?
Please answer the question using a single word or phrase.",0.7109830538419677,0.0,0.8890169461580324,0.7531682227114701,0.0,0.84683177728853,0.7670111563029516,0.0,0.8329888436970485,0.7931257423888873,0.0,0.8068742576111128,0.8262767211761752,0.1,0.7737232788238249,0.8590239366474529,0.1,0.7409760633525472,0.8873467122233456,0.2,0.7126532877766545
2053,2.8,1-3m,0.5,p90,p90,p90,0.7111048039353762,10.32954980164637,1.8866700036625612,0.9068977239508422,0.7702420177110483,"<image>These are frames of a video.
Measuring from the closest point of each object, what is the direct distance between the closet and the pillow (in meters)?
Please answer the question using a single word or phrase.",0.0011519344968458527,0.0,2.798848065503154,0.20222519240206246,0.0,2.597774807597937,0.29217542402580454,0.0,2.5078245759741953,0.5519036080350521,0.0,2.248096391964948,0.7702420177110483,0.0,2.0297579822889515,1.4588013319858943,0.1,1.3411986680141055,2.0888951960646236,0.5,0.7111048039353762
2054,1.7,1-3m,0.7,p90,p90,p90,0.32293885303407444,3.889358489816889,1.0230024633626156,0.601639784311648,0.9834157635885418,"<image>These are frames of a video.
Measuring from the closest point of each object, what is the direct distance between the trash can and the bed (in meters)?
Please answer the question using a single word or phrase.",0.11242237599066013,0.0,1.5875776240093398,0.35405868360331,0.0,1.34594131639669,0.3980650542100353,0.0,1.3019349457899647,0.506908087778792,0.0,1.1930919122212078,0.9834157635885418,0.2,0.7165842364114582,1.10854787209044,0.4,0.5914521279095599,1.3770611469659255,0.7,0.32293885303407444
2055,1.5,1-3m,0.6,p90,p90,p90,0.3562114396057021,4.131019504848639,0.8669105260369641,0.3713949564533189,0.8673233619645287,"<image>These are frames of a video.
Measuring from the closest point of each object, what is the direct distance between the bowl and the bed (in meters)?
Please answer the question using a single word or phrase.",0.1351322797876436,0.0,1.3648677202123565,0.2768780343573339,0.0,1.2231219656426662,0.3643703184740713,0.0,1.1356296815259288,0.6609178011647375,0.0,0.8390821988352625,0.8673233619645287,0.2,0.6326766380354713,1.0323127576180564,0.4,0.4676872423819436,1.1437885603942979,0.6,0.3562114396057021
2056,6.6,>=3m,0.0,min|p05|p10|p25|median|p75|p90,p90,p90,4.673775938091456,11.876502731179613,1.7640362440375819,1.0580070137005695,0.829576769574315,"<image>These are frames of a video.
Measuring from the closest point of each object, what is the direct distance between the stove and the fireplace (in meters)?
Please answer the question using a single word or phrase.",0.0908491255901258,0.0,6.509150874409874,0.16218781787096218,0.0,6.437812182129037,0.1938710366300801,0.0,6.40612896336992,0.49717558292826913,0.0,6.10282441707173,0.829576769574315,0.0,5.770423230425685,1.5551825966288386,0.0,5.044817403371161,1.926224061908544,0.0,4.673775938091456
2057,4.4,>=3m,0.0,min|p05|p10|p25|median|p75|p90,p90,p90,3.4406170862058056,13.578121873446273,0.888726388338315,0.6725577905730609,0.36597354330124127,"<image>These are frames of a video.
Measuring from the closest point of each object, what is the direct distance between the clock and the refrigerator (in meters)?
Please answer the question using a single word or phrase.",0.0015678631399047714,0.0,4.398432136860095,0.07065652545587979,0.0,4.32934347454412,0.10111149021691627,0.0,4.298888509783084,0.13742499071152847,0.0,4.262575009288472,0.36597354330124127,0.0,4.034026456698759,0.8099827812845893,0.0,3.590017218715411,0.9593829137941947,0.0,3.4406170862058056
2058,1.0,1-3m,0.5,p90,p90,p90,0.28650533542175927,2.9391604766159234,0.4707400854204056,0.2438466274362472,0.5757750920573967,"<image>These are frames of a video.
Measuring from the closest point of each object, what is the direct distance between the table and the bed (in meters)?
Please answer the question using a single word or phrase.",0.1514362409740601,0.0,0.8485637590259398,0.2427545791578352,0.0,0.7572454208421648,0.302669908862608,0.0,0.6973300911373921,0.405941359999753,0.0,0.594058640000247,0.5757750920573967,0.2,0.42422490794260326,0.6497879874360002,0.3,0.3502120125639998,0.7134946645782407,0.5,0.28650533542175927
2059,0.8,<1m,1.0,median,median,median,0.03383414520693795,2.0658963959885703,0.4861145345190319,0.2466827405160168,0.7661658547930621,"<image>These are frames of a video.
Measuring from the closest point of each object, what is the direct distance between the washer and the bathtub (in meters)?
Please answer the question using a single word or phrase.",0.18371245764881716,0.0,0.6162875423511829,0.4560617113900483,0.2,0.34393828860995174,0.5087267051921908,0.3,0.2912732948078093,0.6072428819556921,0.6,0.19275711804430795,0.7661658547930621,1.0,0.03383414520693795,0.8539256224717089,0.9,0.053925622471708845,0.9421762459090802,0.7,0.14217624590908018
2060,3.0,>=3m,0.3,p90,p90,p90,1.1844112804972626,5.036108304065329,1.455074487106836,0.6453743580540745,1.0796261566554648,"<image>These are frames of a video.
Measuring from the closest point of each object, what is the direct distance between the whiteboard and the door (in meters)?
Please answer the question using a single word or phrase.",0.07431567818857461,0.0,2.9256843218114255,0.36051423239590147,0.0,2.6394857676040986,0.48660495913115515,0.0,2.513395040868845,0.9210557938193356,0.0,2.0789442061806644,1.0796261566554648,0.0,1.9203738433445352,1.56643015187341,0.1,1.43356984812659,1.8155887195027374,0.3,1.1844112804972626
2061,0.4,<1m,0.7,p05,p05,p05,0.06509864628664114,2.6233175058785783,0.7550027744775334,0.22348595401915805,0.7286214211301014,"<image>These are frames of a video.
Measuring from the closest point of each object, what is the direct distance between the tv and the chair (in meters)?
Please answer the question using a single word or phrase.",0.2924755293144676,0.5,0.10752447068553245,0.46509864628664116,0.7,0.06509864628664114,0.5109120268622405,0.5,0.11091202686224044,0.5997871122955496,0.1,0.19978711229554957,0.7286214211301014,0.0,0.3286214211301014,0.8232730663147076,0.0,0.4232730663147076,1.2201014207641745,0.0,0.8201014207641745
2062,0.4,<1m,0.9,p10,p10,p10,0.03257754369470661,4.42361939044561,1.0827513363148749,0.5267545521516409,0.6313778768112124,"<image>These are frames of a video.
Measuring from the closest point of each object, what is the direct distance between the microwave and the counter (in meters)?
Please answer the question using a single word or phrase.",0.04768051593948813,0.0,0.3523194840605119,0.3162592604004228,0.6,0.08374073959957723,0.3674224563052934,0.9,0.03257754369470661,0.46414835842391367,0.7,0.06414835842391364,0.6313778768112124,0.0,0.23137787681121236,0.9909029105755546,0.0,0.5909029105755546,1.3990105967152977,0.0,0.9990105967152977
2063,0.4,<1m,0.9,p75|p90,p75,p75,0.02728656073456104,6.5566459761889035,0.3717298808516706,0.23401577755679873,0.31271592821603655,"<image>These are frames of a video.
Measuring from the closest point of each object, what is the direct distance between the cutting board and the kettle (in meters)?
Please answer the question using a single word or phrase.",0.001113845295708053,0.0,0.39888615470429195,0.06689824805189878,0.0,0.3331017519481012,0.0874821467814678,0.0,0.3125178532185322,0.13869766170864026,0.0,0.26130233829135974,0.31271592821603655,0.6,0.08728407178396347,0.372713439265439,0.9,0.02728656073456104,0.43862812890356934,0.9,0.038628128903569314
2064,1.3,1-3m,0.2,p90,p90,p90,0.5382375053874612,2.270815479960289,0.42630481373313067,0.2901813538407596,0.6053064784249947,"<image>These are frames of a video.
Measuring from the closest point of each object, what is the direct distance between the stool and the washer (in meters)?
Please answer the question using a single word or phrase.",0.24768011255100528,0.0,1.0523198874489947,0.3354576808794082,0.0,0.9645423191205919,0.3585137504295473,0.0,0.9414862495704528,0.41319315353187225,0.0,0.8868068464681278,0.6053064784249947,0.0,0.6946935215750053,0.7033745073726319,0.1,0.5966254926273682,0.7617624946125389,0.2,0.5382375053874612
2065,1.2,1-3m,0.9,p75,p75,p75,0.0989939731100824,2.2511957359067485,0.7815667340743785,0.47830971861693794,1.0653789878016693,"<image>These are frames of a video.
Measuring from the closest point of each object, what is the direct distance between the door and the bed (in meters)?
Please answer the question using a single word or phrase.",0.3259830960961378,0.0,0.8740169039038621,0.6246558485175565,0.1,0.5753441514824434,0.6853703678437031,0.2,0.5146296321562969,0.8206842544931444,0.4,0.37931574550685554,1.0653789878016693,0.8,0.13462101219833067,1.2989939731100824,0.9,0.0989939731100824,1.406222582591935,0.7,0.20622258259193504
2066,4.8,>=3m,0.0,min|p05|p10|p25|median|p75|p90,p90,p90,2.9708235052067353,4.886087167517288,1.4548122167767708,0.8076039205806953,0.5978981912363472,"<image>These are frames of a video.
Measuring from the closest point of each object, what is the direct distance between the radiator and the door (in meters)?
Please answer the question using a single word or phrase.",0.23090781023721663,0.0,4.569092189762783,0.37436427801649375,0.0,4.425635721983506,0.43574337111590916,0.0,4.364256628884091,0.4989476467558958,0.0,4.301052353244104,0.5978981912363472,0.0,4.202101808763652,1.306551567336591,0.0,3.493448432663409,1.8291764947932645,0.0,2.9708235052067353
2067,2.4,1-3m,0.4,p90,p90,p90,0.8168127541521524,3.229451012891376,1.0929530730649026,0.2812385796536573,0.781595798336587,"<image>These are frames of a video.
Measuring from the closest point of each object, what is the direct distance between the ceiling light and the suitcase (in meters)?
Please answer the question using a single word or phrase.",0.12341650810060677,0.0,2.2765834918993932,0.490234172782945,0.0,1.909765827217055,0.592450097720264,0.0,1.8075499022797359,0.6595270828593428,0.0,1.7404729171406572,0.781595798336587,0.0,1.618404201663413,0.9407656625130001,0.0,1.4592343374869998,1.5831872458478475,0.4,0.8168127541521524
2068,1.9,1-3m,0.5,p90,p90,p90,0.5376093288648169,4.129931165930877,1.0325084972205232,0.6697273229599091,0.7982070925253704,"<image>These are frames of a video.
Measuring from the closest point of each object, what is the direct distance between the microwave and the cutting board (in meters)?
Please answer the question using a single word or phrase.",0.12439775230693496,0.0,1.7756022476930649,0.32988217391465974,0.0,1.5701178260853401,0.3898470587791775,0.0,1.5101529412208223,0.5212379498272427,0.0,1.378762050172757,0.7982070925253704,0.0,1.1017929074746295,1.1909652727871518,0.3,0.7090347272128481,1.362390671135183,0.5,0.5376093288648169
2069,0.9,<1m,1.0,p75,p75,p75,0.03445829976319237,3.092513749035324,0.7569227099426644,0.317989609108991,0.8208430662603257,"<image>These are frames of a video.
Measuring from the closest point of each object, what is the direct distance between the door and the file folder (in meters)?
Please answer the question using a single word or phrase.",0.04931025170540387,0.0,0.8506897482945962,0.36172890634129196,0.0,0.5382710936587081,0.44483734396811886,0.0,0.45516265603188116,0.6164686906542014,0.4,0.2835313093457986,0.8208430662603257,0.9,0.07915693373967436,0.9344582997631924,1.0,0.03445829976319237,1.1186516162839564,0.6,0.21865161628395635
2070,2.9,1-3m,0.0,min|p05|p10|p25|median|p75|p90,p90,p90,1.4912249537934776,6.77201175678353,1.200746014834072,0.9252581613973923,0.4877234726938676,"<image>These are frames of a video.
Measuring from the closest point of each object, what is the direct distance between the chair and the table (in meters)?
Please answer the question using a single word or phrase.",0.1417457832944389,0.0,2.758254216705561,0.20802903137245016,0.0,2.6919709686275497,0.24189138655226275,0.0,2.658108613447737,0.2991030501806274,0.0,2.6008969498193726,0.4877234726938676,0.0,2.4122765273061324,1.2243612115780196,0.0,1.6756387884219803,1.4087750462065223,0.0,1.4912249537934776
2071,2.1,1-3m,0.5,p90,p90,p90,0.5323859727649234,1.2640896933958519,0.3275010546944679,0.16726714767075368,1.3472837032234004,"<image>These are frames of a video.
Measuring from the closest point of each object, what is the direct distance between the window and the bed (in meters)?
Please answer the question using a single word or phrase.",1.1680832841338797,0.2,0.9319167158661203,1.2401129725406088,0.2,0.8598870274593913,1.2560674254404698,0.2,0.8439325745595303,1.294169282372218,0.3,0.8058307176277821,1.3472837032234004,0.3,0.7527162967765997,1.4614364300429716,0.4,0.6385635699570285,1.5676140272350767,0.5,0.5323859727649234
2072,1.9,1-3m,0.2,p90,p90,p90,0.8146466561739154,1.3248511013579625,0.2661266830235193,0.1083776579753789,0.9757557682474037,"<image>These are frames of a video.
Measuring from the closest point of each object, what is the direct distance between the ceiling light and the bed (in meters)?
Please answer the question using a single word or phrase.",0.6942128564293653,0.0,1.2057871435706347,0.8192266608025652,0.0,1.0807733391974348,0.8588277348032245,0.0,1.0411722651967754,0.9203559645873428,0.0,0.9796440354126571,0.9757557682474037,0.1,0.9242442317525962,1.0287336225627217,0.1,0.8712663774372782,1.0853533438260845,0.2,0.8146466561739154
2073,1.4,1-3m,0.4,p90,p90,p90,0.4675073556421948,2.4065437711917217,0.5450105401382611,0.3585982108314064,0.6680258630308616,"<image>These are frames of a video.
Measuring from the closest point of each object, what is the direct distance between the stool and the bed (in meters)?
Please answer the question using a single word or phrase.",0.24577535851307422,0.0,1.1542246414869257,0.387482104219544,0.0,1.012517895780456,0.4388374127360866,0.0,0.9611625872639133,0.5056588228627784,0.0,0.8943411771372215,0.6680258630308616,0.0,0.7319741369691383,0.8642570336941848,0.3,0.5357429663058151,0.9324926443578051,0.4,0.4675073556421948
2074,1.1,1-3m,0.8,median|p75,median,median,0.12300878396234993,3.485019295588117,1.1167931679522045,0.5117196829441442,0.9769912160376502,"<image>These are frames of a video.
Measuring from the closest point of each object, what is the direct distance between the door and the table (in meters)?
Please answer the question using a single word or phrase.",0.38283366666031804,0.0,0.717166333339682,0.4494102600872959,0.0,0.6505897399127042,0.5072928174725525,0.0,0.5927071825274476,0.7219104764711581,0.4,0.37808952352884195,0.9769912160376502,0.8,0.12300878396234993,1.2336301594153023,0.8,0.1336301594153022,1.5662034280395003,0.2,0.4662034280395002
2075,0.4,<1m,0.3,p75,p75,p75,0.1483688670036759,10.149250669902356,0.6589015266023766,0.15117061519454883,0.14113094442865998,"<image>These are frames of a video.
Measuring from the closest point of each object, what is the direct distance between the printer and the computer mouse (in meters)?
Please answer the question using a single word or phrase.",0.0030464413422817208,0.0,0.3969535586577183,0.07201699356319075,0.0,0.3279830064368093,0.08177586349616633,0.0,0.3182241365038337,0.10046051780177528,0.0,0.29953948219822474,0.14113094442865998,0.0,0.25886905557134005,0.2516311329963241,0.3,0.1483688670036759,0.7309185201655674,0.0,0.33091852016556733
2076,2.4,1-3m,0.2,p90,p90,p90,1.0772397360535018,1.7950441538207371,0.5858645942043286,0.37062470377783463,1.0990639428214464,"<image>These are frames of a video.
Measuring from the closest point of each object, what is the direct distance between the blanket and the shoe rack (in meters)?
Please answer the question using a single word or phrase.",0.5840100530201706,0.0,1.8159899469798293,0.7368956697421696,0.0,1.6631043302578303,0.7698224328173234,0.0,1.6301775671826766,0.8475223473125272,0.0,1.5524776526874726,1.0990639428214464,0.0,1.3009360571785535,1.2181470510903618,0.1,1.181852948909638,1.3227602639464981,0.2,1.0772397360535018
2077,3.1,>=3m,0.0,min|p05|p10|p25|median|p75|p90,p90,p90,1.7116960247821769,5.398797853158357,1.1311533996678145,0.9702337655740072,0.9892486002450043,"<image>These are frames of a video.
Measuring from the closest point of each object, what is the direct distance between the tv and the counter (in meters)?
Please answer the question using a single word or phrase.",0.16192068101526386,0.0,2.938079318984736,0.25715057555000875,0.0,2.8428494244499913,0.28254882185825264,0.0,2.8174511781417473,0.346273058324291,0.0,2.7537269416757093,0.9892486002450043,0.0,2.110751399754996,1.3165068238982982,0.0,1.7834931761017019,1.3883039752178232,0.0,1.7116960247821769
2078,1.4,1-3m,0.6,p90,p90,p90,0.31513594122671096,1.3806859314748277,0.2991212377289304,0.14020447588183926,0.94008497062144,"<image>These are frames of a video.
Measuring from the closest point of each object, what is the direct distance between the whiteboard and the bed (in meters)?
Please answer the question using a single word or phrase.",0.6065741917672287,0.0,0.7934258082327712,0.7857428210443586,0.2,0.6142571789556414,0.8200157308516933,0.2,0.5799842691483066,0.873023341137326,0.3,0.5269766588626739,0.94008497062144,0.4,0.4599150293785599,1.0132278170191653,0.5,0.3867721829808346,1.084864058773289,0.6,0.31513594122671096
2079,2.8,1-3m,0.5,p90,p90,p90,0.7258977361380379,8.552664188346563,1.831592769956188,1.0374425370431728,1.722679343826032,"<image>These are frames of a video.
Measuring from the closest point of each object, what is the direct distance between the lamp and the desk (in meters)?
Please answer the question using a single word or phrase.",0.006906392811362627,0.0,2.793093607188637,0.24250949390577392,0.0,2.5574905060942257,0.29764338073552193,0.0,2.5023566192644777,0.900607262706788,0.0,1.8993927372932118,1.722679343826032,0.3,1.0773206561739679,1.9380497997499608,0.4,0.861950200250039,2.074102263861962,0.5,0.7258977361380379
2080,1.3,1-3m,0.3,p90,p90,p90,0.5128376569333688,4.972559196393476,0.6288610917436609,0.19409930001832298,0.5715080189788753,"<image>These are frames of a video.
Measuring from the closest point of each object, what is the direct distance between the tv and the bed (in meters)?
Please answer the question using a single word or phrase.",0.0036050979950734254,0.0,1.2963949020049266,0.15830125132297038,0.0,1.1416987486770296,0.22117731071651284,0.0,1.0788226892834871,0.4760931380040775,0.0,0.8239068619959226,0.5715080189788753,0.0,0.7284919810211248,0.6701924380224005,0.1,0.6298075619775996,0.7871623430666312,0.3,0.5128376569333688
2081,6.9,>=3m,0.0,min|p05|p10|p25|median|p75|p90,p90,p90,5.611500864060293,15.256281701737658,1.2040421783972317,0.841057810313256,0.4597257365437581,"<image>These are frames of a video.
Measuring from the closest point of each object, what is the direct distance between the telephone and the laptop (in meters)?
Please answer the question using a single word or phrase.",0.0,0.0,6.9,0.08445695754247579,0.0,6.8155430424575245,0.15133871336290713,0.0,6.748661286637093,0.2711558890881364,0.0,6.628844110911864,0.4597257365437581,0.0,6.440274263456242,1.1122136994013925,0.0,5.787786300598608,1.2884991359397076,0.0,5.611500864060293
2082,1.0,1-3m,0.8,median|p75,median,median,0.13627726207752677,13.690433970504827,1.2672404375385704,0.7784877621119939,0.8637227379224732,"<image>These are frames of a video.
Measuring from the closest point of each object, what is the direct distance between the lamp and the table (in meters)?
Please answer the question using a single word or phrase.",0.0,0.0,1.0,0.09985792767086589,0.0,0.9001420723291341,0.22516065433663934,0.0,0.7748393456633607,0.36746533211261817,0.0,0.6325346678873818,0.8637227379224732,0.8,0.13627726207752677,1.1459530942246121,0.8,0.1459530942246121,1.3670983652094364,0.3,0.3670983652094364
2083,4.0,>=3m,0.1,p75|p90,p90,p90,1.8925935664962807,2.487025694729323,1.2600462964653762,0.43289781134982874,1.9861417571221827,"<image>These are frames of a video.
Measuring from the closest point of each object, what is the direct distance between the door and the monitor (in meters)?
Please answer the question using a single word or phrase.",0.7551401406428725,0.0,3.2448598593571276,0.8473601370383429,0.0,3.152639862961657,0.8982636477656731,0.0,3.101736352234327,1.6306425961503699,0.0,2.36935740384963,1.9861417571221827,0.0,2.0138582428778173,2.0635404075001986,0.1,1.9364595924998014,2.1074064335037193,0.1,1.8925935664962807
2084,1.9,1-3m,0.6,p90,p90,p90,0.3922180773664825,5.446661188273377,1.2309550978110444,0.5858923063707161,0.9475147468724117,"<image>These are frames of a video.
Measuring from the closest point of each object, what is the direct distance between the table and the chair (in meters)?
Please answer the question using a single word or phrase.",0.014706638875872546,0.0,1.8852933611241274,0.2768268248224731,0.0,1.6231731751775267,0.4227316021616406,0.0,1.4772683978383594,0.6816026143970434,0.0,1.2183973856029566,0.9475147468724117,0.0,0.9524852531275882,1.2674949207677595,0.4,0.6325050792322404,1.5077819226335174,0.6,0.3922180773664825
2085,2.9,1-3m,0.0,min|p05|p10|p25|median|p75|p90,p90,p90,1.7666876048434828,4.069611665412858,0.8548306901849093,0.4642345060549541,0.6738314141453291,"<image>These are frames of a video.
Measuring from the closest point of each object, what is the direct distance between the stool and the refrigerator (in meters)?
Please answer the question using a single word or phrase.",0.12243920733406745,0.0,2.7775607926659323,0.27848170497160785,0.0,2.621518295028392,0.3299251697066596,0.0,2.5700748302933403,0.5348353921903449,0.0,2.365164607809655,0.6738314141453291,0.0,2.226168585854671,0.999069898245299,0.0,1.900930101754701,1.1333123951565172,0.0,1.7666876048434828
2086,2.1,1-3m,0.4,p90,p90,p90,0.6569085818075135,5.4961673238054,1.180528193098872,0.8918791765106786,0.6724165217488753,"<image>These are frames of a video.
Measuring from the closest point of each object, what is the direct distance between the keyboard and the door (in meters)?
Please answer the question using a single word or phrase.",0.14518679306119323,0.0,1.954813206938807,0.26256322509361457,0.0,1.8374367749063856,0.29548555497743584,0.0,1.8045144450225643,0.37785816060422667,0.0,1.7221418393957735,0.6724165217488753,0.0,1.4275834782511247,1.2697373371149052,0.3,0.8302626628850949,1.4430914181924865,0.4,0.6569085818075135
2087,6.7,>=3m,0.0,min|p05|p10|p25|median|p75|p90,p90,p90,5.13722653612911,1.0172674396663681,0.02652704239550019,0.012683058951989068,1.5499223877523491,"<image>These are frames of a video.
Measuring from the closest point of each object, what is the direct distance between the computer mouse and the microwave (in meters)?
Please answer the question using a single word or phrase.",1.523546203160804,0.0,5.176453796839196,1.5362464214753901,0.0,5.16375357852461,1.5390333235483031,0.0,5.160966676451697,1.5438975968599666,0.0,5.156102403140034,1.5499223877523491,0.0,5.150077612247651,1.5565806558119557,0.0,5.143419344188045,1.5627734638708903,0.0,5.13722653612911
2089,3.8,>=3m,0.1,p90,p90,p90,1.7895576389548897,1.9584326269834966,0.9838855454850455,0.48014263026141535,1.5003005661833244,"<image>These are frames of a video.
Measuring from the closest point of each object, what is the direct distance between the stove and the sofa (in meters)?
Please answer the question using a single word or phrase.",0.9294907604311617,0.0,2.870509239568838,1.0265568155600646,0.0,2.773443184439935,1.0755019523260427,0.0,2.724498047673957,1.2009415200776292,0.0,2.5990584799223706,1.5003005661833244,0.0,2.2996994338166754,1.6810841503390446,0.0,2.1189158496609553,2.01044236104511,0.1,1.7895576389548897
2090,1.0,1-3m,0.5,p90,p90,p90,0.2964336030158179,3.09203246655168,0.4760246733460669,0.3408262637959391,0.4359503934540704,"<image>These are frames of a video.
Measuring from the closest point of each object, what is the direct distance between the sofa and the bed (in meters)?
Please answer the question using a single word or phrase.",0.04806607750289942,0.0,0.9519339224971006,0.22754172363811523,0.0,0.7724582763618848,0.2608004007325924,0.0,0.7391995992674076,0.3087201422094746,0.0,0.6912798577905255,0.4359503934540704,0.0,0.5640496065459296,0.6495464060054137,0.3,0.3504535939945863,0.7035663969841821,0.5,0.2964336030158179
2091,7.2,>=3m,0.0,min|p05|p10|p25|median|p75|p90,p90,p90,5.419588940211516,13.455759629466433,1.6480951512990367,1.434003795512787,0.47727521329122913,"<image>These are frames of a video.
Measuring from the closest point of each object, what is the direct distance between the trash can and the blanket (in meters)?
Please answer the question using a single word or phrase.",0.005548726552921975,0.0,7.194451273447078,0.13231590848944763,0.0,7.067684091510553,0.1648260204099065,0.0,7.035173979590094,0.2752393545144719,0.0,6.924760645485528,0.47727521329122913,0.0,6.722724786708771,1.709243150027259,0.0,5.490756849972741,1.7804110597884844,0.0,5.419588940211516
2092,2.8,1-3m,0.6,p90,p90,p90,0.6062476322952932,4.311793579658233,1.6849728245340452,0.518988844645065,1.3390148544969742,"<image>These are frames of a video.
Measuring from the closest point of each object, what is the direct distance between the lamp and the door (in meters)?
Please answer the question using a single word or phrase.",0.1148257832634406,0.0,2.6851742167365593,0.5087795431706614,0.0,2.2912204568293384,0.5937541057629002,0.0,2.2062458942370995,1.1056523885479004,0.0,1.6943476114520994,1.3390148544969742,0.0,1.4609851455030256,1.6246412331929654,0.2,1.1753587668070344,2.1937523677047066,0.6,0.6062476322952932
2093,6.0,>=3m,0.0,min|p05|p10|p25|median|p75|p90,p90,p90,4.1474134806997744,2.6021673379065478,1.1406467096219448,0.9271911727494682,0.9648850491445847,"<image>These are frames of a video.
Measuring from the closest point of each object, what is the direct distance between the door and the computer mouse (in meters)?
Please answer the question using a single word or phrase.",0.641254158006081,0.0,5.358745841993919,0.7119398096782805,0.0,5.288060190321719,0.7297287888975583,0.0,5.2702712111024415,0.8717278414389433,0.0,5.128272158561057,0.9648850491445847,0.0,5.035114950855415,1.7989190141884115,0.0,4.201080985811588,1.8525865193002253,0.0,4.1474134806997744
2094,3.2,>=3m,0.3,p75|p90,p90,p90,1.1682717840937027,2.5571319645975534,1.2371942442400932,0.6954186626749361,1.9182938233662243,"<image>These are frames of a video.
Measuring from the closest point of each object, what is the direct distance between the plant and the door (in meters)?
Please answer the question using a single word or phrase.",0.7110735457149799,0.0,2.4889264542850205,0.7945339716662042,0.0,2.405466028333796,0.8352289344746661,0.0,2.3647710655253342,1.3005494873214134,0.0,1.8994505126785868,1.9182938233662243,0.2,1.2817061766337758,1.9959681499963495,0.3,1.2040318500036506,2.0317282159062975,0.3,1.1682717840937027
2095,2.4,1-3m,0.2,p90,p90,p90,1.051174748645473,4.561283283879847,1.0531134598678096,0.7515133875957279,1.0153999105615634,"<image>These are frames of a video.
Measuring from the closest point of each object, what is the direct distance between the table and the door (in meters)?
Please answer the question using a single word or phrase.",0.06665513690578656,0.0,2.3333448630942133,0.2957117914867174,0.0,2.1042882085132826,0.34460225081017426,0.0,2.055397749189826,0.4650690191602812,0.0,1.9349309808397188,1.0153999105615634,0.0,1.3846000894384365,1.2165824067560091,0.1,1.1834175932439908,1.348825251354527,0.2,1.051174748645473
2096,1.4,1-3m,0.2,p90,p90,p90,0.5767334653898428,3.2271564975333855,0.5681606743150629,0.33184704549407595,0.6162295029305438,"<image>These are frames of a video.
Measuring from the closest point of each object, what is the direct distance between the stove and the washer (in meters)?
Please answer the question using a single word or phrase.",0.09324795686030411,0.0,1.3067520431396957,0.25510586029509413,0.0,1.1448941397049057,0.3055897633083767,0.0,1.094410236691623,0.38171409529689393,0.0,1.0182859047031059,0.6162295029305438,0.0,0.7837704970694561,0.7135611407909699,0.1,0.68643885920903,0.8232665346101571,0.2,0.5767334653898428
2097,1.1,1-3m,0.9,p10|p25,p25,p25,0.08084524301699125,2.1386546096788543,0.9069785635848956,0.3686641321796571,1.3614191005837761,"<image>These are frames of a video.
Measuring from the closest point of each object, what is the direct distance between the blanket and the laptop (in meters)?
Please answer the question using a single word or phrase.",0.015357948967832463,0.0,1.0846420510321677,0.7965352758205576,0.5,0.3034647241794425,1.0174726199681479,0.9,0.08252738003185223,1.1808452430169913,0.9,0.08084524301699125,1.3614191005837761,0.6,0.26141910058377604,1.5495093751966484,0.2,0.44950937519664835,1.7035138394054532,0.0,0.6035138394054531
2098,1.6,1-3m,0.0,min|p05|p10|p25|median|p75|p90,p90,p90,1.0161614090119937,3.277102316506582,0.405681629562895,0.14129923276713185,0.32030933781722265,"<image>These are frames of a video.
Measuring from the closest point of each object, what is the direct distance between the blanket and the bowl (in meters)?
Please answer the question using a single word or phrase.",0.02810296775650486,0.0,1.5718970322434953,0.17815696142511142,0.0,1.4218430385748886,0.20157075491292142,0.0,1.3984292450870788,0.2589357617632567,0.0,1.3410642382367435,0.32030933781722265,0.0,1.2796906621827775,0.4002349945303886,0.0,1.1997650054696116,0.5838385909880064,0.0,1.0161614090119937
2099,1.2,1-3m,0.5,p90,p90,p90,0.3399742939491113,5.624601822568734,0.7071214235468308,0.46353674515324356,0.36771866733170744,"<image>These are frames of a video.
Measuring from the closest point of each object, what is the direct distance between the telephone and the plant (in meters)?
Please answer the question using a single word or phrase.",0.0,0.0,1.2,0.1529042825040579,0.0,1.047095717495942,0.18465492111338058,0.0,1.0153450788866194,0.2569779600088084,0.0,0.9430220399911915,0.36771866733170744,0.0,0.8322813326682925,0.720514705162052,0.3,0.479485294837948,0.8600257060508887,0.5,0.3399742939491113
2100,1.5,1-3m,0.9,p90,p90,p90,0.10647133484635929,6.199987841459453,1.1687655364527934,0.733942909952084,0.8324714407812724,"<image>These are frames of a video.
Measuring from the closest point of each object, what is the direct distance between the fireplace and the table (in meters)?
Please answer the question using a single word or phrase.",0.00695113780827353,0.0,1.4930488621917264,0.22476312870084747,0.0,1.2752368712991524,0.2767825511390217,0.0,1.2232174488609782,0.4664493047254907,0.0,1.0335506952745093,0.8324714407812724,0.2,0.6675285592187276,1.2003922146775747,0.7,0.29960778532242527,1.3935286651536407,0.9,0.10647133484635929
2101,6.0,>=3m,0.0,min|p05|p10|p25|median|p75|p90,p90,p90,4.645388919365048,10.647598327916198,1.2273888621668316,0.734991345522295,0.7643787355671647,"<image>These are frames of a video.
Measuring from the closest point of each object, what is the direct distance between the shoe rack and the blanket (in meters)?
Please answer the question using a single word or phrase.",0.050894309939370705,0.0,5.949105690060629,0.12722221846812082,0.0,5.872777781531879,0.15371806936428842,0.0,5.846281930635712,0.4299118309598527,0.0,5.570088169040147,0.7643787355671647,0.0,5.235621264432835,1.1649031764821476,0.0,4.835096823517852,1.3546110806349525,0.0,4.645388919365048
2102,1.7,1-3m,0.7,p90,p90,p90,0.26479390859332463,7.330121244642489,1.239410408974321,0.5603513386003687,0.7919742748595544,"<image>These are frames of a video.
Measuring from the closest point of each object, what is the direct distance between the stool and the fireplace (in meters)?
Please answer the question using a single word or phrase.",0.04466335933466608,0.0,1.6553366406653338,0.19579568243235443,0.0,1.5042043175676456,0.26517466904388354,0.0,1.4348253309561163,0.5807441642202478,0.0,1.1192558357797522,0.7919742748595544,0.0,0.9080257251404455,1.1410955028206164,0.4,0.5589044971793835,1.4352060914066753,0.7,0.26479390859332463
2103,5.0,>=3m,0.0,min|p05|p10|p25|median|p75|p90,p90,p90,2.8412575509111004,5.408324580407799,1.759590656885236,1.4283307121177145,0.7216745203554833,"<image>These are frames of a video.
Measuring from the closest point of each object, what is the direct distance between the lamp and the table (in meters)?
Please answer the question using a single word or phrase.",0.1810501043230225,0.0,4.818949895676978,0.3991517922036636,0.0,4.600848207796337,0.44510745904078264,0.0,4.554892540959218,0.602300922608733,0.0,4.397699077391267,0.7216745203554833,0.0,4.278325479644517,2.0306316347264475,0.0,2.9693683652735525,2.1587424490888996,0.0,2.8412575509111004
2104,3.1,>=3m,0.0,min|p05|p10|p25|median|p75|p90,p90,p90,1.8898302735666581,1.8856658606777006,0.5683965726263298,0.4024773581297907,0.847356601248761,"<image>These are frames of a video.
Measuring from the closest point of each object, what is the direct distance between the fireplace and the bed (in meters)?
Please answer the question using a single word or phrase.",0.4726783055199687,0.0,2.6273216944800315,0.6417731538070122,0.0,2.458226846192988,0.6571823004613524,0.0,2.4428176995386477,0.6962779544280271,0.0,2.403722045571973,0.847356601248761,0.0,2.252643398751239,1.0987553125578178,0.0,2.001244687442182,1.210169726433342,0.0,1.8898302735666581
2105,2.7,1-3m,0.0,min|p05|p10|p25|median|p75|p90,p90,p90,1.5239143235424202,10.552201808528398,1.0646316218633003,0.907112880536447,0.8051211981864597,"<image>These are frames of a video.
Measuring from the closest point of each object, what is the direct distance between the monitor and the door (in meters)?
Please answer the question using a single word or phrase.",0.006159540793112733,0.0,2.6938404592068874,0.1114540545942796,0.0,2.5885459454057207,0.15489972442257566,0.0,2.5451002755774246,0.245054710809205,0.0,2.4549452891907952,0.8051211981864597,0.0,1.8948788018135405,1.152167591345652,0.0,1.5478324086543482,1.17608567645758,0.0,1.5239143235424202
2106,2.2,1-3m,0.5,p90,p90,p90,0.5663996240196032,3.414340305434025,1.1551476648137704,0.5454253973127887,1.241493024873889,"<image>These are frames of a video.
Measuring from the closest point of each object, what is the direct distance between the trash can and the pillow (in meters)?
Please answer the question using a single word or phrase.",0.3865147602516782,0.0,1.813485239748322,0.4784527111666266,0.0,1.7215472888333736,0.5294496279595345,0.0,1.6705503720404655,0.8997967952186805,0.0,1.3002032047813197,1.241493024873889,0.2,0.9585069751261113,1.4452221925314692,0.4,0.754777807468531,1.633600375980397,0.5,0.5663996240196032
2107,3.7,>=3m,0.0,min|p05|p10|p25|median|p75|p90,p90,p90,2.563783988531809,17.006375842449835,1.069404833002285,0.4809121368937891,0.49628407103644867,"<image>These are frames of a video.
Measuring from the closest point of each object, what is the direct distance between the paper bag and the trash can (in meters)?
Please answer the question using a single word or phrase.",0.0,0.0,3.7,0.06681117846590616,0.0,3.633188821534094,0.10401586697006972,0.0,3.5959841330299303,0.2161574639947167,0.0,3.4838425360052834,0.49628407103644867,0.0,3.2037159289635513,0.6970696008885058,0.0,3.002930399111494,1.1362160114681912,0.0,2.563783988531809
2108,4.0,>=3m,0.1,median|p75|p90,p90,p90,1.8578241609757238,7.65647742895354,1.8623897547705073,1.7690863447039635,2.0918268642106943,"<image>These are frames of a video.
Measuring from the closest point of each object, what is the direct distance between the microwave and the suitcase (in meters)?
Please answer the question using a single word or phrase.",0.17392600815181417,0.0,3.826073991848186,0.27978608425376905,0.0,3.720213915746231,0.30221290688498204,0.0,3.697787093115018,0.3523948635013084,0.0,3.6476051364986914,2.0918268642106943,0.1,1.9081731357893057,2.121481208205272,0.1,1.8785187917947281,2.142175839024276,0.1,1.8578241609757238
2109,1.7,1-3m,0.8,p90,p90,p90,0.2319392169895842,7.648949964617477,1.6793634744463133,0.5807959023414373,0.8665216737419459,"<image>These are frames of a video.
Measuring from the closest point of each object, what is the direct distance between the plant and the sofa (in meters)?
Please answer the question using a single word or phrase.",0.0,0.0,1.7,0.2525757425432708,0.0,1.447424257456729,0.31368174042321967,0.0,1.3863182595767802,0.48055888217959947,0.0,1.2194411178204005,0.8665216737419459,0.1,0.8334783262580541,1.0613547845210367,0.3,0.6386452154789632,1.9319392169895842,0.8,0.2319392169895842
2110,3.0,>=3m,0.4,p75|p90,p90,p90,0.9177547963790036,3.753772719412696,1.5275378840082154,1.2126518022561041,1.3984991581173518,"<image>These are frames of a video.
Measuring from the closest point of each object, what is the direct distance between the stool and the toilet (in meters)?
Please answer the question using a single word or phrase.",0.3362063531841735,0.0,2.6637936468158263,0.554707319612781,0.0,2.445292680387219,0.6334389347501531,0.0,2.3665610652498468,0.7852664516026382,0.0,2.214733548397362,1.3984991581173518,0.0,1.6015008418826482,1.9979182538587423,0.4,1.0020817461412577,2.0822452036209964,0.4,0.9177547963790036
2111,1.6,1-3m,1.0,p90,p90,p90,0.07212534302758056,7.1257013493634,1.3134572148059838,0.9075161760181982,0.6747630482928919,"<image>These are frames of a video.
Measuring from the closest point of each object, what is the direct distance between the refrigerator and the stove (in meters)?
Please answer the question using a single word or phrase.",0.0029600406138486973,0.0,1.5970399593861513,0.21441744216643568,0.0,1.3855825578335643,0.29419447001552657,0.0,1.3058055299844735,0.440994817169959,0.0,1.1590051828300412,0.6747630482928919,0.0,0.9252369517071082,1.3485109931881571,0.7,0.25148900681184294,1.5278746569724195,1.0,0.07212534302758056
2112,3.6,>=3m,0.0,min|p05|p10|p25|median|p75|p90,p90,p90,2.2878608357814594,2.6487815218110238,0.8167645350111435,0.3989692213584908,1.0210203268161082,"<image>These are frames of a video.
Measuring from the closest point of each object, what is the direct distance between the stool and the dishwasher (in meters)?
Please answer the question using a single word or phrase.",0.02786027863085944,0.0,3.572139721369141,0.49537462920739694,0.0,3.1046253707926033,0.5289540784924356,0.0,3.0710459215075643,0.7882996262925741,0.0,2.811700373707426,1.0210203268161082,0.0,2.578979673183892,1.1872688476510649,0.0,2.412731152348935,1.3121391642185405,0.0,2.2878608357814594
2113,1.4,1-3m,0.5,p90,p90,p90,0.3519031622724986,1.6280193703976027,0.40431037131001013,0.17624298327951893,0.802731169909146,"<image>These are frames of a video.
Measuring from the closest point of each object, what is the direct distance between the printer and the whiteboard (in meters)?
Please answer the question using a single word or phrase.",0.550623441170016,0.0,0.8493765588299839,0.6437864664174912,0.0,0.7562135335825088,0.672260339017732,0.0,0.7277396609822679,0.7282754597491983,0.1,0.6717245402508016,0.802731169909146,0.2,0.597268830090854,0.9045184430287172,0.3,0.4954815569712827,1.0480968377275013,0.5,0.3519031622724986
2114,4.3,>=3m,0.0,min|p05|p10|p25|median|p75|p90,p90,p90,2.6788983313480434,6.905692884483354,1.386353078500421,0.48795865312272246,0.8451925999887566,"<image>These are frames of a video.
Measuring from the closest point of each object, what is the direct distance between the tv and the refrigerator (in meters)?
Please answer the question using a single word or phrase.",0.031100602226713053,0.0,4.2688993977732865,0.23474859015153526,0.0,4.0652514098484644,0.4567824126060134,0.0,3.8432175873939864,0.5906271925832625,0.0,3.709372807416737,0.8451925999887566,0.0,3.4548074000112434,1.078585845705985,0.0,3.221414154294015,1.6211016686519564,0.0,2.6788983313480434
2115,2.1,1-3m,0.5,p90,p90,p90,0.5775310997525949,4.6418170306763615,1.1944790440799022,0.49377961804339343,0.7328889187355565,"<image>These are frames of a video.
Measuring from the closest point of each object, what is the direct distance between the printer and the door (in meters)?
Please answer the question using a single word or phrase.",0.22689276531790467,0.0,1.8731072346820954,0.3279898561675029,0.0,1.772010143832497,0.36922481265306073,0.0,1.7307751873469392,0.5020403620860892,0.0,1.597959637913911,0.7328889187355565,0.0,1.3671110812644436,0.9958199801294826,0.0,1.1041800198705176,1.5224689002474052,0.5,0.5775310997525949
2116,2.6,1-3m,0.9,p75|p90,p90,p90,0.13083915547582992,1.1667565608483943,0.35290032593857346,0.1823006574146091,2.301143529237522,"<image>These are frames of a video.
Measuring from the closest point of each object, what is the direct distance between the bed and the toilet (in meters)?
Please answer the question using a single word or phrase.",2.054516992484889,0.6,0.5454830075151111,2.1162605185855967,0.7,0.48373948141440337,2.142626713591155,0.7,0.4573732864088451,2.20615896038818,0.7,0.39384103961182015,2.301143529237522,0.8,0.2988564707624781,2.388459617802789,0.9,0.21154038219721105,2.46916084452417,0.9,0.13083915547582992
2117,0.9,<1m,0.9,p90,p90,p90,0.08527711859449638,5.751373871483607,0.6730657922280721,0.3844492573924616,0.42409798590120174,"<image>These are frames of a video.
Measuring from the closest point of each object, what is the direct distance between the stove and the dishwasher (in meters)?
Please answer the question using a single word or phrase.",0.0009863612558666719,0.0,0.8990136387441333,0.14165708917743164,0.0,0.7583429108225683,0.19275948175631338,0.0,0.7072405182436866,0.29147221091565234,0.0,0.6085277890843477,0.42409798590120174,0.0,0.4759020140987983,0.675921468308114,0.6,0.22407853169188607,0.8147228814055036,0.9,0.08527711859449638
2118,3.3,>=3m,0.1,p75|p90,p90,p90,1.5877043105195403,1.8044157228714472,0.7633482447332994,0.3080053596729333,1.5894741346027839,"<image>These are frames of a video.
Measuring from the closest point of each object, what is the direct distance between the table and the fireplace (in meters)?
Please answer the question using a single word or phrase.",0.7915090831802212,0.0,2.5084909168197784,0.9489474447471601,0.0,2.35105255525284,1.0102523211360817,0.0,2.289747678863918,1.3554251547364,0.0,1.9445748452635998,1.5894741346027839,0.0,1.710525865397216,1.6634305144093333,0.1,1.6365694855906665,1.7122956894804595,0.1,1.5877043105195403
2119,1.5,1-3m,0.8,p90,p90,p90,0.15591348638422198,1.9711809629814825,0.662217857790897,0.3683328108158257,0.9887254079973358,"<image>These are frames of a video.
Measuring from the closest point of each object, what is the direct distance between the blanket and the stapler (in meters)?
Please answer the question using a single word or phrase.",0.5959414793959944,0.0,0.9040585206040056,0.681868655824881,0.0,0.818131344175119,0.7668135435123158,0.1,0.7331864564876842,0.8836440899758644,0.2,0.6163559100241356,0.9887254079973358,0.4,0.5112745920026642,1.25197690079169,0.7,0.2480230992083099,1.344086513615778,0.8,0.15591348638422198
2120,0.8,<1m,0.9,median,median,median,0.0793615855502896,12.415595504077952,1.6442636320695916,0.9372337077396,0.7206384144497104,"<image>These are frames of a video.
Measuring from the closest point of each object, what is the direct distance between the bed and the stool (in meters)?
Please answer the question using a single word or phrase.",0.0005023084268320389,0.0,0.799497691573168,0.14403660601693685,0.0,0.6559633939830631,0.2010096026250795,0.0,0.5989903973749205,0.4179764215724362,0.1,0.38202357842756385,0.7206384144497104,0.9,0.0793615855502896,1.3552101293120362,0.0,0.5552101293120362,1.7883002380865285,0.0,0.9883002380865284
2121,0.9,<1m,0.7,median,median,median,0.1621232502771347,3.847628119998838,1.0823277523804018,0.6377619381265635,1.0621232502771347,"<image>These are frames of a video.
Measuring from the closest point of each object, what is the direct distance between the bathtub and the toilet (in meters)?
Please answer the question using a single word or phrase.",0.03387927061136756,0.0,0.8661207293886325,0.38008044125538537,0.0,0.5199195587446146,0.437725033064291,0.0,0.462274966935709,0.6865184082630967,0.6,0.2134815917369033,1.0621232502771347,0.7,0.1621232502771347,1.3242803463896602,0.1,0.42428034638966017,1.4624081936357871,0.0,0.5624081936357871
2122,9.5,>=3m,0.0,min|p05|p10|p25|median|p75|p90,p90,p90,8.437060562139347,1.114319353604672,0.10904822667223735,0.051571034214702216,1.0167031543801803,"<image>These are frames of a video.
Measuring from the closest point of each object, what is the direct distance between the keyboard and the bucket (in meters)?
Please answer the question using a single word or phrase.",0.9205850569214308,0.0,8.57941494307857,0.9538912111884154,0.0,8.546108788811585,0.9659996143178506,0.0,8.53400038568215,0.9904957145304631,0.0,8.509504285469538,1.0167031543801803,0.0,8.483296845619819,1.0420667487451654,0.0,8.457933251254834,1.0629394378606527,0.0,8.437060562139347
2123,2.4,1-3m,1.0,p75,p75,p75,0.022813498134980126,9.084608675106216,2.908523333022444,1.056555706830916,1.9601931435026572,"<image>These are frames of a video.
Measuring from the closest point of each object, what is the direct distance between the mirror and the bed (in meters)?
Please answer the question using a single word or phrase.",0.0,0.0,2.4,0.3597605586004733,0.0,2.0402394413995264,0.5032995116003348,0.0,1.8967004883996652,1.3206307950341039,0.2,1.079369204965896,1.9601931435026572,0.7,0.43980685649734275,2.37718650186502,1.0,0.022813498134980126,3.2682838916229175,0.3,0.8682838916229176
2124,6.0,>=3m,0.0,min|p05|p10|p25|median|p75|p90,p90,p90,4.492451669939869,1.0981011276522665,0.13467993743470852,0.061506579388283855,1.4305912559791427,"<image>These are frames of a video.
Measuring from the closest point of each object, what is the direct distance between the washer and the tv (in meters)?
Please answer the question using a single word or phrase.",1.3207378479819813,0.0,4.679262152018019,1.3728683926254226,0.0,4.627131607374578,1.3829433612638218,0.0,4.617056638736178,1.4029432955232577,0.0,4.597056704476742,1.4305912559791427,0.0,4.5694087440208575,1.4644498749115415,0.0,4.5355501250884585,1.5075483300601311,0.0,4.492451669939869
2125,0.9,<1m,1.0,median,median,median,0.010466077729719192,8.263442143373393,0.9677271946793893,0.2499308915631523,0.8895339222702808,"<image>These are frames of a video.
Measuring from the closest point of each object, what is the direct distance between the counter and the sofa (in meters)?
Please answer the question using a single word or phrase.",0.000944948944459026,0.0,0.899055051055541,0.13323258801782695,0.0,0.766767411982173,0.21334112428761523,0.0,0.6866588757123848,0.7496163879057863,0.7,0.1503836120942137,0.8895339222702808,1.0,0.010466077729719192,0.9995472794689386,0.8,0.0995472794689386,1.1009597826972162,0.6,0.20095978269721615
2126,0.5,<1m,0.8,median,median,median,0.06866811348002155,4.606374638687009,0.5181717354123634,0.3577404866358971,0.43133188651997845,"<image>These are frames of a video.
Measuring from the closest point of each object, what is the direct distance between the telephone and the computer tower (in meters)?
Please answer the question using a single word or phrase.",0.04864250162996392,0.0,0.4513574983700361,0.14368217041394699,0.0,0.356317829586053,0.19202362071125523,0.0,0.3079763792887448,0.2603243001898826,0.1,0.23967569981011738,0.43133188651997845,0.8,0.06866811348002155,0.6180647868257797,0.6,0.1180647868257797,0.6618539058263103,0.4,0.16185390582631032
2127,0.8,<1m,1.0,median,median,median,0.0011755269995311624,4.320149826782921,1.0148134377918074,0.4226474162516639,0.8011755269995312,"<image>These are frames of a video.
Measuring from the closest point of each object, what is the direct distance between the computer tower and the headphones (in meters)?
Please answer the question using a single word or phrase.",0.23637842313860308,0.0,0.563621576861397,0.3056529044579645,0.0,0.49434709554203554,0.32184288661709193,0.0,0.4781571133829081,0.5827994848803896,0.5,0.21720051511961047,0.8011755269995312,1.0,0.0011755269995311624,1.0054469011320535,0.5,0.20544690113205344,1.320466342249772,0.0,0.520466342249772
2128,2.7,1-3m,0.0,min|p05|p10|p25|median|p75|p90,p90,p90,1.6670555471615094,1.462191634456451,0.326508696746593,0.2821348577404178,0.90681202955106,"<image>These are frames of a video.
Measuring from the closest point of each object, what is the direct distance between the computer mouse and the slippers (in meters)?
Please answer the question using a single word or phrase.",0.6931467047893559,0.0,2.0068532952106444,0.7064357560918978,0.0,1.9935642439081023,0.712357240910768,0.0,1.987642759089232,0.7385250381318947,0.0,1.9614749618681055,0.90681202955106,0.0,1.7931879704489402,1.0206598958723125,0.0,1.6793401041276876,1.0329444528384908,0.0,1.6670555471615094
2129,0.5,<1m,1.0,median,median,median,0.005811680242838735,15.318258471305187,1.9003284513618313,1.0492101038452135,0.49418831975716127,"<image>These are frames of a video.
Measuring from the closest point of each object, what is the direct distance between the bed and the chair (in meters)?
Please answer the question using a single word or phrase.",0.0,0.0,0.5,0.13272064163181754,0.0,0.3672793583681825,0.20793434747314413,0.0,0.2920656525268559,0.31819213718920825,0.3,0.18180786281079175,0.49418831975716127,1.0,0.005811680242838735,1.3674022410344218,0.0,0.8674022410344218,2.033049092993649,0.0,1.5330490929936489
2130,0.9,<1m,1.0,median,median,median,0.010326530112845567,8.551970604921808,1.2272013543830385,0.5947130647955361,0.8896734698871545,"<image>These are frames of a video.
Measuring from the closest point of each object, what is the direct distance between the power strip and the laptop (in meters)?
Please answer the question using a single word or phrase.",0.009102443675152179,0.0,0.8908975563248478,0.1625008118521066,0.0,0.7374991881478934,0.18934777543241102,0.0,0.710652224567589,0.43911172053191017,0.0,0.46088827946808986,0.8896734698871545,1.0,0.010326530112845567,1.0338247853274463,0.8,0.13382478532744624,1.389702166235145,0.0,0.48970216623514495
2131,0.8,<1m,0.9,median|p75,median,median,0.0462525421779838,2.098403265298141,0.5844657286129725,0.2331759013087169,0.7537474578220162,"<image>These are frames of a video.
Measuring from the closest point of each object, what is the direct distance between the desk and the bed (in meters)?
Please answer the question using a single word or phrase.",0.40172931179307125,0.1,0.3982706882069288,0.5321048717515696,0.4,0.2678951282484304,0.5695912643798455,0.5,0.23040873562015451,0.6438223201025481,0.7,0.1561776798974519,0.7537474578220162,0.9,0.0462525421779838,0.876998221411265,0.9,0.076998221411265,1.1165706003645421,0.3,0.3165706003645421
2132,1.7,1-3m,0.8,p90,p90,p90,0.19025575390387206,13.586008812524618,1.398619318464377,1.0566600605008871,0.5550003022071728,"<image>These are frames of a video.
Measuring from the closest point of each object, what is the direct distance between the basket and the refrigerator (in meters)?
Please answer the question using a single word or phrase.",0.0006985016830081457,0.0,1.6993014983169918,0.11112492763175089,0.0,1.588875072368249,0.13718733388529783,0.0,1.5628126661147022,0.2359995970123889,0.0,1.464000402987611,0.5550003022071728,0.0,1.1449996977928272,1.292659657513276,0.6,0.4073403424867239,1.509744246096128,0.8,0.19025575390387206
2133,1.4,1-3m,1.0,p90,p90,p90,0.028592584609035798,2.7451149188943336,0.8718263574353524,0.4776194307899563,1.0178911381223141,"<image>These are frames of a video.
Measuring from the closest point of each object, what is the direct distance between the mirror and the door (in meters)?
Please answer the question using a single word or phrase.",0.2952473552957166,0.0,1.1047526447042832,0.49958105795561164,0.0,0.9004189420443882,0.5645372041485259,0.0,0.835462795851474,0.714558556324561,0.1,0.6854414436754389,1.0178911381223141,0.5,0.3821088618776858,1.1921779871145173,0.8,0.20782201288548263,1.3714074153909641,1.0,0.028592584609035798
2134,1.7,1-3m,0.6,p90,p90,p90,0.4197649074550822,3.6000798095981708,0.9246221172070701,0.38037847872101205,0.8484915636405674,"<image>These are frames of a video.
Measuring from the closest point of each object, what is the direct distance between the cup and the door (in meters)?
Please answer the question using a single word or phrase.",0.16177152829947705,0.0,1.5382284717005228,0.3556129753378477,0.0,1.3443870246621523,0.42701057296811273,0.0,1.272989427031887,0.7350163025313723,0.0,0.9649836974686277,0.8484915636405674,0.0,0.8515084363594325,1.1153947812523843,0.4,0.5846052187476156,1.2802350925449177,0.6,0.4197649074550822
2135,2.1,1-3m,0.4,p75|p90,p90,p90,0.6530300335504975,2.40119540507345,0.8443659620472697,0.6295879230829543,0.9496097210985878,"<image>These are frames of a video.
Measuring from the closest point of each object, what is the direct distance between the chair and the toilet (in meters)?
Please answer the question using a single word or phrase.",0.5122186026287815,0.0,1.5877813973712187,0.6026040044022329,0.0,1.4973959955977671,0.6424398614933576,0.0,1.4575601385066426,0.7586680345922646,0.0,1.3413319654077354,0.9496097210985878,0.0,1.1503902789014124,1.388255957675219,0.4,0.7117440423247812,1.4469699664495026,0.4,0.6530300335504975
2136,1.5,1-3m,0.4,p90,p90,p90,0.5220720049068236,2.1677519899393167,0.5268025897738382,0.21155175537402737,0.6644532539106771,"<image>These are frames of a video.
Measuring from the closest point of each object, what is the direct distance between the microwave and the chair (in meters)?
Please answer the question using a single word or phrase.",0.2847211822375877,0.0,1.2152788177624123,0.45112540531933826,0.0,1.0488745946806617,0.4921161493446761,0.0,1.0078838506553238,0.5685055273913039,0.0,0.9314944726086961,0.6644532539106771,0.0,0.8355467460893229,0.7800572827653313,0.1,0.7199427172346687,0.9779279950931764,0.4,0.5220720049068236
2137,5.5,>=3m,0.0,min|p05|p10|p25|median|p75|p90,p90,p90,3.2865391964113675,4.874208966229584,1.7593438752984525,0.41228951525535473,1.1185002222394964,"<image>These are frames of a video.
Measuring from the closest point of each object, what is the direct distance between the sofa and the stove (in meters)?
Please answer the question using a single word or phrase.",0.37280857759330954,0.0,5.127191422406691,0.45411692829018,0.0,5.04588307170982,0.5298845919508466,0.0,4.970115408049153,1.0114551718447338,0.0,4.488544828155266,1.1185002222394964,0.0,4.381499777760504,1.4237446871000885,0.0,4.076255312899912,2.2134608035886325,0.0,3.2865391964113675
2138,2.9,1-3m,0.0,min|p05|p10|p25|median|p75|p90,p90,p90,1.7442185665441274,6.562190796920535,0.9796540593480897,0.5309839825291691,0.6667866708694609,"<image>These are frames of a video.
Measuring from the closest point of each object, what is the direct distance between the sofa and the dishwasher (in meters)?
Please answer the question using a single word or phrase.",0.04111926039684909,0.0,2.858880739603151,0.1761273741077828,0.0,2.7238726258922172,0.23225125553370976,0.0,2.66774874446629,0.4096998583525175,0.0,2.4903001416474826,0.6667866708694609,0.0,2.233213329130539,0.9406838408816867,0.0,1.9593161591183132,1.1557814334558725,0.0,1.7442185665441274
2139,0.9,<1m,0.6,p90,p90,p90,0.20634104163340072,4.673712731525284,0.5452418437057629,0.27313170754474236,0.5160297111003533,"<image>These are frames of a video.
Measuring from the closest point of each object, what is the direct distance between the refrigerator and the stove (in meters)?
Please answer the question using a single word or phrase.",0.003856804763541676,0.0,0.8961431952364584,0.14841711466083646,0.0,0.7515828853391635,0.19423448534782398,0.0,0.7057655146521761,0.34811149769537064,0.0,0.5518885023046294,0.5160297111003533,0.2,0.3839702888996467,0.621243205240113,0.4,0.278756794759887,0.6936589583665993,0.6,0.20634104163340072
2140,2.0,1-3m,0.6,p90,p90,p90,0.4483445963099504,1.5145863010007452,0.5271806658261118,0.2665542072681284,1.197677863979291,"<image>These are frames of a video.
Measuring from the closest point of each object, what is the direct distance between the table and the tv (in meters)?
Please answer the question using a single word or phrase.",0.9011410351360786,0.0,1.0988589648639215,1.0244747378639378,0.1,0.9755252621360622,1.053556855334452,0.1,0.9464431446655479,1.1229995517028895,0.2,0.8770004482971105,1.197677863979291,0.2,0.8023221360207089,1.3895537589710178,0.4,0.6104462410289822,1.5516554036900496,0.6,0.4483445963099504
2141,4.2,>=3m,0.0,min|p05|p10|p25|median|p75|p90,p90,p90,2.862927342764472,7.228522797138123,1.1521008871022316,0.3516207496545912,0.969447845594293,"<image>These are frames of a video.
Measuring from the closest point of each object, what is the direct distance between the refrigerator and the stove (in meters)?
Please answer the question using a single word or phrase.",0.0,0.0,4.2,0.1849717701332968,0.0,4.0150282298667035,0.30535499173917,0.0,3.89464500826083,0.8565623765921427,0.0,3.3434376234078576,0.969447845594293,0.0,3.230552154405707,1.208183126246734,0.0,2.991816873753266,1.3370726572355285,0.0,2.862927342764472
2142,0.7,<1m,1.0,p25,p25,p25,0.03189190519400653,1.7817800257347174,0.3909163118408021,0.1706973781167539,0.7550071740279704,"<image>These are frames of a video.
Measuring from the closest point of each object, what is the direct distance between the washer and the bathtub (in meters)?
Please answer the question using a single word or phrase.",0.35766773591575257,0.1,0.3423322640842474,0.5000336398636159,0.5,0.19996636013638402,0.5599053729279443,0.6,0.14009462707205567,0.6681080948059934,1.0,0.03189190519400653,0.7550071740279704,0.9,0.055007174027970396,0.8388054729227473,0.7,0.13880547292274736,0.890949951704418,0.5,0.19094995170441809
2143,2.3,1-3m,0.3,p90,p90,p90,0.8138166686187842,3.703326348448123,1.0848729440306653,0.5260359295464394,1.1404739195218085,"<image>These are frames of a video.
Measuring from the closest point of each object, what is the direct distance between the door and the table (in meters)?
Please answer the question using a single word or phrase.",0.0032963815044297394,0.0,2.2967036184955703,0.4013103873505504,0.0,1.8986896126494495,0.494239453627254,0.0,1.8057605463727457,0.7349923251822248,0.0,1.565007674817775,1.1404739195218085,0.0,1.1595260804781913,1.2610282547286642,0.1,1.0389717452713356,1.4861833313812156,0.3,0.8138166686187842
2144,1.1,1-3m,0.5,p75,p75,p75,0.28172033756572623,4.373895431610976,1.2645965128469958,0.9200717948087673,0.5597234077111646,"<image>These are frames of a video.
Measuring from the closest point of each object, what is the direct distance between the computer mouse and the bookshelf (in meters)?
Please answer the question using a single word or phrase.",0.26872230304485184,0.0,0.8312776969551483,0.3748179333000765,0.0,0.7251820666999236,0.4063177805694465,0.0,0.6936822194305536,0.461648542756959,0.0,0.6383514572430411,0.5597234077111646,0.1,0.5402765922888355,1.3817203375657263,0.5,0.28172033756572623,1.6394144461470723,0.1,0.5394144461470722
2145,1.8,1-3m,0.5,p90,p90,p90,0.4865841016382182,6.5350889052914525,1.112436857770871,0.6967208345159194,0.9584918516206808,"<image>These are frames of a video.
Measuring from the closest point of each object, what is the direct distance between the dishwasher and the stove (in meters)?
Please answer the question using a single word or phrase.",0.03662953696908375,0.0,1.7633704630309164,0.20097904059091082,0.0,1.5990209594090892,0.24634364840701511,0.0,1.5536563515929849,0.4422447977297229,0.0,1.357755202270277,0.9584918516206808,0.1,0.8415081483793192,1.1389656322456423,0.3,0.6610343677543578,1.3134158983617819,0.5,0.4865841016382182
2146,2.4,1-3m,0.1,p90,p90,p90,1.1090942478385004,3.954195967445625,0.9644409631653657,0.4233150959938249,0.7998384048605052,"<image>These are frames of a video.
Measuring from the closest point of each object, what is the direct distance between the stool and the tv (in meters)?
Please answer the question using a single word or phrase.",0.21243490102449908,0.0,2.187565098975501,0.3264647889961339,0.0,2.073535211003866,0.3733488914355105,0.0,2.0266511085644896,0.5982255766748491,0.0,1.801774423325151,0.7998384048605052,0.0,1.6001615951394947,1.021540672668674,0.0,1.378459327331326,1.2909057521614995,0.1,1.1090942478385004
2147,2.0,1-3m,0.7,p75|p90,p90,p90,0.3001064247997063,1.9903945715653841,0.8458450365412581,0.5903404027892287,1.2674009173304652,"<image>These are frames of a video.
Measuring from the closest point of each object, what is the direct distance between the sofa and the stove (in meters)?
Please answer the question using a single word or phrase.",0.633475051444429,0.0,1.366524948555571,0.8540485386590356,0.0,1.1459514613409643,0.904683047427572,0.0,1.095316952572428,1.0221371660299279,0.1,0.9778628339700721,1.2674009173304652,0.3,0.7325990826695348,1.6124775688191566,0.7,0.3875224311808434,1.6998935752002937,0.7,0.3001064247997063
2148,2.4,1-3m,0.2,p90,p90,p90,1.023250981818728,5.477391812843251,1.1253978157799565,0.6975552291126371,0.7739256778765218,"<image>These are frames of a video.
Measuring from the closest point of each object, what is the direct distance between the pillow and the table (in meters)?
Please answer the question using a single word or phrase.",0.005462570550246365,0.0,2.3945374294497537,0.25135120240131537,0.0,2.1486487975986845,0.3191144008156933,0.0,2.0808855991843065,0.48114616364409024,0.0,1.9188538363559098,0.7739256778765218,0.0,1.6260743221234781,1.1787013927567274,0.0,1.2212986072432725,1.3767490181812718,0.2,1.023250981818728
2149,3.0,>=3m,0.0,min|p05|p10|p25|median|p75|p90,p90,p90,1.6564310607008303,6.698236520157831,1.1429834665025909,0.3450334229487473,0.7527621741602042,"<image>These are frames of a video.
Measuring from the closest point of each object, what is the direct distance between the cup and the bed (in meters)?
Please answer the question using a single word or phrase.",0.0005048582951029558,0.0,2.999495141704897,0.20058547279657885,0.0,2.799414527203421,0.34104161011712264,0.0,2.6589583898828772,0.6042688851694471,0.0,2.3957311148305527,0.7527621741602042,0.0,2.247237825839796,0.9493023081181944,0.0,2.0506976918818056,1.3435689392991697,0.0,1.6564310607008303
2150,2.7,1-3m,0.5,p90,p90,p90,0.8024598712833655,1.2701503915793633,0.40359095443252,0.2627040763637276,1.743055200517789,"<image>These are frames of a video.
Measuring from the closest point of each object, what is the direct distance between the clock and the keyboard (in meters)?
Please answer the question using a single word or phrase.",1.4103931681422757,0.1,1.2896068318577245,1.4939491742841147,0.2,1.2060508257158855,1.520884622262837,0.2,1.1791153777371632,1.5840698850453954,0.2,1.1159301149546048,1.743055200517789,0.3,0.9569447994822111,1.846773961409123,0.4,0.8532260385908772,1.8975401287166347,0.5,0.8024598712833655
2151,3.1,>=3m,0.0,min|p05|p10|p25|median|p75|p90,p90,p90,1.836504725541023,3.153442760448946,0.8628235735782872,0.10001747259143023,1.1969101067602939,"<image>These are frames of a video.
Measuring from the closest point of each object, what is the direct distance between the headphones and the slippers (in meters)?
Please answer the question using a single word or phrase.",0.362028250398842,0.0,2.737971749601158,0.4006717008806899,0.0,2.69932829911931,1.0941275432547903,0.0,2.0058724567452098,1.13381006752213,0.0,1.96618993247787,1.1969101067602939,0.0,1.9030898932397062,1.2338275401135603,0.0,1.8661724598864398,1.2634952744589771,0.0,1.836504725541023
2152,3.2,>=3m,0.0,min|p05|p10|p25|median|p75|p90,p90,p90,1.6314094947917048,4.089253790968745,1.185002059640896,0.5891190040910093,0.90808452234524,"<image>These are frames of a video.
Measuring from the closest point of each object, what is the direct distance between the basket and the laptop (in meters)?
Please answer the question using a single word or phrase.",0.11978833285791346,0.0,3.0802116671420867,0.3835884455673992,0.0,2.816411554432601,0.46315041859718814,0.0,2.736849581402812,0.716138822765038,0.0,2.483861177234962,0.90808452234524,0.0,2.29191547765476,1.3052578268560473,0.0,1.8947421731439529,1.5685905052082953,0.0,1.6314094947917048
2153,2.9,1-3m,0.0,min|p05|p10|p25|median|p75|p90,p90,p90,1.6043140135582916,9.627427079891017,1.1611031975314676,0.2590574962596095,0.8991751966144348,"<image>These are frames of a video.
Measuring from the closest point of each object, what is the direct distance between the tv and the stool (in meters)?
Please answer the question using a single word or phrase.",0.00241335782329953,0.0,2.8975866421767003,0.13458278891024075,0.0,2.7654172110897592,0.537127287323396,0.0,2.362872712676604,0.7802301745681854,0.0,2.1197698254318142,0.8991751966144348,0.0,2.000824803385565,1.039287670827795,0.0,1.860712329172205,1.2956859864417083,0.0,1.6043140135582916
2154,5.0,>=3m,0.0,min|p05|p10|p25|median|p75|p90,p90,p90,3.258673024318399,1.1150874548633716,0.179721230690989,0.10938474958702571,1.6625698346054878,"<image>These are frames of a video.
Measuring from the closest point of each object, what is the direct distance between the telephone and the door (in meters)?
Please answer the question using a single word or phrase.",1.5311655108850546,0.0,3.468834489114945,1.5616057449906124,0.0,3.4383942550093876,1.573881220267538,0.0,3.426118779732462,1.6021721599584644,0.0,3.3978278400415354,1.6625698346054878,0.0,3.337430165394512,1.7115569095454901,0.0,3.2884430904545097,1.7413269756816014,0.0,3.258673024318399
2155,0.4,<1m,1.0,p05,p05,p05,0.015719115779179005,1.814090217255218,0.338432865281819,0.16400189073672877,0.5994336693774339,"<image>These are frames of a video.
Measuring from the closest point of each object, what is the direct distance between the trash bin and the table (in meters)?
Please answer the question using a single word or phrase.",0.29148962673292805,0.5,0.10851037326707197,0.415719115779179,1.0,0.015719115779179005,0.4498747026163177,0.8,0.04987470261631766,0.51683035600873,0.5,0.11683035600872993,0.5994336693774339,0.1,0.1994336693774339,0.6808322467454587,0.0,0.2808322467454587,0.754151981060998,0.0,0.354151981060998
2156,1.9,1-3m,0.1,p75,p75,p75,0.9355574661076398,7.609966462852588,2.6114239784170765,2.344885453138212,0.726882985560795,"<image>These are frames of a video.
Measuring from the closest point of each object, what is the direct distance between the lamp and the pillow (in meters)?
Please answer the question using a single word or phrase.",0.28741693606188684,0.0,1.6125830639381131,0.39507371075073405,0.0,1.5049262892492659,0.42387242299821026,0.0,1.4761275770017896,0.4906720129694279,0.0,1.409327987030572,0.726882985560795,0.0,1.173117014439205,2.8355574661076397,0.1,0.9355574661076398,3.0064976891678103,0.0,1.1064976891678104
2157,1.3,1-3m,1.0,min|p05|p10,p05,p05,0.019676119912875656,1.4090697282275748,0.5398395517211805,0.30349985615530484,1.5889636199198707,"<image>These are frames of a video.
Measuring from the closest point of each object, what is the direct distance between the trash can and the door (in meters)?
Please answer the question using a single word or phrase.",1.2547744421819145,1.0,0.04522555781808557,1.3196761199128757,1.0,0.019676119912875656,1.3563853103065948,1.0,0.05638531030659477,1.4398198445441126,0.8,0.13981984454411256,1.5889636199198707,0.6,0.28896361991987063,1.7433197006994174,0.4,0.4433197006994174,1.8595156716340562,0.2,0.5595156716340561
2158,2.7,1-3m,0.3,p90,p90,p90,1.0554695248878379,7.3583189937184175,1.4210377892805137,1.0882436498270502,1.147419047241494,"<image>These are frames of a video.
Measuring from the closest point of each object, what is the direct distance between the suitcase and the pillow (in meters)?
Please answer the question using a single word or phrase.",0.0019145760974419895,0.0,2.6980854239025582,0.22349268583164852,0.0,2.4765073141683516,0.2734022116156986,0.0,2.4265977883843015,0.4531664809977846,0.0,2.2468335190022155,1.147419047241494,0.0,1.5525809527585062,1.541410130824835,0.2,1.1585898691751653,1.6445304751121623,0.3,1.0554695248878379
2159,0.5,<1m,0.5,p05,p05,p05,0.14508499678955677,2.7230473188334177,1.1115119741379096,0.6817039958225863,1.4453437636978466,"<image>These are frames of a video.
Measuring from the closest point of each object, what is the direct distance between the door and the table (in meters)?
Please answer the question using a single word or phrase.",0.3076373974939559,0.3,0.1923626025060441,0.6450849967895568,0.5,0.14508499678955677,0.7371466551390563,0.1,0.2371466551390563,0.913117958930608,0.0,0.413117958930608,1.4453437636978466,0.0,0.9453437636978466,1.5948219547531943,0.0,1.0948219547531943,1.7565969709274665,0.0,1.2565969709274665
2160,6.4,>=3m,0.0,min|p05|p10|p25|median|p75|p90,p90,p90,4.31726978147478,1.0196035725369517,0.04004394846535364,0.02004907122489641,2.063382223886081,"<image>These are frames of a video.
Measuring from the closest point of each object, what is the direct distance between the heater and the clock (in meters)?
Please answer the question using a single word or phrase.",2.0288170304551163,0.0,4.3711829695448845,2.0426862700598676,0.0,4.357313729940133,2.0464914516207187,0.0,4.353508548379281,2.053841995330457,0.0,4.346158004669544,2.063382223886081,0.0,4.336617776113919,2.0738910665553534,0.0,4.326108933444647,2.082730218525221,0.0,4.31726978147478
2161,2.8,1-3m,0.0,min|p05|p10|p25|median|p75|p90,p90,p90,1.620402921257831,9.210512154141167,1.0515263418492364,0.5063942915873425,0.7059013476410555,"<image>These are frames of a video.
Measuring from the closest point of each object, what is the direct distance between the chair and the fireplace (in meters)?
Please answer the question using a single word or phrase.",0.0014160415384748184,0.0,2.798583958461525,0.12807073689293233,0.0,2.6719292631070677,0.17261560026822842,0.0,2.6273843997317714,0.4301515525927466,0.0,2.369848447407253,0.7059013476410555,0.0,2.0940986523589444,0.9365458441800891,0.0,1.8634541558199107,1.1795970787421688,0.0,1.620402921257831
2162,5.0,>=3m,0.0,min|p05|p10|p25|median|p75|p90,p90,p90,2.839170721713558,11.096355323949163,1.9660960334323643,1.4918302116591577,0.7287809296887202,"<image>These are frames of a video.
Measuring from the closest point of each object, what is the direct distance between the telephone and the trash can (in meters)?
Please answer the question using a single word or phrase.",0.11212211544854847,0.0,4.887877884551451,0.19473324485407778,0.0,4.805266755145922,0.23170296584690545,0.0,4.768297034153094,0.5168602759796956,0.0,4.483139724020305,0.7287809296887202,0.0,4.27121907031128,2.0086904876388534,0.0,2.9913095123611466,2.160829278286442,0.0,2.839170721713558
2163,3.2,>=3m,0.4,median|p75|p90,p90,p90,0.9706636535865716,1.1669547963772804,0.3189484262178661,0.16571377442454827,2.1031024542195036,"<image>These are frames of a video.
Measuring from the closest point of each object, what is the direct distance between the table and the washer (in meters)?
Please answer the question using a single word or phrase.",1.7856119190632336,0.2,1.4143880809367666,1.9103879201955625,0.2,1.2896120798044377,1.9335953275229834,0.3,1.2664046724770168,2.0043751128667218,0.3,1.1956248871332784,2.1031024542195036,0.4,1.0968975457804966,2.17008888729127,0.4,1.0299111127087301,2.2293363464134286,0.4,0.9706636535865716
2164,1.3,1-3m,0.8,p90,p90,p90,0.1897289704616687,2.6607561241184023,0.6929945194988397,0.3307338778709664,0.8347679416228431,"<image>These are frames of a video.
Measuring from the closest point of each object, what is the direct distance between the door and the bed (in meters)?
Please answer the question using a single word or phrase.",0.24595243398334116,0.0,1.0540475660166588,0.4172765100394916,0.0,0.8827234899605084,0.4954988982373293,0.0,0.8045011017626708,0.662863598414758,0.1,0.6371364015852421,0.8347679416228431,0.3,0.465232058377157,0.9935974762857244,0.6,0.3064025237142757,1.1102710295383313,0.8,0.1897289704616687
2165,1.6,1-3m,0.1,p90,p90,p90,0.7724380026221046,4.9723121171823434,0.661127956659058,0.22665713897606576,0.5626835744753425,"<image>These are frames of a video.
Measuring from the closest point of each object, what is the direct distance between the dishwasher and the stove (in meters)?
Please answer the question using a single word or phrase.",0.02833030234532714,0.0,1.571669697654673,0.16643404071883755,0.0,1.4335659592811625,0.23561865902727078,0.0,1.3643813409727292,0.43560319610270515,0.0,1.164396803897295,0.5626835744753425,0.0,1.0373164255246576,0.6622603350787709,0.0,0.9377396649212292,0.8275619973778955,0.1,0.7724380026221046
2166,0.8,<1m,0.5,p90,p90,p90,0.22765874999845226,3.5408818773582555,0.4107031977238609,0.1494843301106754,0.35775607807349685,"<image>These are frames of a video.
Measuring from the closest point of each object, what is the direct distance between the trash can and the laptop (in meters)?
Please answer the question using a single word or phrase.",0.03305161444529893,0.0,0.7669483855547011,0.16163805227768688,0.0,0.6383619477223131,0.2607380160411266,0.0,0.5392619839588735,0.3150674464971339,0.0,0.4849325535028661,0.35775607807349685,0.0,0.4422439219265032,0.46455177660780933,0.2,0.3354482233921907,0.5723412500015478,0.5,0.22765874999845226
2167,1.5,1-3m,0.8,p90,p90,p90,0.1970212098339803,7.797577557531383,1.1358783310102756,0.41548904954553967,0.9237510224353322,"<image>These are frames of a video.
Measuring from the closest point of each object, what is the direct distance between the door and the counter (in meters)?
Please answer the question using a single word or phrase.",0.0,0.0,1.5,0.1671004591557441,0.0,1.3328995408442559,0.26604866987471154,0.0,1.2339513301252885,0.7359929980288706,0.0,0.7640070019711294,0.9237510224353322,0.3,0.5762489775646678,1.1514820475744103,0.6,0.3485179524255897,1.3029787901660197,0.8,0.1970212098339803
2168,4.1,>=3m,0.0,min|p05|p10|p25|median|p75|p90,p90,p90,2.311692187869439,3.7179295337299845,1.3073121945679937,0.8286809974849858,0.8159097465149938,"<image>These are frames of a video.
Measuring from the closest point of each object, what is the direct distance between the cup and the suitcase (in meters)?
Please answer the question using a single word or phrase.",0.43567729365853847,0.0,3.664322706341461,0.480995617562567,0.0,3.6190043824374327,0.5090974681772668,0.0,3.590902531822733,0.5748732651218862,0.0,3.5251267348781132,0.8159097465149938,0.0,3.284090253485006,1.403554262606872,0.0,2.6964457373931277,1.7883078121305607,0.0,2.311692187869439
2170,0.8,<1m,0.8,p90,p90,p90,0.0930374644301808,1.6676906676427083,0.2830454691218098,0.14254187888970787,0.5558524046810469,"<image>These are frames of a video.
Measuring from the closest point of each object, what is the direct distance between the heater and the power strip (in meters)?
Please answer the question using a single word or phrase.",0.3471674253887783,0.0,0.4528325746112217,0.42391706644800947,0.1,0.3760829335519906,0.447096825947447,0.2,0.35290317405255306,0.495647205465837,0.3,0.30435279453416303,0.5558524046810469,0.4,0.24414759531895314,0.6381890843555449,0.6,0.16181091564445516,0.7069625355698193,0.8,0.0930374644301808
2171,0.8,<1m,0.1,min,min,min,0.36666001422698624,1.9162835389582529,1.136852039912232,0.862757221728987,1.9105844693079268,"<image>These are frames of a video.
Measuring from the closest point of each object, what is the direct distance between the trash bin and the mirror (in meters)?
Please answer the question using a single word or phrase.",1.1666600142269863,0.1,0.36666001422698624,1.2407207939201323,0.0,0.4407207939201323,1.2653405417469876,0.0,0.4653405417469876,1.3235678144618515,0.0,0.5235678144618514,1.9105844693079268,0.0,1.1105844693079268,2.1863250361908384,0.0,1.3863250361908384,2.3775728338323643,0.0,1.5775728338323642
2172,7.6,>=3m,0.0,min|p05|p10|p25|median|p75|p90,p90,p90,5.369327231324508,1.2822000967634417,0.49094994826219884,0.1941488513254992,1.9618025938431838,"<image>These are frames of a video.
Measuring from the closest point of each object, what is the direct distance between the radiator and the window (in meters)?
Please answer the question using a single word or phrase.",1.6040369097774394,0.0,5.99596309022256,1.739722820413293,0.0,5.860277179586706,1.773513801884097,0.0,5.826486198115902,1.8525942847241832,0.0,5.747405715275816,1.9618025938431838,0.0,5.638197406156816,2.0467431360496824,0.0,5.553256863950317,2.230672768675492,0.0,5.369327231324508
2173,2.4,1-3m,0.6,p90,p90,p90,0.5444614903056351,3.5955813055185564,1.339477725073404,0.9203970162328449,0.9794683426763606,"<image>These are frames of a video.
Measuring from the closest point of each object, what is the direct distance between the backpack and the tv (in meters)?
Please answer the question using a single word or phrase.",0.39839955020891976,0.0,2.00160044979108,0.5160607846209608,0.0,1.883939215379039,0.5504620718615902,0.0,1.8495379281384097,0.8583398272586095,0.0,1.5416601727413903,0.9794683426763606,0.0,1.4205316573236393,1.7787368434914543,0.5,0.6212631565085456,1.8555385096943648,0.6,0.5444614903056351
2174,0.5,<1m,0.8,p05,p05,p05,0.05862321348401922,1.8021553808164563,0.448102616545186,0.2690741359320151,0.7350205120589073,"<image>These are frames of a video.
Measuring from the closest point of each object, what is the direct distance between the mirror and the pillow (in meters)?
Please answer the question using a single word or phrase.",0.4235587623915713,0.7,0.07644123760842869,0.5586232134840192,0.8,0.05862321348401922,0.5903035939130024,0.7,0.09030359391300236,0.6518559640162929,0.4,0.15185596401629287,0.7350205120589073,0.1,0.23502051205890728,0.920930099948308,0.0,0.420930099948308,1.0067258300292052,0.0,0.5067258300292052
2175,1.8,1-3m,0.9,p90,p90,p90,0.12268932714666692,6.108016384332111,1.402702589424503,0.6768243657379035,1.031509399357402,"<image>These are frames of a video.
Measuring from the closest point of each object, what is the direct distance between the shoe rack and the suitcase (in meters)?
Please answer the question using a single word or phrase.",0.05935715070466921,0.0,1.7406428492953308,0.27460808342883003,0.0,1.52539191657117,0.40919740616488837,0.0,1.3908025938351116,0.7530827476093972,0.0,1.0469172523906027,1.031509399357402,0.2,0.768490600642598,1.4299071133473007,0.6,0.37009288665269935,1.6773106728533331,0.9,0.12268932714666692
2176,1.7,1-3m,0.9,p90,p90,p90,0.15759232114030586,2.1275054788356744,0.9844606936923166,0.47827333158699425,1.126000679395161,"<image>These are frames of a video.
Measuring from the closest point of each object, what is the direct distance between the slippers and the bed (in meters)?
Please answer the question using a single word or phrase.",0.7784631221443904,0.0,0.9215368778556096,0.8731316274479892,0.1,0.8268683725520107,0.9148434662200453,0.1,0.7851565337799546,1.0063810619021383,0.2,0.6936189380978617,1.126000679395161,0.4,0.573999320604839,1.4846543934891325,0.8,0.21534560651086743,1.8575923211403058,0.9,0.15759232114030586
2177,0.5,<1m,0.8,median,median,median,0.06929038644170338,5.0549707258585395,1.020361879351934,0.6473928730257208,0.5692903864417034,"<image>These are frames of a video.
Measuring from the closest point of each object, what is the direct distance between the backpack and the keyboard (in meters)?
Please answer the question using a single word or phrase.",0.08848870937834072,0.0,0.41151129062165925,0.2516323663806223,0.1,0.2483676336193777,0.3176342178933378,0.3,0.1823657821066622,0.41632755791586673,0.7,0.08367244208413327,0.5692903864417034,0.8,0.06929038644170338,1.0637204309415875,0.0,0.5637204309415875,1.2719942457325564,0.0,0.7719942457325564
2178,0.8,<1m,1.0,p25,p25,p25,0.03114744687639348,2.599034216525823,0.9535701132775268,0.6878306211540548,1.3556953759316503,"<image>These are frames of a video.
Measuring from the closest point of each object, what is the direct distance between the whiteboard and the heater (in meters)?
Please answer the question using a single word or phrase.",0.40175311148551196,0.1,0.3982468885144881,0.5963412811448913,0.5,0.20365871885510878,0.6463632668154117,0.7,0.15363673318458837,0.7688525531236066,1.0,0.03114744687639348,1.3556953759316503,0.0,0.5556953759316503,1.4566831742776614,0.0,0.6566831742776613,1.549911394422418,0.0,0.749911394422418
2179,1.5,1-3m,0.1,p90,p90,p90,0.6948071476740754,2.2195821301208913,0.4424250856373051,0.2144138749059068,0.5551188124700619,"<image>These are frames of a video.
Measuring from the closest point of each object, what is the direct distance between the bookshelf and the telephone (in meters)?
Please answer the question using a single word or phrase.",0.10382590951200685,0.0,1.3961740904879931,0.36276776668861954,0.0,1.1372322333113805,0.3936011178992476,0.0,1.1063988821007524,0.467152656125301,0.0,1.032847343874699,0.5551188124700619,0.0,0.9448811875299381,0.6815665310312078,0.0,0.8184334689687922,0.8051928523259246,0.1,0.6948071476740754
2180,1.1,1-3m,1.0,p90,p90,p90,0.02092831852766386,2.4428212882203257,0.6373399483014357,0.3851343553977765,0.7889031384606419,"<image>These are frames of a video.
Measuring from the closest point of each object, what is the direct distance between the tv and the bed (in meters)?
Please answer the question using a single word or phrase.",0.35319191041321085,0.0,0.7468080895867892,0.4417317331709005,0.0,0.6582682668290996,0.4771657395082361,0.0,0.622834260491764,0.5851766448533856,0.1,0.5148233551466145,0.7889031384606419,0.5,0.3110968615393582,0.9703110002511621,0.8,0.12968899974883796,1.0790716814723362,1.0,0.02092831852766386
2181,2.4,1-3m,0.5,p90,p90,p90,0.6588685056409473,3.1485637680712864,1.1881392024399924,0.5390254607254834,1.4145430723675352,"<image>These are frames of a video.
Measuring from the closest point of each object, what is the direct distance between the trash bin and the radiator (in meters)?
Please answer the question using a single word or phrase.",0.4328203298911857,0.0,1.9671796701088142,0.5529922919190601,0.0,1.8470077080809397,0.6130435570637406,0.0,1.7869564429362592,1.011087707759,0.0,1.388912292241,1.4145430723675352,0.2,0.9854569276324647,1.5501131684844833,0.3,0.8498868315155166,1.7411314943590526,0.5,0.6588685056409473
2182,4.4,>=3m,0.0,min|p05|p10|p25|median|p75|p90,p90,p90,3.4418064497914562,1.5021827346980414,0.3203260470907202,0.2042255294122387,0.760352841835387,"<image>These are frames of a video.
Measuring from the closest point of each object, what is the direct distance between the tv and the chair (in meters)?
Please answer the question using a single word or phrase.",0.5409965882268606,0.0,3.8590034117731395,0.6378675031178238,0.0,3.7621324968821765,0.6578856258935348,0.0,3.7421143741064657,0.6989149869471879,0.0,3.7010850130528126,0.760352841835387,0.0,3.6396471581646135,0.9031405163594266,0.0,3.4968594836405735,0.958193550208544,0.0,3.4418064497914562
2183,3.3,>=3m,0.0,min|p05|p10|p25|median|p75|p90,p90,p90,1.878878631416855,2.3308099005108245,0.8114099681503213,0.4792153681295378,1.0430980188621937,"<image>These are frames of a video.
Measuring from the closest point of each object, what is the direct distance between the chair and the door (in meters)?
Please answer the question using a single word or phrase.",0.3648513575257164,0.0,2.9351486424742834,0.6097114004328235,0.0,2.690288599567176,0.678317154736606,0.0,2.621682845263394,0.8381770884334,0.0,2.4618229115665997,1.0430980188621937,0.0,2.256901981137806,1.3173924565629378,0.0,1.982607543437062,1.4211213685831448,0.0,1.878878631416855
2184,0.5,<1m,0.9,median,median,median,0.03159415881916949,5.735291545037053,1.4335147349878272,0.23687426095656022,0.5315941588191695,"<image>These are frames of a video.
Measuring from the closest point of each object, what is the direct distance between the trash bin and the door (in meters)?
Please answer the question using a single word or phrase.",0.18221503898661776,0.0,0.31778496101338227,0.3027299842794812,0.3,0.19727001572051878,0.3345899611207649,0.4,0.1654100388792351,0.40804320710568026,0.7,0.09195679289431974,0.5315941588191695,0.9,0.03159415881916949,0.6449174680622405,0.5,0.14491746806224048,1.7362447192673085,0.0,1.2362447192673085
2185,4.9,>=3m,0.0,min|p05|p10|p25|median|p75|p90,p90,p90,3.3267201643443114,2.102409298982276,0.8249575006958529,0.600973801886896,1.0779022069783002,"<image>These are frames of a video.
Measuring from the closest point of each object, what is the direct distance between the trash can and the tv (in meters)?
Please answer the question using a single word or phrase.",0.47652353184030644,0.0,4.423476468159694,0.7483223349598362,0.0,4.1516776650401646,0.8321819060007142,0.0,4.0678180939992865,0.8934923152785943,0.0,4.006507684721406,1.0779022069783002,0.0,3.8220977930217,1.4944661171654903,0.0,3.40553388283451,1.5732798356556892,0.0,3.3267201643443114
2187,2.5,1-3m,0.3,p90,p90,p90,0.997238294406992,1.424315623567501,0.44768537228071725,0.1691013411047788,1.195801910065013,"<image>These are frames of a video.
Measuring from the closest point of each object, what is the direct distance between the bed and the stool (in meters)?
Please answer the question using a single word or phrase.",0.9728724912506682,0.0,1.5271275087493317,1.0550763333122908,0.0,1.4449236666877092,1.0748459743360115,0.0,1.4251540256639885,1.1222066688582153,0.0,1.3777933311417847,1.195801910065013,0.0,1.304198089934987,1.291308009962994,0.1,1.208691990037006,1.502761705593008,0.3,0.997238294406992
2188,4.8,>=3m,0.1,p75|p90,p90,p90,2.2065035784679154,5.089072762154684,2.083875800498949,1.8806201766225727,1.543397787080844,"<image>These are frames of a video.
Measuring from the closest point of each object, what is the direct distance between the telephone and the door (in meters)?
Please answer the question using a single word or phrase.",0.25592522107411997,0.0,4.5440747789258795,0.5096206210331355,0.0,4.290379378966865,0.5541741619788562,0.0,4.245825838021144,0.6579589504975234,0.0,4.142041049502477,1.543397787080844,0.0,3.256602212919156,2.538579127120096,0.1,2.2614208728799037,2.5934964215320844,0.1,2.2065035784679154
2189,0.7,<1m,1.0,p25,p25,p25,0.02857431363177454,1.6480961463164818,0.3529211879456744,0.16569559334511808,0.7595209591113716,"<image>These are frames of a video.
Measuring from the closest point of each object, what is the direct distance between the mirror and the window (in meters)?
Please answer the question using a single word or phrase.",0.3592095954330252,0.1,0.34079040456697474,0.5445506657484953,0.6,0.15544933425150465,0.5927253219317948,0.7,0.10727467806820512,0.6714256863682254,1.0,0.02857431363177454,0.7595209591113716,0.9,0.059520959111371674,0.8371212797133435,0.7,0.13712127971334354,0.8974718536941697,0.5,0.19747185369416975
2190,3.4,>=3m,0.0,min|p05|p10|p25|median|p75|p90,p90,p90,1.8207503771076283,5.192347817531425,1.275100194080958,1.1125384046228133,1.4193884199827211,"<image>These are frames of a video.
Measuring from the closest point of each object, what is the direct distance between the refrigerator and the sofa (in meters)?
Please answer the question using a single word or phrase.",0.16284345233474837,0.0,3.2371565476652515,0.3041494288114134,0.0,3.0958505711885866,0.33176019383064453,0.0,3.0682398061693554,0.4032437739699938,0.0,2.9967562260300062,1.4193884199827211,0.0,1.9806115800172788,1.5157821785928072,0.0,1.8842178214071927,1.5792496228923716,0.0,1.8207503771076283
2191,0.7,<1m,0.6,p25,p25,p25,0.16097139943723449,8.391963184007082,1.5004897027221755,1.051209420380201,1.1201166777668485,"<image>These are frames of a video.
Measuring from the closest point of each object, what is the direct distance between the mirror and the door (in meters)?
Please answer the question using a single word or phrase.",0.01060255920630766,0.0,0.6893974407936923,0.2029893365768606,0.0,0.4970106634231394,0.30726530207830094,0.0,0.392734697921699,0.5390286005627655,0.6,0.16097139943723449,1.1201166777668485,0.0,0.4201166777668486,1.5902380209429663,0.0,0.8902380209429663,1.7034790392990362,0.0,1.0034790392990363
2192,1.9,1-3m,0.2,p90,p90,p90,0.7702728487603852,7.842411703516916,0.9856736133804648,0.6979977044247125,0.5783984151179007,"<image>These are frames of a video.
Measuring from the closest point of each object, what is the direct distance between the backpack and the table (in meters)?
Please answer the question using a single word or phrase.",0.003594712780712825,0.0,1.8964052872192871,0.14405353785914995,0.0,1.75594646214085,0.20921973770200783,0.0,1.6907802622979922,0.33063929188822017,0.0,1.5693607081117797,0.5783984151179007,0.0,1.3216015848820992,1.0286369963129327,0.1,0.8713630036870672,1.1297271512396148,0.2,0.7702728487603852
2193,0.7,<1m,1.0,min,min,min,0.006241809389564534,2.23887922824477,0.9459119097271586,0.7867215471838787,1.056623375191308,"<image>These are frames of a video.
Measuring from the closest point of each object, what is the direct distance between the trash bin and the mirror (in meters)?
Please answer the question using a single word or phrase.",0.7062418093895645,1.0,0.006241809389564534,0.7635222935066203,0.9,0.06352229350662031,0.7856328054743059,0.8,0.08563280547430596,0.8483627921243497,0.6,0.14836279212434977,1.056623375191308,0.0,0.35662337519130793,1.6350843393082284,0.0,0.9350843393082284,1.7094342032337788,0.0,1.0094342032337789
2194,1.9,1-3m,0.6,p90,p90,p90,0.40158671093797316,8.691599492918181,1.3260154133565347,0.969540270156434,1.1779086286030083,"<image>These are frames of a video.
Measuring from the closest point of each object, what is the direct distance between the trash can and the cutting board (in meters)?
Please answer the question using a single word or phrase.",0.0015779860047590855,0.0,1.8984220139952408,0.1723978757054921,0.0,1.7276021242945079,0.22914182459052082,0.0,1.6708581754094791,0.3480405255858803,0.0,1.5519594744141196,1.1779086286030083,0.3,0.7220913713969916,1.3175807957423142,0.4,0.5824192042576857,1.4984132890620268,0.6,0.40158671093797316
2195,0.8,<1m,1.0,p25,p25,p25,0.03852520043663632,3.1134587611973985,1.3786346126043112,0.8005516909001804,1.1457862552585583,"<image>These are frames of a video.
Measuring from the closest point of each object, what is the direct distance between the whiteboard and the table (in meters)?
Please answer the question using a single word or phrase.",0.5232443825261338,0.4,0.27675561747386623,0.6523120478694525,0.7,0.14768795213054753,0.7005243799759854,0.8,0.09947562002401467,0.8385252004366364,1.0,0.03852520043663632,1.1457862552585583,0.2,0.3457862552585582,1.6390768913368168,0.0,0.8390768913368167,2.030946660473764,0.0,1.2309466604737638
2196,2.3,1-3m,0.1,p90,p90,p90,1.0505996989467508,3.2827647322477542,0.868806380087805,0.47723186454187005,0.8086987389912299,"<image>These are frames of a video.
Measuring from the closest point of each object, what is the direct distance between the chair and the door (in meters)?
Please answer the question using a single word or phrase.",0.10232004241467818,0.0,2.1976799575853216,0.3805939209654441,0.0,1.9194060790345557,0.4526479092196377,0.0,1.8473520907803622,0.5947892392861058,0.0,1.705210760713894,0.8086987389912299,0.0,1.49130126100877,1.0720211038279759,0.0,1.227978896172024,1.249400301053249,0.1,1.0505996989467508
2197,0.5,<1m,0.9,p25,p25,p25,0.03528961065622571,4.855235525456357,0.8825251948716205,0.4878363174310081,0.9509121122178998,"<image>These are frames of a video.
Measuring from the closest point of each object, what is the direct distance between the backpack and the door (in meters)?
Please answer the question using a single word or phrase.",0.05814156997900981,0.0,0.4418584300209902,0.22891602576399092,0.0,0.27108397423600905,0.319694783589353,0.3,0.180305216410647,0.5352896106562257,0.9,0.03528961065622571,0.9509121122178998,0.0,0.45091211221789984,1.0231259280872338,0.0,0.5231259280872338,1.1114412206356115,0.0,0.6114412206356115
2198,1.2,1-3m,0.6,median|p75,median,median,0.2833563342751575,7.922673218842292,1.5818432653167926,0.9032805945421712,0.9166436657248425,"<image>These are frames of a video.
Measuring from the closest point of each object, what is the direct distance between the laptop and the bed (in meters)?
Please answer the question using a single word or phrase.",0.01319996698716979,0.0,1.18680003301283,0.22850179624415826,0.0,0.9714982037558417,0.31316744642159217,0.0,0.8868325535784078,0.5850038390492097,0.0,0.6149961609507902,0.9166436657248425,0.6,0.2833563342751575,1.488284433591381,0.6,0.288284433591381,1.8103450615609509,0.0,0.6103450615609509
2199,0.7,<1m,1.0,median,median,median,0.02214466007230209,7.34593376213673,1.3032924790606886,0.7804414619083996,0.6778553399276979,"<image>These are frames of a video.
Measuring from the closest point of each object, what is the direct distance between the basket and the trash can (in meters)?
Please answer the question using a single word or phrase.",0.0,0.0,0.7,0.20537442209637227,0.0,0.4946255779036277,0.30650051321151495,0.0,0.393499486788485,0.5660987253235171,0.7,0.13390127467648283,0.6778553399276979,1.0,0.02214466007230209,1.3465401872319167,0.0,0.6465401872319168,1.5086669011570608,0.0,0.8086669011570609
2200,2.0,1-3m,0.9,p90,p90,p90,0.10044882456259496,5.8033179727327555,1.5722296010617527,1.2058673169940335,1.0457840345471865,"<image>These are frames of a video.
Measuring from the closest point of each object, what is the direct distance between the window and the sofa (in meters)?
Please answer the question using a single word or phrase.",0.1260804698909754,0.0,1.8739195301090246,0.3273215743756524,0.0,1.6726784256243477,0.3917618312409663,0.0,1.6082381687590337,0.5432726815032285,0.0,1.4567273184967715,1.0457840345471865,0.1,0.9542159654528135,1.749139998497262,0.8,0.250860001502738,1.899551175437405,0.9,0.10044882456259496
2201,2.5,1-3m,0.0,min|p05|p10|p25|median|p75|p90,p90,p90,1.331278682749448,10.604687004928758,1.058513319908682,0.8292537261737939,0.24308990632648708,"<image>These are frames of a video.
Measuring from the closest point of each object, what is the direct distance between the computer mouse and the pillow (in meters)?
Please answer the question using a single word or phrase.",0.009768869675672958,0.0,2.490231130324327,0.11020799734187,0.0,2.38979200265813,0.14374735427259666,0.0,2.3562526457274036,0.19825590976517715,0.0,2.301744090234823,0.24308990632648708,0.0,2.256910093673513,1.027509635938971,0.0,1.472490364061029,1.168721317250552,0.0,1.331278682749448
2202,1.4,1-3m,0.7,median,median,median,0.27812458599454914,6.868840547220163,1.8734442483994016,1.202288370153399,1.678124585994549,"<image>These are frames of a video.
Measuring from the closest point of each object, what is the direct distance between the radiator and the mirror (in meters)?
Please answer the question using a single word or phrase.",0.004486202990858804,0.0,1.3955137970091411,0.31921880196366514,0.0,1.0807811980363349,0.4199268447679359,0.0,0.9800731552320641,0.7660133576067263,0.1,0.6339866423932736,1.678124585994549,0.7,0.27812458599454914,1.9683017277601254,0.2,0.5683017277601254,2.1926630503630666,0.0,0.7926630503630667
2203,2.3,1-3m,0.4,p90,p90,p90,0.804052981989364,12.345334063273967,1.3747719238136373,0.5570152400802901,0.9556766331528915,"<image>These are frames of a video.
Measuring from the closest point of each object, what is the direct distance between the ceiling light and the stapler (in meters)?
Please answer the question using a single word or phrase.",0.03350038258750812,0.0,2.266499617412492,0.12117509419699839,0.0,2.1788249058030016,0.13964712403115126,0.0,2.1603528759688486,0.6315257284351801,0.0,1.6684742715648198,0.9556766331528915,0.0,1.3443233668471084,1.1885409685154702,0.1,1.1114590314845296,1.4959470180106358,0.4,0.804052981989364
2204,6.0,>=3m,0.0,min|p05|p10|p25|median|p75|p90,p90,p90,3.253892912492227,17.782662660794156,2.5916809962136846,1.0050715537328354,1.67917903569704,"<image>These are frames of a video.
Measuring from the closest point of each object, what is the direct distance between the toilet and the tv (in meters)?
Please answer the question using a single word or phrase.",0.07485374339177764,0.0,5.9251462566082225,0.15442609129408827,0.0,5.845573908705911,0.24183234900994527,0.0,5.758167650990055,1.5497701120049545,0.0,4.450229887995046,1.67917903569704,0.0,4.3208209643029605,2.55484166573779,0.0,3.44515833426221,2.746107087507773,0.0,3.253892912492227
2205,1.6,1-3m,1.0,median,median,median,0.06032758460905674,2.4629584002527554,1.1383819004915134,0.9726831614339853,1.5396724153909433,"<image>These are frames of a video.
Measuring from the closest point of each object, what is the direct distance between the trash bin and the towel (in meters)?
Please answer the question using a single word or phrase.",0.6633800122114574,0.0,0.9366199877885427,0.7781368904917838,0.0,0.8218631095082163,0.8223657118694814,0.1,0.7776342881305187,0.9141982455768367,0.2,0.6858017544231634,1.5396724153909433,1.0,0.06032758460905674,1.886881407010822,0.7,0.2868814070108219,1.9165187909832972,0.7,0.31651879098329716
2206,2.9,1-3m,0.1,p90,p90,p90,1.3686317005024384,4.077971568451867,1.1558462356988382,0.6060132168254219,1.2257202599806498,"<image>These are frames of a video.
Measuring from the closest point of each object, what is the direct distance between the sofa and the shoes (in meters)?
Please answer the question using a single word or phrase.",0.1480649993263527,0.0,2.7519350006736474,0.37552206379872327,0.0,2.5244779362012766,0.42765794723548256,0.0,2.4723420527645175,0.7600343144075205,0.0,2.1399656855924793,1.2257202599806498,0.0,1.67427974001935,1.3660475312329423,0.0,1.5339524687670576,1.5313682994975615,0.1,1.3686317005024384
2207,0.4,<1m,1.0,p10,p10,p10,0.0009926248153994677,2.1750757073041163,0.43842074647505674,0.2855654215174027,0.5893612125942816,"<image>These are frames of a video.
Measuring from the closest point of each object, what is the direct distance between the heater and the monitor (in meters)?
Please answer the question using a single word or phrase.",0.2839527468401608,0.5,0.11604725315983921,0.3731000000679879,0.9,0.026899999932012142,0.39900737518460055,1.0,0.0009926248153994677,0.45384543582130066,0.8,0.053845435821300636,0.5893612125942816,0.1,0.18936121259428162,0.7394108573387034,0.0,0.33941085733870335,0.8115207465430446,0.0,0.4115207465430446
2208,1.0,1-3m,0.4,median,median,median,0.3243119531743477,20.242145221164908,2.348454341061869,1.2116051145047309,1.3243119531743477,"<image>These are frames of a video.
Measuring from the closest point of each object, what is the direct distance between the sofa and the chair (in meters)?
Please answer the question using a single word or phrase.",0.0,0.0,1.0,0.12204742839580829,0.0,0.8779525716041917,0.18836593577085914,0.0,0.8116340642291409,0.38491621986705,0.0,0.6150837801329501,1.3243119531743477,0.4,0.3243119531743477,1.5965213343717808,0.0,0.5965213343717808,2.470501769457677,0.0,1.4705017694576772
2209,4.0,>=3m,0.0,min|p05|p10|p25|median|p75|p90,p90,p90,2.1769195638675067,5.532339074564669,1.493548856169465,0.5157694117936531,1.434444554594974,"<image>These are frames of a video.
Measuring from the closest point of each object, what is the direct distance between the keyboard and the window (in meters)?
Please answer the question using a single word or phrase.",0.11789212857202472,0.0,3.882107871427975,0.32953157996302834,0.0,3.6704684200369715,0.6395401254755176,0.0,3.3604598745244822,1.0796864810421831,0.0,2.920313518957817,1.434444554594974,0.0,2.565555445405026,1.5954558928358362,0.0,2.404544107164164,1.8230804361324933,0.0,2.1769195638675067
2210,2.7,1-3m,0.4,p90,p90,p90,0.8919902274037521,7.822979095809256,1.5768945221969732,1.246884772813478,1.2974336204567811,"<image>These are frames of a video.
Measuring from the closest point of each object, what is the direct distance between the lamp and the desk (in meters)?
Please answer the question using a single word or phrase.",0.0036602760616682504,0.0,2.696339723938332,0.23111525039927475,0.0,2.4688847496007256,0.26789432065259655,0.0,2.4321056793474036,0.36870149205359426,0.0,2.331298507946406,1.2974336204567811,0.0,1.402566379543219,1.6155862648670722,0.2,1.084413735132928,1.808009772596248,0.4,0.8919902274037521
2211,0.8,<1m,0.8,p90,p90,p90,0.08453887029687479,4.056006983125229,0.6664576702454585,0.10760782501896554,0.3938305517124364,"<image>These are frames of a video.
Measuring from the closest point of each object, what is the direct distance between the laptop and the headphones (in meters)?
Please answer the question using a single word or phrase.",0.014676291336221264,0.0,0.7853237086637788,0.21808120005141635,0.0,0.5819187999485838,0.2651116717359166,0.0,0.5348883282640835,0.34604853277589515,0.0,0.4539514672241049,0.3938305517124364,0.0,0.40616944828756363,0.4536563577948607,0.2,0.34634364220513936,0.8845388702968748,0.8,0.08453887029687479
2212,1.5,1-3m,1.0,p90,p90,p90,0.0025345065644686304,1.818756669727765,0.674119787899411,0.39663646715391454,1.1468996196776486,"<image>These are frames of a video.
Measuring from the closest point of each object, what is the direct distance between the blanket and the heater (in meters)?
Please answer the question using a single word or phrase.",0.7179833320510229,0.0,0.7820166679489771,0.8233457055361204,0.1,0.6766542944638796,0.857340481191072,0.2,0.642659518808928,0.9371266605387901,0.3,0.5628733394612099,1.1468996196776486,0.6,0.35310038032235136,1.3337631276927047,0.8,0.16623687230729534,1.4974654934355314,1.0,0.0025345065644686304
2213,0.8,<1m,0.8,p90,p90,p90,0.11142173158978119,4.40834853914819,0.5323795780627287,0.29509907756065995,0.5076758225733224,"<image>These are frames of a video.
Measuring from the closest point of each object, what is the direct distance between the door and the counter (in meters)?
Please answer the question using a single word or phrase.",0.0015902380570981666,0.0,0.7984097619429019,0.15619869034749018,0.0,0.6438013096525099,0.19858247687765235,0.0,0.6014175231223478,0.2946564565469691,0.0,0.5053435434530309,0.5076758225733224,0.3,0.2923241774266776,0.589755534107629,0.5,0.210244465892371,0.6885782684102189,0.8,0.11142173158978119
2214,0.8,<1m,1.0,p75,p75,p75,0.039432202106268854,4.182748327753645,0.9891974511742534,0.44649801818729895,0.5228753535562538,"<image>These are frames of a video.
Measuring from the closest point of each object, what is the direct distance between the microwave and the bed (in meters)?
Please answer the question using a single word or phrase.",0.23590444699339216,0.0,0.5640955530066079,0.3107997709238983,0.0,0.4892002290761017,0.3340120782885431,0.0,0.4659879217114569,0.39293418391896995,0.0,0.4070658160810301,0.5228753535562538,0.4,0.27712464644374624,0.8394322021062689,1.0,0.039432202106268854,1.2999972220981517,0.0,0.4999972220981517
2215,3.0,>=3m,0.0,min|p05|p10|p25|median|p75|p90,p90,p90,1.5534990276771503,9.952705572480555,1.301163509882239,0.6664480065017161,0.8179425597996952,"<image>These are frames of a video.
Measuring from the closest point of each object, what is the direct distance between the cup and the shoe rack (in meters)?
Please answer the question using a single word or phrase.",0.0007332673538063937,0.0,2.9992667326461935,0.14533746244061072,0.0,2.8546625375593893,0.23777417195073464,0.0,2.7622258280492655,0.47766885462857,0.0,2.52233114537143,0.8179425597996952,0.0,2.182057440200305,1.144116861130286,0.0,1.855883138869714,1.4465009723228497,0.0,1.5534990276771503
2216,4.9,>=3m,0.0,min|p05|p10|p25|median|p75|p90,p90,p90,3.8084939761995518,3.514771228505456,0.7809577824389258,0.47271982375338206,0.5767983327145574,"<image>These are frames of a video.
Measuring from the closest point of each object, what is the direct distance between the stool and the refrigerator (in meters)?
Please answer the question using a single word or phrase.",0.022162790411514928,0.0,4.877837209588486,0.31054824136152287,0.0,4.589451758638478,0.34885497097359885,0.0,4.551145029026402,0.4977287106663142,0.0,4.402271289333687,0.5767983327145574,0.0,4.323201667285443,0.9704485344196963,0.0,3.929551465580304,1.0915060238004486,0.0,3.8084939761995518
2217,2.3,1-3m,0.0,min|p05|p10|p25|median|p75|p90,p90,p90,1.2149088175230578,5.2060471176476035,0.8766621848217595,0.5558447203996861,0.6974303255712697,"<image>These are frames of a video.
Measuring from the closest point of each object, what is the direct distance between the table and the exhaust fan (in meters)?
Please answer the question using a single word or phrase.",0.15723720166080116,0.0,2.1427627983391986,0.2084289976551825,0.0,2.0915710023448173,0.2678897499721735,0.0,2.0321102500278263,0.43382200120005915,0.0,1.8661779987999407,0.6974303255712697,0.0,1.60256967442873,0.9896667215997453,0.0,1.3103332784002544,1.085091182476942,0.0,1.2149088175230578
2218,1.9,1-3m,0.2,p90,p90,p90,0.7839423471350633,3.8741568793895196,0.82798009493166,0.19915699761399652,0.7135722571224157,"<image>These are frames of a video.
Measuring from the closest point of each object, what is the direct distance between the table and the dishwasher (in meters)?
Please answer the question using a single word or phrase.",0.02831660590134504,0.0,1.8716833940986548,0.28807755793327666,0.0,1.6119224420667233,0.47660653528317,0.0,1.4233934647168298,0.6236927392888914,0.0,1.2763072607111086,0.7135722571224157,0.0,1.1864277428775842,0.8228497369028879,0.0,1.0771502630971121,1.1160576528649366,0.2,0.7839423471350633
2219,0.8,<1m,0.7,p90,p90,p90,0.15849526633286015,1.7558510921977948,0.2761521496594779,0.13230838412506546,0.5252334641035221,"<image>These are frames of a video.
Measuring from the closest point of each object, what is the direct distance between the coat hanger and the door (in meters)?
Please answer the question using a single word or phrase.",0.21629853271212302,0.0,0.5837014672878771,0.365352584007662,0.0,0.434647415992338,0.39657337205802906,0.0,0.403426627941971,0.45656322616200623,0.2,0.3434367738379938,0.5252334641035221,0.4,0.2747665358964779,0.5888716102870717,0.5,0.21112838971292835,0.6415047336671399,0.7,0.15849526633286015
2221,1.0,1-3m,0.9,p75,p75,p75,0.06831977646734866,12.000566839653322,1.1007036246551873,0.5708073442225619,0.5877861991695882,"<image>These are frames of a video.
Measuring from the closest point of each object, what is the direct distance between the fireplace and the table (in meters)?
Please answer the question using a single word or phrase.",0.0,0.0,1.0,0.10005880975946832,0.0,0.8999411902405317,0.19797310315078964,0.0,0.8020268968492104,0.36087287931008954,0.0,0.6391271206899105,0.5877861991695882,0.2,0.4122138008304118,0.9316802235326513,0.9,0.06831977646734866,1.2007624344146557,0.6,0.2007624344146557
2222,1.6,1-3m,0.7,p90,p90,p90,0.2639803656986188,6.069070889092578,1.5568525697375284,0.5287033612198988,0.9364915519552328,"<image>These are frames of a video.
Measuring from the closest point of each object, what is the direct distance between the whiteboard and the power strip (in meters)?
Please answer the question using a single word or phrase.",0.05165593387179165,0.0,1.5483440661282084,0.3071277959610904,0.0,1.2928722040389098,0.3896364813257412,0.0,1.210363518674259,0.6268675315237475,0.0,0.9731324684762526,0.9364915519552328,0.2,0.6635084480447673,1.1555708927436463,0.5,0.44442910725635376,1.863980365698619,0.7,0.2639803656986188
2223,2.9,1-3m,0.4,p90,p90,p90,1.0135228673221868,6.6127125700586,1.601196756025801,1.23278340125893,0.6835686257128256,"<image>These are frames of a video.
Measuring from the closest point of each object, what is the direct distance between the radiator and the sofa (in meters)?
Please answer the question using a single word or phrase.",0.0,0.0,2.9,0.2852803766520122,0.0,2.6147196233479875,0.361035945889751,0.0,2.5389640541102487,0.45500348568369986,0.0,2.4449965143163,0.6835686257128256,0.0,2.216431374287174,1.68778688694263,0.2,1.21221311305737,1.8864771326778131,0.4,1.0135228673221868
2224,4.1,>=3m,0.0,min|p05|p10|p25|median|p75|p90,p90,p90,2.5066821537426067,26.80070529873379,1.5338672523831838,0.9040882634913051,0.7540928814231622,"<image>These are frames of a video.
Measuring from the closest point of each object, what is the direct distance between the sofa and the stool (in meters)?
Please answer the question using a single word or phrase.",0.0,0.0,4.1,0.059450593874209354,0.0,4.04054940612579,0.08534910319816652,0.0,4.014650896801833,0.17882228052242852,0.0,3.921177719477571,0.7540928814231622,0.0,3.3459071185768376,1.0829105440137337,0.0,3.017089455986266,1.5933178462573931,0.0,2.5066821537426067
2225,1.8,1-3m,0.9,p90,p90,p90,0.13745981339523872,8.819738087563552,1.7177866446276546,0.6209036277798755,1.0505019912983118,"<image>These are frames of a video.
Measuring from the closest point of each object, what is the direct distance between the chair and the microwave (in meters)?
Please answer the question using a single word or phrase.",0.0016617831516743664,0.0,1.7983382168483257,0.21967316876758422,0.0,1.580326831232416,0.3441121896570803,0.0,1.4558878103429198,0.5563170407750485,0.0,1.2436829592249516,1.0505019912983118,0.2,0.7494980087016883,1.177220668554924,0.4,0.622779331445076,1.9374598133952388,0.9,0.13745981339523872
2226,0.7,<1m,0.5,p75,p75,p75,0.1964959268475368,11.456983741640409,0.9184308356778936,0.5484327859672931,0.44337245079404414,"<image>These are frames of a video.
Measuring from the closest point of each object, what is the direct distance between the stool and the table (in meters)?
Please answer the question using a single word or phrase.",0.00038317763203381147,0.0,0.6996168223679662,0.08782942178829643,0.0,0.6121705782117035,0.2241851175372845,0.0,0.4758148824627154,0.34806314088024365,0.0,0.3519368591197563,0.44337245079404414,0.3,0.2566275492059558,0.8964959268475368,0.5,0.1964959268475368,1.00626025746619,0.2,0.3062602574661901
2227,0.9,<1m,0.9,p75,p75,p75,0.06047257937575645,3.952068474600439,0.8791707968803946,0.5663081342866565,0.5590324878498001,"<image>These are frames of a video.
Measuring from the closest point of each object, what is the direct distance between the fireplace and the sofa (in meters)?
Please answer the question using a single word or phrase.",0.1862254380617886,0.0,0.7137745619382114,0.2978151775423807,0.0,0.6021848224576194,0.32637769266984196,0.0,0.5736223073301581,0.3941644450890999,0.0,0.5058355549109002,0.5590324878498001,0.3,0.34096751215019994,0.9604725793757565,0.9,0.06047257937575645,1.1769859744227753,0.4,0.2769859744227753
2228,3.0,>=3m,0.4,p90,p90,p90,0.9269433161648255,4.261209551738755,1.58656179109063,1.1003431670567156,1.2116524888300337,"<image>These are frames of a video.
Measuring from the closest point of each object, what is the direct distance between the power strip and the door (in meters)?
Please answer the question using a single word or phrase.",0.2322093410331065,0.0,2.7677906589668937,0.48649489274454455,0.0,2.5135051072554555,0.5671336946662088,0.0,2.4328663053337913,0.8300784164336346,0.0,2.1699215835663654,1.2116524888300337,0.0,1.7883475111699663,1.9304215834903502,0.3,1.0695784165096498,2.0730566838351745,0.4,0.9269433161648255
2229,1.5,1-3m,0.4,p90,p90,p90,0.5183594931237987,1.4505117278863668,0.3048858912436808,0.15008875132224053,0.8578291361861515,"<image>These are frames of a video.
Measuring from the closest point of each object, what is the direct distance between the stove and the washer (in meters)?
Please answer the question using a single word or phrase.",0.5454778987666941,0.0,0.9545221012333059,0.6767546156325205,0.0,0.8232453843674795,0.7045033802105221,0.0,0.7954966197894779,0.7753581063659252,0.1,0.7246418936340748,0.8578291361861515,0.2,0.6421708638138485,0.9254468576881657,0.3,0.5745531423118343,0.9816405068762013,0.4,0.5183594931237987
2230,2.7,1-3m,0.2,p90,p90,p90,1.1547128950063976,3.6030797950503164,1.1164075927728572,0.5196644899479602,0.9599441834411271,"<image>These are frames of a video.
Measuring from the closest point of each object, what is the direct distance between the refrigerator and the window (in meters)?
Please answer the question using a single word or phrase.",0.05962874413937956,0.0,2.6403712558606207,0.4288795122207453,0.0,2.271120487779255,0.5211365135148907,0.0,2.1788634864851097,0.8001384494724956,0.0,1.8998615505275045,0.9599441834411271,0.0,1.740055816558873,1.3198029394204558,0.0,1.3801970605795444,1.5452871049936026,0.2,1.1547128950063976
2231,2.4,1-3m,0.1,p90,p90,p90,1.1589228371911193,3.348048773162533,0.8703904593303731,0.22247324758549547,0.950895036865765,"<image>These are frames of a video.
Measuring from the closest point of each object, what is the direct distance between the table and the stool (in meters)?
Please answer the question using a single word or phrase.",0.0716250146028542,0.0,2.328374985397146,0.37068670347850746,0.0,2.0293132965214924,0.4000514481223368,0.0,1.9999485518776632,0.8146354482445751,0.0,1.5853645517554247,0.950895036865765,0.0,1.4491049631342348,1.0371086958300706,0.0,1.3628913041699293,1.2410771628088806,0.1,1.1589228371911193
2232,6.7,>=3m,0.0,min|p05|p10|p25|median|p75|p90,p90,p90,4.460115937220785,3.8484672308370222,1.6578642797259893,1.1573462674682975,1.8032791816247289,"<image>These are frames of a video.
Measuring from the closest point of each object, what is the direct distance between the microwave and the tv (in meters)?
Please answer the question using a single word or phrase.",0.4937044105492144,0.0,6.206295589450786,0.5820197830532268,0.0,6.117980216946774,0.8330156649124973,0.0,5.866984335087503,0.9335298755386499,0.0,5.7664701244613505,1.8032791816247289,0.0,4.896720818375272,2.0908761430069474,0.0,4.609123856993053,2.239884062779216,0.0,4.460115937220785
2233,4.3,>=3m,0.0,min|p05|p10|p25|median|p75|p90,p90,p90,2.2111125471656514,1.1001039019345493,0.19007821385155022,0.08920852679060176,2.0156704261153706,"<image>These are frames of a video.
Measuring from the closest point of each object, what is the direct distance between the tv and the dishwasher (in meters)?
Please answer the question using a single word or phrase.",1.8021804047048147,0.0,2.4978195952951854,1.8988092389827982,0.0,2.401190761017202,1.9195182475311843,0.0,2.3804817524688158,1.9693672191644265,0.0,2.3306327808355736,2.0156704261153706,0.0,2.284329573884629,2.0585757459550282,0.0,2.2414242540449716,2.0888874528343484,0.0,2.2111125471656514
2234,4.6,>=3m,0.0,min|p05|p10|p25|median|p75|p90,p90,p90,2.480760158833448,1.0556854460734197,0.11178596458903467,0.06832564947355779,2.0574419216666913,"<image>These are frames of a video.
Measuring from the closest point of each object, what is the direct distance between the trash bin and the fan (in meters)?
Please answer the question using a single word or phrase.",1.9313420316948149,0.0,2.668657968305185,2.007453876577517,0.0,2.5925461234224825,2.0153946619282066,0.0,2.584605338071793,2.031183659849711,0.0,2.568816340150289,2.0574419216666913,0.0,2.5425580783333084,2.0995093093232686,0.0,2.500490690676731,2.119239841166552,0.0,2.480760158833448
2235,1.9,1-3m,0.4,p90,p90,p90,0.6130924784949361,4.5933823631606,1.006741965981928,0.5419385416013638,0.7220690842500145,"<image>These are frames of a video.
Measuring from the closest point of each object, what is the direct distance between the crate and the refrigerator (in meters)?
Please answer the question using a single word or phrase.",0.021786360762063795,0.0,1.878213639237936,0.28016555552313577,0.0,1.6198344444768642,0.387756987102609,0.0,1.512243012897391,0.5272116896110357,0.0,1.3727883103889642,0.7220690842500145,0.0,1.1779309157499855,1.0691502312123995,0.2,0.8308497687876004,1.2869075215050638,0.4,0.6130924784949361
2236,1.6,1-3m,0.4,p90,p90,p90,0.48934357411305096,6.631043476892322,0.9431629642986887,0.3476916055816628,0.8930957664801902,"<image>These are frames of a video.
Measuring from the closest point of each object, what is the direct distance between the stove and the table (in meters)?
Please answer the question using a single word or phrase.",0.00440094153800776,0.0,1.5955990584619923,0.16749346158826045,0.0,1.4325065384117397,0.2482139741482237,0.0,1.3517860258517764,0.6651055841727356,0.0,0.9348944158272645,0.8930957664801902,0.2,0.7069042335198099,1.0127971897543984,0.3,0.5872028102456017,1.1106564258869491,0.4,0.48934357411305096
2237,2.0,1-3m,0.2,p75|p90,p90,p90,0.8400986696737405,1.5568391538800155,0.4148652567951513,0.2991232587935091,1.0825754587222227,"<image>These are frames of a video.
Measuring from the closest point of each object, what is the direct distance between the heater and the ceiling light (in meters)?
Please answer the question using a single word or phrase.",0.6891991412554823,0.0,1.3108008587445177,0.7450360735311082,0.0,1.2549639264688919,0.7676961458810474,0.0,1.2323038541189526,0.8273202455461344,0.0,1.1726797544538656,1.0825754587222227,0.1,0.9174245412777773,1.1264435043396435,0.2,0.8735564956603565,1.1599013303262595,0.2,0.8400986696737405
2238,0.8,<1m,0.9,p90,p90,p90,0.046854981513930305,3.6947291112272422,0.617648737694708,0.373943616982494,0.529990931964921,"<image>These are frames of a video.
Measuring from the closest point of each object, what is the direct distance between the stool and the bed (in meters)?
Please answer the question using a single word or phrase.",0.0009405731497805829,0.0,0.7990594268502195,0.22920624381922244,0.0,0.5707937561807777,0.2563412099495108,0.0,0.5436587900504892,0.334462849474205,0.0,0.46553715052579503,0.529990931964921,0.4,0.27000906803507907,0.708406466456699,0.8,0.09159353354330102,0.8468549815139303,0.9,0.046854981513930305
2239,0.4,<1m,0.9,p10,p10,p10,0.03277022370726662,3.8672337584309107,0.917698206206697,0.308873791328377,0.6267837521291093,"<image>These are frames of a video.
Measuring from the closest point of each object, what is the direct distance between the blanket and the table lamp (in meters)?
Please answer the question using a single word or phrase.",0.18537146693034176,0.0,0.21462853306965826,0.32006396531439624,0.7,0.07993603468560379,0.3672297762927334,0.9,0.03277022370726662,0.4679328485341573,0.7,0.06793284853415726,0.6267837521291093,0.0,0.22678375212910928,0.7768066398625343,0.0,0.37680663986253427,1.2377621715210931,0.0,0.8377621715210931
2240,6.7,>=3m,0.0,min|p05|p10|p25|median|p75|p90,p90,p90,5.599322741389249,1.6840316472377512,0.44708071817984696,0.323376545749394,1.0000221983031583,"<image>These are frames of a video.
Measuring from the closest point of each object, what is the direct distance between the stove and the sofa (in meters)?
Please answer the question using a single word or phrase.",0.5982071500799299,0.0,6.10179284992007,0.6535965404309044,0.0,6.046403459569095,0.6724485787645375,0.0,6.027551421235462,0.736355636126736,0.0,5.963644363873264,1.0000221983031583,0.0,5.699977801696842,1.05973218187613,0.0,5.640267818123871,1.1006772586107514,0.0,5.599322741389249
2241,0.4,<1m,0.1,p05,p05,p05,0.1995791901174071,3.390331494449969,1.4331930215544442,0.8451570158968291,1.1745637277260084,"<image>These are frames of a video.
Measuring from the closest point of each object, what is the direct distance between the door and the ceiling light (in meters)?
Please answer the question using a single word or phrase.",0.005056867176612099,0.0,0.39494313282338794,0.5995791901174071,0.1,0.1995791901174071,0.700406181878154,0.0,0.30040618187815393,0.8764473896352267,0.0,0.4764473896352267,1.1745637277260084,0.0,0.7745637277260083,1.7216044055320558,0.0,1.3216044055320557,2.032772211671851,0.0,1.6327722116718513
2242,2.7,1-3m,0.0,min|p05|p10|p25|median|p75|p90,p90,p90,1.4117986872660837,10.726210415252506,1.1681028564420173,0.6770471132130478,0.8309459946843808,"<image>These are frames of a video.
Measuring from the closest point of each object, what is the direct distance between the chair and the stove (in meters)?
Please answer the question using a single word or phrase.",0.0,0.0,2.7,0.12009845629189914,0.0,2.579901543708101,0.3245773256592518,0.0,2.3754226743407485,0.45503242356677664,0.0,2.2449675764332238,0.8309459946843808,0.0,1.8690540053156193,1.1320795367798244,0.0,1.5679204632201758,1.2882013127339165,0.0,1.4117986872660837
2243,2.0,1-3m,0.3,p90,p90,p90,0.7432172161216406,3.4108791164517354,0.8883197744986064,0.7349583419075574,0.9652842824148964,"<image>These are frames of a video.
Measuring from the closest point of each object, what is the direct distance between the table lamp and the table (in meters)?
Please answer the question using a single word or phrase.",0.30458771831902337,0.0,1.6954122816809767,0.368463009379753,0.0,1.631536990620247,0.3873155843157116,0.0,1.6126844156842883,0.4370104203840883,0.0,1.5629895796159117,0.9652842824148964,0.0,1.0347157175851036,1.1719687622916457,0.2,0.8280312377083543,1.2567827838783594,0.3,0.7432172161216406
2244,1.6,1-3m,0.4,p90,p90,p90,0.4856220379391145,1.9436796715060989,0.5410437967673897,0.2516340032452241,0.8641412209748308,"<image>These are frames of a video.
Measuring from the closest point of each object, what is the direct distance between the whiteboard and the door (in meters)?
Please answer the question using a single word or phrase.",0.18563782678141433,0.0,1.4143621732185858,0.5733341652934959,0.0,1.0266658347065043,0.643286160703314,0.0,0.9567138392966861,0.7431174493119449,0.0,0.8568825506880552,0.8641412209748308,0.1,0.7358587790251693,0.994751452557169,0.3,0.6052485474428311,1.1143779620608856,0.4,0.4856220379391145
2245,2.7,1-3m,0.1,p90,p90,p90,1.342286966897961,1.1903672674869634,0.21712972727209423,0.08892907275607098,1.2357312539215393,"<image>These are frames of a video.
Measuring from the closest point of each object, what is the direct distance between the whiteboard and the coat hanger (in meters)?
Please answer the question using a single word or phrase.",1.048484776089366,0.0,1.651515223910634,1.140583305829945,0.0,1.5594166941700551,1.1669447947588243,0.0,1.533055205241176,1.196421655469881,0.0,1.5035783445301192,1.2357312539215393,0.0,1.464268746078461,1.285350728225952,0.0,1.4146492717740482,1.3577130331020393,0.1,1.342286966897961
2246,4.7,>=3m,0.0,min|p05|p10|p25|median|p75|p90,p90,p90,2.9942668341093266,3.7877239305422785,1.2554011994723955,0.9635051294683806,1.4876791941551768,"<image>These are frames of a video.
Measuring from the closest point of each object, what is the direct distance between the microwave and the toilet (in meters)?
Please answer the question using a single word or phrase.",0.341590020914332,0.0,4.3584099790856685,0.45033196641827805,0.0,4.249668033581722,0.4762319490405459,0.0,4.223768050959454,0.5756480089932515,0.0,4.1243519910067485,1.4876791941551768,0.0,3.2123208058448234,1.5391531384616322,0.0,3.160846861538368,1.7057331658906736,0.0,2.9942668341093266
2247,3.3,>=3m,0.2,p90,p90,p90,1.4386612120799873,2.7749500838101655,1.190574005958858,0.8263956369997595,1.603629932861498,"<image>These are frames of a video.
Measuring from the closest point of each object, what is the direct distance between the stove and the table (in meters)?
Please answer the question using a single word or phrase.",0.2199363647449583,0.0,3.0800636352550415,0.6707647819611543,0.0,2.6292352180388456,0.7498495736662075,0.0,2.550150426333792,0.9322363388860563,0.0,2.3677636611139437,1.603629932861498,0.0,1.6963700671385018,1.7586319758858158,0.1,1.541368024114184,1.8613387879200125,0.2,1.4386612120799873
2248,4.0,>=3m,0.7,p75|p90,p90,p90,0.6323805016343673,2.293216957374611,1.8991062434222141,1.3861536827061771,2.092695414672333,"<image>These are frames of a video.
Measuring from the closest point of each object, what is the direct distance between the printer and the window (in meters)?
Please answer the question using a single word or phrase.",1.4397865623543822,0.0,2.5602134376456176,1.4685132549434186,0.0,2.5314867450565814,1.4926036986499087,0.0,2.5073963013500915,1.9364757574434064,0.0,2.0635242425565936,2.092695414672333,0.1,1.9073045853276671,3.3226294401495835,0.7,0.6773705598504165,3.3676194983656327,0.7,0.6323805016343673
2249,0.5,<1m,0.0,min|p05|p10|p25|median|p75|p90,min,min,0.4056775955401445,1.3046148308776047,0.2943961429721441,0.13345043188812555,1.104571206683226,"<image>These are frames of a video.
Measuring from the closest point of each object, what is the direct distance between the trash bin and the bed (in meters)?
Please answer the question using a single word or phrase.",0.9056775955401445,0.0,0.4056775955401445,0.9664537413492963,0.0,0.4664537413492963,0.9912034791361739,0.0,0.4912034791361739,1.0439573875439097,0.0,0.5439573875439097,1.104571206683226,0.0,0.6045712066832261,1.1774078194320352,0.0,0.6774078194320352,1.2608498843214404,0.0,0.7608498843214404
2250,1.0,1-3m,0.9,p90,p90,p90,0.051286432630415546,3.173914063116092,0.6498039092932866,0.41075201157367913,0.6234536782618048,"<image>These are frames of a video.
Measuring from the closest point of each object, what is the direct distance between the table and the chair (in meters)?
Please answer the question using a single word or phrase.",0.060704217889360215,0.0,0.9392957821106398,0.29890965807629793,0.0,0.701090341923702,0.34690143742897944,0.0,0.6530985625710206,0.4248844454769706,0.0,0.5751155545230294,0.6234536782618048,0.3,0.37654632173819524,0.8356364570506497,0.7,0.1643635429493503,0.9487135673695845,0.9,0.051286432630415546
2251,1.3,1-3m,0.9,p75,p75,p75,0.1037973494135529,2.204226711548321,0.7833612054239277,0.3377598037818095,1.0232050700569395,"<image>These are frames of a video.
Measuring from the closest point of each object, what is the direct distance between the door and the bed (in meters)?
Please answer the question using a single word or phrase.",0.5732077360071339,0.0,0.7267922639928661,0.6505097403268275,0.1,0.6494902596731725,0.7081492964469075,0.1,0.5918507035530925,0.8584428468046377,0.4,0.4415571531953624,1.0232050700569395,0.6,0.27679492994306054,1.1962026505864471,0.9,0.1037973494135529,1.4338709457507552,0.8,0.1338709457507552
2252,2.6,1-3m,0.2,p90,p90,p90,1.1407220301945507,6.3311957577377,1.2287878656222095,0.9493114646045221,0.4705922285304656,"<image>These are frames of a video.
Measuring from the closest point of each object, what is the direct distance between the fireplace and the stool (in meters)?
Please answer the question using a single word or phrase.",0.12172527343765056,0.0,2.4782747265623497,0.23049010418323998,0.0,2.36950989581676,0.25672106336295414,0.0,2.343278936637046,0.3357623601367822,0.0,2.264237639863218,0.4705922285304656,0.0,2.1294077714695345,1.2850738247413043,0.0,1.3149261752586958,1.4592779698054494,0.2,1.1407220301945507
2253,2.0,1-3m,0.2,p90,p90,p90,0.8901981648292192,7.27125554809228,0.9571731965772777,0.44952482854882414,0.7471614544599126,"<image>These are frames of a video.
Measuring from the closest point of each object, what is the direct distance between the telephone and the keyboard (in meters)?
Please answer the question using a single word or phrase.",0.025255370753546166,0.0,1.9747446292464539,0.1526286385935031,0.0,1.8473713614064968,0.20332145051652886,0.0,1.7966785494834712,0.35463828894177996,0.0,1.6453617110582202,0.7471614544599126,0.0,1.2528385455400874,0.8041631174906041,0.0,1.195836882509396,1.1098018351707808,0.2,0.8901981648292192
2254,4.6,>=3m,0.1,p90,p90,p90,2.179287114104434,7.583852915395547,2.101519869772928,1.1987697268034303,1.497275865244554,"<image>These are frames of a video.
Measuring from the closest point of each object, what is the direct distance between the power strip and the door (in meters)?
Please answer the question using a single word or phrase.",0.08853879964043594,0.0,4.511461200359563,0.31919301612263795,0.0,4.280806983877362,0.4501155356429111,0.0,4.149884464357089,0.7799155939582144,0.0,3.820084406041785,1.497275865244554,0.0,3.1027241347554457,1.9786853207616446,0.0,2.6213146792383553,2.4207128858955658,0.1,2.179287114104434
2255,4.2,>=3m,0.0,min|p05|p10|p25|median|p75|p90,p90,p90,2.754782033907893,3.450189551965931,1.0263372222012053,0.2528210134030433,1.2317987262482681,"<image>These are frames of a video.
Measuring from the closest point of each object, what is the direct distance between the radiator and the closet (in meters)?
Please answer the question using a single word or phrase.",0.12090525172920354,0.0,4.079094748270797,0.4188807438909021,0.0,3.7811192561090983,0.544584302696855,0.0,3.655415697303145,1.0922230002006357,0.0,3.1077769997993645,1.2317987262482681,0.0,2.968201273751732,1.345044013603679,0.0,2.8549559863963214,1.4452179660921074,0.0,2.754782033907893
2256,0.9,<1m,0.8,p25,p25,p25,0.12448001292395605,4.231007168973671,1.3408213958838677,0.7645738139830379,1.1542381834773874,"<image>These are frames of a video.
Measuring from the closest point of each object, what is the direct distance between the door and the chair (in meters)?
Please answer the question using a single word or phrase.",0.004117483715483099,0.0,0.8958825162845169,0.41498558367785354,0.0,0.4850144163221465,0.5270313528797069,0.2,0.3729686471202931,0.775519987076044,0.8,0.12448001292395605,1.1542381834773874,0.5,0.25423818347738736,1.540093801059082,0.0,0.6400938010590819,1.7558069795617213,0.0,0.8558069795617212
2257,0.4,<1m,1.0,p25,p25,p25,0.014476340277036703,2.313960822060221,0.3913615741795687,0.1781372897832837,0.4506097586332688,"<image>These are frames of a video.
Measuring from the closest point of each object, what is the direct distance between the chair and the bed (in meters)?
Please answer the question using a single word or phrase.",0.22183363024163283,0.2,0.1781663697583672,0.29784873917772864,0.5,0.10215126082227138,0.3243640478381188,0.7,0.07563595216188124,0.3855236597229633,1.0,0.014476340277036703,0.4506097586332688,0.8,0.050609758633268775,0.563660949506247,0.2,0.163660949506247,0.6892103133572973,0.0,0.2892103133572973
2258,3.6,>=3m,0.0,min|p05|p10|p25|median|p75|p90,p90,p90,1.8698333404858951,7.078979259574462,1.4857576005139645,0.9243218420422692,0.4211188778927041,"<image>These are frames of a video.
Measuring from the closest point of each object, what is the direct distance between the tv and the clock (in meters)?
Please answer the question using a single word or phrase.",0.14676615562873485,0.0,3.4532338443712653,0.24440905900014043,0.0,3.3555909409998597,0.2709773095206249,0.0,3.329022690479375,0.32744131447694724,0.0,3.2725586855230526,0.4211188778927041,0.0,3.178881122107296,1.2517631565192164,0.0,2.348236843480784,1.730166659514105,0.0,1.8698333404858951
2259,2.6,1-3m,0.0,min|p05|p10|p25|median|p75|p90,p90,p90,1.4753648058961943,3.173297336648965,0.7702293270218914,0.4878619502516601,0.747308774274932,"<image>These are frames of a video.
Measuring from the closest point of each object, what is the direct distance between the fireplace and the sofa (in meters)?
Please answer the question using a single word or phrase.",0.07985396699999199,0.0,2.520146033000008,0.3544058670819143,0.0,2.245594132918086,0.41011023933777274,0.0,2.1898897606622274,0.5208323493451075,0.0,2.0791676506548926,0.747308774274932,0.0,1.852691225725068,1.0086942995967676,0.0,1.5913057004032325,1.1246351941038057,0.0,1.4753648058961943
2260,3.2,>=3m,0.0,min|p05|p10|p25|median|p75|p90,p90,p90,1.884383712629474,6.117145909494877,1.1005460067469333,0.558422536672716,0.9996742014777869,"<image>These are frames of a video.
Measuring from the closest point of each object, what is the direct distance between the plant and the whiteboard (in meters)?
Please answer the question using a single word or phrase.",0.006894623718721641,0.0,3.1931053762812787,0.21507028062359285,0.0,2.9849297193764075,0.4003334431800312,0.0,2.799666556819969,0.70924812741413,0.0,2.49075187258587,0.9996742014777869,0.0,2.200325798522213,1.267670664086846,0.0,1.9323293359131541,1.3156162873705262,0.0,1.884383712629474
2261,1.6,1-3m,0.3,p90,p90,p90,0.574011543201862,2.244466601298752,0.5688693995555605,0.34866227809702555,0.7368042736124063,"<image>These are frames of a video.
Measuring from the closest point of each object, what is the direct distance between the stool and the tv (in meters)?
Please answer the question using a single word or phrase.",0.2982240324775454,0.0,1.3017759675224547,0.4571190572425777,0.0,1.1428809427574225,0.5005653313649853,0.0,1.099434668635015,0.5913854006571698,0.0,1.0086145993428302,0.7368042736124063,0.0,0.8631957263875938,0.9400476787541954,0.2,0.6599523212458047,1.025988456798138,0.3,0.574011543201862
2262,0.4,<1m,0.8,p10|p25,p25,p25,0.047983191965793925,3.537973130670973,0.7402022279216172,0.4650700393784396,0.6968331567061544,"<image>These are frames of a video.
Measuring from the closest point of each object, what is the direct distance between the chair and the bed (in meters)?
Please answer the question using a single word or phrase.",0.11839071515267675,0.0,0.2816092848473233,0.29165093159434957,0.5,0.10834906840565045,0.34695186861029736,0.8,0.05304813138970266,0.44798319196579395,0.8,0.047983191965793925,0.6968331567061544,0.0,0.2968331567061544,0.9130532313442336,0.0,0.5130532313442335,1.0318531595159668,0.0,0.6318531595159668
2263,0.5,<1m,1.0,p05,p05,p05,0.0005909618942667727,3.4302225528194192,1.2165474453330136,1.0404034297727371,0.7624556443821819,"<image>These are frames of a video.
Measuring from the closest point of each object, what is the direct distance between the tv and the table (in meters)?
Please answer the question using a single word or phrase.",0.4343193620451366,0.8,0.0656806379548634,0.5005909618942668,1.0,0.0005909618942667727,0.5287309501159521,0.9,0.02873095011595206,0.5957194112731055,0.7,0.09571941127310546,0.7624556443821819,0.0,0.26245564438218194,1.6361228410458426,0.0,1.1361228410458426,1.7171384072272804,0.0,1.2171384072272804
2264,4.1,>=3m,0.4,p90,p90,p90,1.3078018232767108,25.195224766951675,2.6813756616415505,1.4564511370473043,0.982506820168595,"<image>These are frames of a video.
Measuring from the closest point of each object, what is the direct distance between the tv and the refrigerator (in meters)?
Please answer the question using a single word or phrase.",0.020303209412507708,0.0,4.079696790587492,0.11082251508173832,0.0,3.9891774849182613,0.4355004088994651,0.0,3.6644995911005345,0.5998447287912814,0.0,3.500155271208718,0.982506820168595,0.0,3.1174931798314045,2.0562958658385857,0.1,2.043704134161414,2.792198176723289,0.4,1.3078018232767108
2265,2.1,1-3m,0.4,p90,p90,p90,0.7333068514144023,8.271750372359739,1.2014689714691755,0.18876059140367674,0.6226870862458154,"<image>These are frames of a video.
Measuring from the closest point of each object, what is the direct distance between the heater and the printer (in meters)?
Please answer the question using a single word or phrase.",0.05967210950938069,0.0,2.0403278904906195,0.16522417711642232,0.0,1.9347758228835779,0.20683269782462452,0.0,1.8931673021753757,0.5583411527579992,0.0,1.541658847242001,0.6226870862458154,0.0,1.4773129137541847,0.747101744161676,0.0,1.352898255838324,1.3666931485855978,0.4,0.7333068514144023
2266,1.5,1-3m,0.8,p75,p75,p75,0.16302660862380014,2.9299745126306034,1.217735792704291,0.3800568057638667,1.1102520872111812,"<image>These are frames of a video.
Measuring from the closest point of each object, what is the direct distance between the pillow and the window (in meters)?
Please answer the question using a single word or phrase.",0.0,0.0,1.5,0.6309595203122589,0.0,0.8690404796877411,0.797457607818543,0.1,0.702542392181457,0.9569165856123332,0.3,0.5430834143876668,1.1102520872111812,0.5,0.3897479127888188,1.3369733913761999,0.8,0.16302660862380014,1.84869531301655,0.6,0.34869531301655
2267,4.8,>=3m,0.0,min|p05|p10|p25|median|p75|p90,p90,p90,2.8526472306537984,1.1007297761886101,0.17820578025582678,0.056122335593217665,1.8882980737968609,"<image>These are frames of a video.
Measuring from the closest point of each object, what is the direct distance between the guitar and the microwave (in meters)?
Please answer the question using a single word or phrase.",1.7007855249019606,0.0,3.099214475098039,1.7691469890903744,0.0,3.0308530109096257,1.8178041593369045,0.0,2.9821958406630955,1.8623457620553105,0.0,2.937654237944689,1.8882980737968609,0.0,2.911701926203139,1.9184680976485282,0.0,2.8815319023514716,1.9473527693462012,0.0,2.8526472306537984
2268,0.7,<1m,1.0,median,median,median,0.02601942438143734,4.731488523910728,0.7768873665027677,0.32627418040519385,0.6739805756185626,"<image>These are frames of a video.
Measuring from the closest point of each object, what is the direct distance between the bed and the microwave (in meters)?
Please answer the question using a single word or phrase.",0.0034455694621009893,0.0,0.696554430537899,0.20819771025010766,0.0,0.49180228974989226,0.4184115395318704,0.2,0.2815884604681296,0.5545100140455583,0.6,0.14548998595444163,0.6739805756185626,1.0,0.02601942438143734,0.8807841944507522,0.5,0.18078419445075222,0.9850850767528754,0.2,0.2850850767528754
2269,0.9,<1m,1.0,p90,p90,p90,0.0011491629387154756,3.5764153513162142,0.6491792225325854,0.3238884907547619,0.6270632589792633,"<image>These are frames of a video.
Measuring from the closest point of each object, what is the direct distance between the cup and the bed (in meters)?
Please answer the question using a single word or phrase.",0.017783969880163075,0.0,0.882216030119837,0.25196994040613013,0.0,0.64803005959387,0.32179304884321064,0.0,0.5782069511567893,0.4511275980771332,0.1,0.4488724019228668,0.6270632589792633,0.4,0.27293674102073673,0.7750160888318951,0.8,0.12498391116810492,0.9011491629387155,1.0,0.0011491629387154756
2270,4.0,>=3m,0.0,min|p05|p10|p25|median|p75|p90,p90,p90,2.6661217430824737,1.860649620458587,0.6169897883681544,0.21791098969138656,1.0189749626033255,"<image>These are frames of a video.
Measuring from the closest point of each object, what is the direct distance between the toilet and the sofa (in meters)?
Please answer the question using a single word or phrase.",0.5446737104859759,0.0,3.455326289514024,0.7168884685493718,0.0,3.2831115314506283,0.7690609441391247,0.0,3.2309390558608753,0.902336765662381,0.0,3.097663234337619,1.0189749626033255,0.0,2.9810250373966745,1.1202477553537675,0.0,2.8797522446462325,1.3338782569175263,0.0,2.6661217430824737
2271,3.4,>=3m,0.3,p90,p90,p90,1.2487214862851026,13.125752014316861,1.987380970064187,0.7452079221083767,1.4420369298798859,"<image>These are frames of a video.
Measuring from the closest point of each object, what is the direct distance between the sofa and the chair (in meters)?
Please answer the question using a single word or phrase.",0.0010925093399848141,0.0,3.398907490660015,0.16389754365071038,0.0,3.2361024563492897,0.40351577370847325,0.0,2.9964842262915266,0.9688090906534648,0.0,2.431190909346535,1.4420369298798859,0.0,1.957963070120114,1.7140170127618415,0.1,1.6859829872381584,2.1512785137148973,0.3,1.2487214862851026
2272,3.2,>=3m,0.1,p75|p90,p90,p90,1.442473474635118,10.854110433251984,1.5956038568815551,0.8425182999119124,1.401469523148127,"<image>These are frames of a video.
Measuring from the closest point of each object, what is the direct distance between the telephone and the tv (in meters)?
Please answer the question using a single word or phrase.",0.0037760036485455987,0.0,3.1962239963514545,0.16192266848332704,0.0,3.038077331516673,0.5166627109015319,0.0,2.683337289098468,0.7981329012995338,0.0,2.401867098700466,1.401469523148127,0.0,1.7985304768518733,1.6406512012114463,0.1,1.559348798788554,1.7575265253648822,0.1,1.442473474635118
2273,3.2,>=3m,0.0,min|p05|p10|p25|median|p75|p90,p90,p90,1.9529361231322808,1.2983077852058462,0.28653364584087704,0.1340057029117283,1.0653589747882977,"<image>These are frames of a video.
Measuring from the closest point of each object, what is the direct distance between the bathtub and the table (in meters)?
Please answer the question using a single word or phrase.",0.9169189953766266,0.0,2.283081004623374,0.9605302310268423,0.0,2.2394697689731577,0.9746687452055243,0.0,2.225331254794476,1.0094152888162902,0.0,2.19058471118371,1.0653589747882977,0.0,2.1346410252117023,1.1434209917280185,0.0,2.0565790082719815,1.2470638768677194,0.0,1.9529361231322808
2274,1.5,1-3m,0.1,p90,p90,p90,0.7450661136333253,1.567198607589884,0.2732247509000158,0.10462478795473906,0.6614528901437988,"<image>These are frames of a video.
Measuring from the closest point of each object, what is the direct distance between the whiteboard and the cup (in meters)?
Please answer the question using a single word or phrase.",0.28299611637673633,0.0,1.2170038836232637,0.4817091354666589,0.0,1.018290864533341,0.5712985563535967,0.0,0.9287014436464033,0.6075267865087584,0.0,0.8924732134912416,0.6614528901437988,0.0,0.8385471098562012,0.7121515744634974,0.0,0.7878484255365026,0.7549338863666747,0.1,0.7450661136333253
2275,1.8,1-3m,0.9,p90,p90,p90,0.15411170002921804,18.553560645426593,1.8487889677853184,0.7058899117605814,0.6828300350429171,"<image>These are frames of a video.
Measuring from the closest point of each object, what is the direct distance between the toilet and the trash can (in meters)?
Please answer the question using a single word or phrase.",0.043385299728358154,0.0,1.756614700271642,0.1053227322438996,0.0,1.6946772677561004,0.1422425969940586,0.0,1.6577574030059414,0.5825361356818352,0.0,1.217463864318165,0.6828300350429171,0.0,1.117169964957083,1.2884260474424165,0.5,0.5115739525575835,1.954111700029218,0.9,0.15411170002921804
2276,2.0,1-3m,0.2,p90,p90,p90,0.8416743947478544,1.493625763433524,0.3828130012184521,0.20925353825544002,0.9607729258245599,"<image>These are frames of a video.
Measuring from the closest point of each object, what is the direct distance between the toilet and the sofa (in meters)?
Please answer the question using a single word or phrase.",0.6616504853732502,0.0,1.3383495146267497,0.7755126040336935,0.0,1.2244873959663065,0.8050346100056482,0.0,1.1949653899943518,0.8646481714563051,0.0,1.135351828543695,0.9607729258245599,0.0,1.0392270741754401,1.0739017097117451,0.1,0.9260982902882549,1.1583256052521456,0.2,0.8416743947478544
2277,4.5,>=3m,0.0,min|p05|p10|p25|median|p75|p90,p90,p90,2.9480239487700537,1.1395363693159215,0.19003965936066547,0.1032423943968459,1.4547615665615647,"<image>These are frames of a video.
Measuring from the closest point of each object, what is the direct distance between the keyboard and the heater (in meters)?
Please answer the question using a single word or phrase.",1.3202661704655447,0.0,3.179733829534455,1.3619363918692806,0.0,3.1380636081307194,1.3764798104905898,0.0,3.12352018950941,1.407664324362748,0.0,3.092335675637252,1.4547615665615647,0.0,3.0452384334384353,1.510906718759594,0.0,2.989093281240406,1.551976051229946,0.0,2.9480239487700537
2278,0.7,<1m,0.9,p10,p10,p10,0.04884560481177336,2.9771425396554267,1.007138216895771,0.44098056857152224,1.0460978286473932,"<image>These are frames of a video.
Measuring from the closest point of each object, what is the direct distance between the bookshelf and the bed (in meters)?
Please answer the question using a single word or phrase.",0.05302144074892877,0.0,0.6469785592510712,0.5093907984354499,0.5,0.19060920156455008,0.6511543951882266,0.9,0.04884560481177336,0.8395586052248556,0.7,0.13955860522485564,1.0460978286473932,0.1,0.34609782864739325,1.2805391737963778,0.0,0.5805391737963779,1.5165290153312208,0.0,0.8165290153312208
2279,3.1,>=3m,0.0,min|p05|p10|p25|median|p75|p90,p90,p90,2.0708543906778454,1.441510201123633,0.3152098990372376,0.2348738921894562,0.9180793084764425,"<image>These are frames of a video.
Measuring from the closest point of each object, what is the direct distance between the stove and the tv (in meters)?
Please answer the question using a single word or phrase.",0.6586233275815909,0.0,2.441376672418409,0.7139357102849173,0.0,2.3860642897150828,0.7304080536245036,0.0,2.3695919463754964,0.7720532150268342,0.0,2.327946784973166,0.9180793084764425,0.0,2.1819206915235574,1.0069271072162904,0.0,2.0930728927837094,1.029145609322155,0.0,2.0708543906778454
2280,1.0,1-3m,1.0,p90,p90,p90,0.0035076258443652586,1.915671834062637,0.4763133140280261,0.23879252802405648,0.679337670370713,"<image>These are frames of a video.
Measuring from the closest point of each object, what is the direct distance between the window and the bed (in meters)?
Please answer the question using a single word or phrase.",0.3800386969194369,0.0,0.6199613030805631,0.5201790601276086,0.1,0.4798209398723914,0.538604978037929,0.1,0.46139502196207105,0.5815200360694274,0.2,0.41847996393057263,0.679337670370713,0.4,0.320662329629287,0.8203125640934839,0.7,0.17968743590651615,0.9964923741556347,1.0,0.0035076258443652586
2281,0.9,<1m,1.0,p25,p25,p25,0.018196994091101537,2.7556324220494117,1.1956580370949916,0.9330064047267185,1.6895098520006981,"<image>These are frames of a video.
Measuring from the closest point of each object, what is the direct distance between the whiteboard and the table (in meters)?
Please answer the question using a single word or phrase.",0.30178832934571737,0.0,0.5982116706542826,0.6810412145950562,0.6,0.21895878540494385,0.7455607448101419,0.7,0.15443925518985813,0.8818030059088985,1.0,0.018196994091101537,1.6895098520006981,0.0,0.7895098520006981,1.814809410635617,0.0,0.9148094106356169,1.8766992516900478,0.0,0.9766992516900478
2282,2.8,1-3m,0.0,min|p05|p10|p25|median|p75|p90,p90,p90,1.7856854546934244,24.231314445980185,0.9724548869059622,0.5124772539900255,0.5485146903290143,"<image>These are frames of a video.
Measuring from the closest point of each object, what is the direct distance between the fireplace and the tv (in meters)?
Please answer the question using a single word or phrase.",0.0,0.0,2.8,0.04185965840061324,0.0,2.7581403415993866,0.05713346787121762,0.0,2.742866532128782,0.09191013500508567,0.0,2.708089864994914,0.5485146903290143,0.0,2.2514853096709855,0.6043873889951112,0.0,2.1956126110048886,1.0143145453065754,0.0,1.7856854546934244
2283,1.4,1-3m,0.7,p90,p90,p90,0.22108879453031083,9.383573422137971,1.0532755704685954,0.5257581219244462,0.630319219214575,"<image>These are frames of a video.
Measuring from the closest point of each object, what is the direct distance between the bookshelf and the kettle (in meters)?
Please answer the question using a single word or phrase.",0.0028500267778179293,0.0,1.397149973222182,0.12563563500109362,0.0,1.2743643649989063,0.19176990893039297,0.0,1.2082300910696069,0.32058839116345594,0.0,1.079411608836544,0.630319219214575,0.0,0.7696807807854249,0.8463465130879021,0.3,0.5536534869120978,1.178911205469689,0.7,0.22108879453031083
2284,3.0,>=3m,0.3,p90,p90,p90,1.0875557184970033,4.445789773712604,1.4822745301550946,0.6851841103450376,1.2771632158363193,"<image>These are frames of a video.
Measuring from the closest point of each object, what is the direct distance between the telephone and the tv (in meters)?
Please answer the question using a single word or phrase.",0.24897134389523534,0.0,2.7510286561047645,0.43016975134790214,0.0,2.5698302486520976,0.7573111130731427,0.0,2.2426888869268575,1.0180186496108334,0.0,1.9819813503891666,1.2771632158363193,0.0,1.7228367841636807,1.703202759955871,0.2,1.296797240044129,1.9124442815029967,0.3,1.0875557184970033
2285,3.3,>=3m,0.0,min|p05|p10|p25|median|p75|p90,p90,p90,1.803853066849407,2.8221568821683087,0.9660038561997895,0.6005569575872138,0.7725064049229804,"<image>These are frames of a video.
Measuring from the closest point of each object, what is the direct distance between the tv and the stove (in meters)?
Please answer the question using a single word or phrase.",0.3665553121937575,0.0,2.9334446878062423,0.5301430769508033,0.0,2.7698569230491965,0.5600316343126521,0.0,2.7399683656873477,0.6163135022080628,0.0,2.6836864977919372,0.7725064049229804,0.0,2.5274935950770194,1.2168704597952766,0.0,2.083129540204723,1.4961469331505928,0.0,1.803853066849407
2286,2.2,1-3m,0.8,p90,p90,p90,0.25563369390475255,5.991785596688133,1.6198609854826467,0.1387152629511459,1.3594798133263426,"<image>These are frames of a video.
Measuring from the closest point of each object, what is the direct distance between the keyboard and the whiteboard (in meters)?
Please answer the question using a single word or phrase.",0.21076917385611216,0.0,1.989230826143888,0.32450532061260107,0.0,1.875494679387399,0.3686820921895748,0.0,1.8313179078104254,1.2926210341680993,0.2,0.9073789658319009,1.3594798133263426,0.3,0.8405201866736576,1.4313362971192451,0.4,0.768663702880755,1.9443663060952476,0.8,0.25563369390475255
2287,1.9,1-3m,0.9,p75,p75,p75,0.14305187079687842,17.19914812366476,2.083011476458583,1.4539545041560404,0.9326383970499199,"<image>These are frames of a video.
Measuring from the closest point of each object, what is the direct distance between the chair and the table (in meters)?
Please answer the question using a single word or phrase.",0.001963468565962359,0.0,1.8980365314340375,0.12858771711677763,0.0,1.7714122828832224,0.17172380201415163,0.0,1.7282761979858483,0.30299362504708105,0.0,1.5970063749529189,0.9326383970499199,0.0,0.96736160295008,1.7569481292031215,0.9,0.14305187079687842,2.2115991935753607,0.7,0.3115991935753608
2288,1.6,1-3m,0.8,median,median,median,0.21252514719142068,5.477921977858125,2.169081518630406,1.687370561907253,1.8125251471914208,"<image>These are frames of a video.
Measuring from the closest point of each object, what is the direct distance between the trash bin and the table (in meters)?
Please answer the question using a single word or phrase.",0.3055977139683748,0.0,1.2944022860316253,0.48439466550686056,0.0,1.1156053344931396,0.5532568096777222,0.0,1.046743190322278,0.8352025202752011,0.1,0.764797479724799,1.8125251471914208,0.8,0.21252514719142068,2.522573082182454,0.0,0.922573082182454,2.6534761841372667,0.0,1.0534761841372666
2289,4.8,>=3m,0.0,min|p05|p10|p25|median|p75|p90,p90,p90,2.8446753089551136,5.558233268949782,1.6035358048230703,0.8490543101390534,1.059507103096394,"<image>These are frames of a video.
Measuring from the closest point of each object, what is the direct distance between the door and the trash can (in meters)?
Please answer the question using a single word or phrase.",0.15175234742866242,0.0,4.648247652571337,0.35178888622181576,0.0,4.448211113778184,0.41967895854329224,0.0,4.380321041456708,0.577875616380019,0.0,4.222124383619981,1.059507103096394,0.0,3.7404928969036058,1.4269299265190725,0.0,3.3730700734809274,1.955324691044886,0.0,2.8446753089551136
2290,1.3,1-3m,0.9,p90,p90,p90,0.09565384419468126,7.681813997379208,1.0475672808916325,0.7080531592217154,0.6019783903929612,"<image>These are frames of a video.
Measuring from the closest point of each object, what is the direct distance between the table and the dishwasher (in meters)?
Please answer the question using a single word or phrase.",0.0035221330648990824,0.0,1.296477866935101,0.15677887491368622,0.0,1.1432211250863138,0.20820525970540257,0.0,1.0917947402945976,0.3359831186870644,0.0,0.9640168813129357,0.6019783903929612,0.0,0.6980216096070389,1.0440362779087797,0.7,0.2559637220912203,1.2043461558053188,0.9,0.09565384419468126
2291,1.6,1-3m,0.6,p90,p90,p90,0.3253366982037935,4.01461972083279,0.9571579362987762,0.6666226935397102,0.9270563264834455,"<image>These are frames of a video.
Measuring from the closest point of each object, what is the direct distance between the rack and the telephone (in meters)?
Please answer the question using a single word or phrase.",0.27865377922510776,0.0,1.3213462207748923,0.31750536549743036,0.0,1.2824946345025698,0.4421400814180449,0.0,1.1578599185819551,0.5202840208463664,0.0,1.0797159791536337,0.9270563264834455,0.2,0.6729436735165546,1.1869067143860765,0.5,0.41309328561392356,1.2746633017962066,0.6,0.3253366982037935
2292,1.0,1-3m,1.0,p25,p25,p25,0.013790188882417898,1.457696541706585,0.41661346767584484,0.22190124048546833,1.1199878196916506,"<image>These are frames of a video.
Measuring from the closest point of each object, what is the direct distance between the trash bin and the table (in meters)?
Please answer the question using a single word or phrase.",0.7824693536738716,0.6,0.2175306463261284,0.9102394921369599,0.9,0.08976050786304013,0.9451224329782992,0.9,0.05487756702170077,1.013790188882418,1.0,0.013790188882417898,1.1199878196916506,0.8,0.11998781969165062,1.2356914293678862,0.6,0.23569142936788623,1.3268529598128047,0.4,0.3268529598128047
2293,3.0,>=3m,0.3,p90,p90,p90,1.1698301523861385,1.986327848928144,0.9087862761145986,0.484369664267164,1.3549917265156375,"<image>These are frames of a video.
Measuring from the closest point of each object, what is the direct distance between the power strip and the ceiling light (in meters)?
Please answer the question using a single word or phrase.",0.8734279383863404,0.0,2.1265720616136594,0.9213835714992629,0.0,2.0786164285007374,0.9385126001414811,0.0,2.061487399858519,1.1168878358115106,0.0,1.8831121641884894,1.3549917265156375,0.0,1.6450082734843625,1.6012575000786746,0.1,1.3987424999213254,1.8301698476138615,0.3,1.1698301523861385
2294,0.8,<1m,0.4,p90,p90,p90,0.24546459997870473,4.44342145641743,0.42973620969907067,0.2178681353445836,0.39875219967457426,"<image>These are frames of a video.
Measuring from the closest point of each object, what is the direct distance between the washer and the stove (in meters)?
Please answer the question using a single word or phrase.",0.016740492479739688,0.0,0.7832595075202604,0.12479919032222461,0.0,0.6752008096777754,0.16915117464460458,0.0,0.6308488253553954,0.26584340477568214,0.0,0.5341565952243179,0.39875219967457426,0.0,0.4012478003254258,0.48371154012026574,0.3,0.3162884598797343,0.5545354000212953,0.4,0.24546459997870473
2295,1.8,1-3m,1.0,p90,p90,p90,0.08239453805703612,15.384230160356086,1.7600358292730365,0.6951053246487422,0.9924637041926545,"<image>These are frames of a video.
Measuring from the closest point of each object, what is the direct distance between the closet and the nightstand (in meters)?
Please answer the question using a single word or phrase.",0.00189036200800582,0.0,1.7981096379919943,0.12235870878399975,0.0,1.6776412912160004,0.23269376173075604,0.0,1.567306238269244,0.6655187675119716,0.0,1.1344812324880285,0.9924637041926545,0.2,0.8075362958073455,1.3606240921607138,0.6,0.43937590783928626,1.8823945380570362,1.0,0.08239453805703612
2296,1.5,1-3m,0.8,p90,p90,p90,0.21728412413301146,1.7400260284714506,0.5455338711852495,0.3662775474585085,1.0150728442445278,"<image>These are frames of a video.
Measuring from the closest point of each object, what is the direct distance between the mirror and the towel (in meters)?
Please answer the question using a single word or phrase.",0.6140446946394287,0.0,0.8859553053605713,0.737182004681739,0.0,0.762817995318261,0.771197486968085,0.1,0.728802513031915,0.8437604759998105,0.2,0.6562395240001895,1.0150728442445278,0.4,0.4849271557554722,1.210038023458319,0.7,0.289961976541681,1.2827158758669885,0.8,0.21728412413301146
2297,1.2,1-3m,0.9,p75,p75,p75,0.09647940486087547,4.588259518058604,1.1823159244439059,0.5141794925928952,1.0599302140996576,"<image>These are frames of a video.
Measuring from the closest point of each object, what is the direct distance between the headphones and the bed (in meters)?
Please answer the question using a single word or phrase.",0.055606084908127296,0.0,1.1443939150918727,0.3294956561791794,0.0,0.8705043438208205,0.4404401934223291,0.0,0.7595598065776709,0.7822999122679802,0.4,0.4177000877320197,1.0599302140996576,0.8,0.14006978590034236,1.2964794048608754,0.9,0.09647940486087547,1.5118115806230852,0.5,0.3118115806230852
2298,0.7,<1m,0.9,p90,p90,p90,0.03991662620913794,2.8568216638807535,0.4290282182883677,0.11781517953117293,0.3203756786202615,"<image>These are frames of a video.
Measuring from the closest point of each object, what is the direct distance between the table and the tv (in meters)?
Please answer the question using a single word or phrase.",0.1419451074753986,0.0,0.5580548925246014,0.2310551555024943,0.0,0.4689448444975056,0.24666021665233284,0.0,0.4533397833476671,0.27770932146223876,0.0,0.4222906785377612,0.3203756786202615,0.0,0.37962432137973845,0.3955245009934117,0.2,0.30447549900658827,0.660083373790862,0.9,0.03991662620913794
2299,5.1,>=3m,0.0,min|p05|p10|p25|median|p75|p90,p90,p90,3.0646338103978694,2.9365373342650956,1.3422484260878087,0.8560200222481078,1.578362814653349,"<image>These are frames of a video.
Measuring from the closest point of each object, what is the direct distance between the door and the window (in meters)?
Please answer the question using a single word or phrase.",0.43741374806139915,0.0,4.662586251938601,0.6931177635143214,0.0,4.406882236485679,0.8113837571115512,0.0,4.288616242888448,1.14508266837134,0.0,3.9549173316286597,1.578362814653349,0.0,3.5216371853466506,2.001102690619448,0.0,3.098897309380552,2.0353661896021302,0.0,3.0646338103978694
2300,2.4,1-3m,0.5,p90,p90,p90,0.6762338894959097,3.0665761219863836,1.161651869104625,0.44551850075866084,1.4135301135350227,"<image>These are frames of a video.
Measuring from the closest point of each object, what is the direct distance between the lamp and the bookshelf (in meters)?
Please answer the question using a single word or phrase.",0.43455527078201306,0.0,1.9654447292179869,0.5621142413994653,0.0,1.8378857586005346,0.6156409510963493,0.0,1.7843590489036507,1.0310036862992074,0.0,1.3689963137007926,1.4135301135350227,0.2,0.9864698864649772,1.4765221870578682,0.3,0.9234778129421317,1.7237661105040902,0.5,0.6762338894959097
2301,1.6,1-3m,0.5,p90,p90,p90,0.4442881716799849,5.277426448047179,0.936720272549936,0.15413516584565723,0.5475575950882566,"<image>These are frames of a video.
Measuring from the closest point of each object, what is the direct distance between the plant and the laptop (in meters)?
Please answer the question using a single word or phrase.",0.07221019683906714,0.0,1.527789803160933,0.21899155577007928,0.0,1.3810084442299209,0.2514203709989929,0.0,1.3485796290010073,0.4413069242624639,0.0,1.1586930757375362,0.5475575950882566,0.0,1.0524424049117433,0.5954420901081211,0.0,1.0045579098918789,1.1557118283200152,0.5,0.4442881716799849
2302,2.8,1-3m,0.0,min|p05|p10|p25|median|p75|p90,p90,p90,1.6244504936485011,5.1039756496497555,0.9452291468818826,0.4417078436810889,0.5952990695466162,"<image>These are frames of a video.
Measuring from the closest point of each object, what is the direct distance between the counter and the bed (in meters)?
Please answer the question using a single word or phrase.",0.046583361723237314,0.0,2.7534166382767626,0.23032035946961604,0.0,2.5696796405303837,0.28749573509943077,0.0,2.512504264900569,0.4154104952027588,0.0,2.384589504797241,0.5952990695466162,0.0,2.2047009304533836,0.8571183388838477,0.0,1.9428816611161521,1.1755495063514987,0.0,1.6244504936485011
2303,2.7,1-3m,0.2,p90,p90,p90,1.127306289791212,20.826462038210355,1.4971795058603317,1.2963714101817418,0.2485530707575523,"<image>These are frames of a video.
Measuring from the closest point of each object, what is the direct distance between the nightstand and the refrigerator (in meters)?
Please answer the question using a single word or phrase.",0.0005510693424196287,0.0,2.6994489306575806,0.07551420434845647,0.0,2.6244857956515437,0.10460687554630542,0.0,2.595393124453695,0.1624841780817531,0.0,2.537515821918247,0.2485530707575523,0.0,2.4514469292424477,1.458855588263495,0.1,1.2411444117365051,1.5726937102087881,0.2,1.127306289791212
2304,0.7,<1m,1.0,p75,p75,p75,0.005847099954735091,3.9365410034710067,0.847356442433773,0.33587209874678553,0.4270673821185802,"<image>These are frames of a video.
Measuring from the closest point of each object, what is the direct distance between the stool and the tv (in meters)?
Please answer the question using a single word or phrase.",0.15935647040261944,0.0,0.5406435295973805,0.2885559716115638,0.0,0.41144402838843613,0.3206823964133875,0.0,0.37931760358661243,0.3699750012079495,0.1,0.33002499879205044,0.4270673821185802,0.3,0.27293261788141976,0.705847099954735,1.0,0.005847099954735091,1.1359124140453367,0.0,0.43591241404533676
2305,4.9,>=3m,0.0,min|p05|p10|p25|median|p75|p90,p90,p90,2.9948252475286066,12.871901794900808,1.757164397604786,0.9807602195249838,1.1807074167341387,"<image>These are frames of a video.
Measuring from the closest point of each object, what is the direct distance between the nightstand and the desk (in meters)?
Please answer the question using a single word or phrase.",0.0013121391738851258,0.0,4.898687860826115,0.14801035486660774,0.0,4.751989645133393,0.3136351793699452,0.0,4.586364820630055,0.5201215431237471,0.0,4.379878456876253,1.1807074167341387,0.0,3.7192925832658617,1.500881762648731,0.0,3.3991182373512694,1.9051747524713938,0.0,2.9948252475286066
2306,2.6,1-3m,0.1,p75|p90,p90,p90,1.2025007495965185,1.5413336204754853,0.49081737969182626,0.30463407881889193,1.2333239722684448,"<image>These are frames of a video.
Measuring from the closest point of each object, what is the direct distance between the washer and the tv (in meters)?
Please answer the question using a single word or phrase.",0.7625404163540379,0.0,1.8374595836459622,0.9066818707116553,0.0,1.6933181292883448,0.9473097356025386,0.0,1.6526902643974615,1.0353332211473367,0.0,1.5646667788526634,1.2333239722684448,0.0,1.3666760277315553,1.3399672999662287,0.1,1.2600327000337714,1.3974992504034816,0.1,1.2025007495965185
2307,1.5,1-3m,0.9,median,median,median,0.13105391267683997,6.704497719433693,2.025313909689268,0.9598652807033883,1.36894608732316,"<image>These are frames of a video.
Measuring from the closest point of each object, what is the direct distance between the bookshelf and the chair (in meters)?
Please answer the question using a single word or phrase.",0.0,0.0,1.5,0.3550380786006044,0.0,1.1449619213993956,0.5509599899163125,0.0,0.9490400100836875,0.8791361579525363,0.2,0.6208638420474637,1.36894608732316,0.9,0.13105391267683997,1.8390014386559246,0.6,0.3390014386559246,2.3803519882898723,0.0,0.8803519882898723
2308,3.0,>=3m,0.1,p90,p90,p90,1.4947527324472492,3.440568130747876,1.0677476423889396,0.729177373525407,1.0670453379567713,"<image>These are frames of a video.
Measuring from the closest point of each object, what is the direct distance between the telephone and the sofa (in meters)?
Please answer the question using a single word or phrase.",0.307760721888682,0.0,2.692239278111318,0.43749962516381136,0.0,2.5625003748361888,0.493190649269263,0.0,2.506809350730737,0.6576549705692387,0.0,2.3423450294307613,1.0670453379567713,0.0,1.9329546620432287,1.3868323440946457,0.0,1.6131676559053543,1.5052472675527508,0.1,1.4947527324472492
2309,2.6,1-3m,0.0,min|p05|p10|p25|median|p75|p90,p90,p90,1.493922677244217,6.972140440695424,0.9474348897520298,0.49306558250335464,0.3636447368683264,"<image>These are frames of a video.
Measuring from the closest point of each object, what is the direct distance between the stool and the dishwasher (in meters)?
Please answer the question using a single word or phrase.",0.006890065350825403,0.0,2.5931099346491746,0.15864243300375336,0.0,2.441357566996247,0.19723345398043807,0.0,2.402766546019562,0.2617889961653428,0.0,2.3382110038346573,0.3636447368683264,0.0,2.236355263131674,0.7548545786686974,0.0,1.8451454213313028,1.1060773227557832,0.0,1.493922677244217
2310,1.2,1-3m,0.2,p90,p90,p90,0.4831525858285981,1.6932817156519304,0.2934994221951178,0.1181055168351347,0.589188086004818,"<image>These are frames of a video.
Measuring from the closest point of each object, what is the direct distance between the tv and the bed (in meters)?
Please answer the question using a single word or phrase.",0.15855965639020247,0.0,1.0414403436097974,0.42334799197628403,0.0,0.7766520080237159,0.46122224160873376,0.0,0.7387777583912662,0.5403241495459585,0.0,0.6596758504540414,0.589188086004818,0.0,0.610811913995182,0.6584296663810932,0.1,0.5415703336189067,0.7168474141714019,0.2,0.4831525858285981
2311,0.7,<1m,0.8,p75,p75,p75,0.07182752092309852,20.15178514895594,0.9495928242196938,0.5149123857334846,0.4820038354389937,"<image>These are frames of a video.
Measuring from the closest point of each object, what is the direct distance between the basket and the cup (in meters)?
Please answer the question using a single word or phrase.",0.001005757872468987,0.0,0.6989942421275309,0.049582470607000356,0.0,0.6504175293929996,0.06738193523052387,0.0,0.6326180647694761,0.1132600933434168,0.0,0.5867399066565832,0.4820038354389937,0.4,0.21799616456100623,0.6281724790769014,0.8,0.07182752092309852,0.9991752948266942,0.2,0.29917529482669425
2312,0.4,<1m,0.5,p10|p25,p10,p10,0.10601960642270164,5.896945857673376,1.247281985120478,0.8187300749612536,1.0182528122135066,"<image>These are frames of a video.
Measuring from the closest point of each object, what is the direct distance between the fireplace and the tv (in meters)?
Please answer the question using a single word or phrase.",0.14132831246714908,0.0,0.25867168753285097,0.25470610077626693,0.3,0.1452938992237331,0.2939803935772984,0.5,0.10601960642270164,0.5122047857187779,0.5,0.1122047857187779,1.0182528122135066,0.0,0.6182528122135066,1.3309348606800315,0.0,0.9309348606800315,1.501988085896745,0.0,1.1019880858967448
2313,1.8,1-3m,0.9,p90,p90,p90,0.17474999143438907,1.2324543584355845,0.3065399099388175,0.205650269229241,1.4444054207866066,"<image>These are frames of a video.
Measuring from the closest point of each object, what is the direct distance between the laptop and the heater (in meters)?
Please answer the question using a single word or phrase.",1.1950685090853268,0.4,0.6049314909146732,1.3187100986267934,0.5,0.4812899013732066,1.3352267594219103,0.5,0.4647732405780898,1.365619005049348,0.6,0.4343809949506521,1.4444054207866066,0.7,0.35559457921339344,1.571269274278589,0.8,0.22873072572141107,1.625250008565611,0.9,0.17474999143438907
2314,1.4,1-3m,0.7,p90,p90,p90,0.2332428662024193,3.500948022529916,0.8334882231227976,0.407359492259871,0.8073666056255151,"<image>These are frames of a video.
Measuring from the closest point of each object, what is the direct distance between the bed and the laptop (in meters)?
Please answer the question using a single word or phrase.",0.09360622868595868,0.0,1.3063937713140412,0.333268910674783,0.0,1.0667310893252169,0.42157459426545507,0.0,0.9784254057345448,0.5983273891828237,0.0,0.8016726108171762,0.8073666056255151,0.2,0.5926333943744848,1.0056868814426947,0.5,0.3943131185573052,1.1667571337975806,0.7,0.2332428662024193
2315,7.0,>=3m,0.0,min|p05|p10|p25|median|p75|p90,p90,p90,4.199929147132311,9.328233222283696,2.49989923556949,1.8694714028583004,1.4105458198129055,"<image>These are frames of a video.
Measuring from the closest point of each object, what is the direct distance between the fireplace and the stove (in meters)?
Please answer the question using a single word or phrase.",0.25382554810829666,0.0,6.7461744518917035,0.30017161729819913,0.0,6.699828382701801,0.45344841640529343,0.0,6.546551583594707,0.5865636865785495,0.0,6.4134363134214505,1.4105458198129055,0.0,5.5894541801870945,2.45603508943685,0.0,4.54396491056315,2.8000708528676888,0.0,4.199929147132311
2316,3.3,>=3m,0.0,min|p05|p10|p25|median|p75|p90,p90,p90,2.1269841404833585,4.063610707311468,0.8843524160903092,0.36356791821113443,0.4234319436435148,"<image>These are frames of a video.
Measuring from the closest point of each object, what is the direct distance between the toilet and the tv (in meters)?
Please answer the question using a single word or phrase.",0.2014559387751712,0.0,3.0985440612248287,0.2886634434263321,0.0,3.0113365565736676,0.31281113885738837,0.0,2.9871888611426116,0.35985934681019593,0.0,2.940140653189804,0.4234319436435148,0.0,2.876568056356485,0.7234272650213304,0.0,2.5765727349786696,1.1730158595166413,0.0,2.1269841404833585
2317,0.5,<1m,0.6,p10,p10,p10,0.1208804591534684,11.516299127939384,1.1187135526500978,0.3609623501435475,0.8319552120326357,"<image>These are frames of a video.
Measuring from the closest point of each object, what is the direct distance between the ceiling light and the exhaust fan (in meters)?
Please answer the question using a single word or phrase.",0.0,0.0,0.5,0.10637901594848453,0.0,0.39362098405151547,0.3791195408465316,0.6,0.1208804591534684,0.6946262218510937,0.3,0.19462622185109368,0.8319552120326357,0.0,0.33195521203263567,1.0555885719946412,0.0,0.5555885719946412,1.2250925685985823,0.0,0.7250925685985823
2318,1.7,1-3m,0.5,p90,p90,p90,0.5021386055931973,6.777288736588257,1.02111499315936,0.47746033792773324,0.756288566885224,"<image>These are frames of a video.
Measuring from the closest point of each object, what is the direct distance between the chair and the stool (in meters)?
Please answer the question using a single word or phrase.",0.002033348596073414,0.0,1.6979666514039264,0.17674640124744279,0.0,1.5232535987525573,0.28546803196560905,0.0,1.4145319680343909,0.45149163757589317,0.0,1.248508362424107,0.756288566885224,0.0,0.943711433114776,0.9289519755036264,0.1,0.7710480244963736,1.1978613944068026,0.5,0.5021386055931973
2319,3.5,>=3m,0.0,min|p05|p10|p25|median|p75|p90,p90,p90,2.6914749693308684,1.3215567949747216,0.19672761587501608,0.06366236276460668,0.7518543969086572,"<image>These are frames of a video.
Measuring from the closest point of each object, what is the direct distance between the stove and the table (in meters)?
Please answer the question using a single word or phrase.",0.5260517306611506,0.0,2.9739482693388495,0.6117974147941155,0.0,2.8882025852058844,0.6595320749066756,0.0,2.8404679250933245,0.7186120823396032,0.0,2.781387917660397,0.7518543969086572,0.0,2.7481456030913427,0.7822744451042098,0.0,2.7177255548957904,0.8085250306691316,0.0,2.6914749693308684
2320,1.4,1-3m,1.0,p75,p75,p75,0.051864405212309395,8.507992111150445,2.1873039418584668,0.9742636570512399,0.7931320818110694,"<image>These are frames of a video.
Measuring from the closest point of each object, what is the direct distance between the stool and the fireplace (in meters)?
Please answer the question using a single word or phrase.",0.16262033997924674,0.0,1.2373796600207532,0.2913300799304259,0.0,1.108669920069574,0.3333107931740051,0.0,1.0666892068259948,0.47760074816106945,0.0,0.9223992518389305,0.7931320818110694,0.2,0.6068679181889305,1.4518644052123093,1.0,0.051864405212309395,2.4786340217888925,0.0,1.0786340217888926
2321,1.9,1-3m,0.3,p75|p90,p90,p90,0.6927385646340514,1.324328987870885,0.29565907188762974,0.16426993039376125,1.0539706547987393,"<image>These are frames of a video.
Measuring from the closest point of each object, what is the direct distance between the radiator and the nightstand (in meters)?
Please answer the question using a single word or phrase.",0.827004952629853,0.0,1.072995047370147,0.9116023634783188,0.0,0.9883976365216811,0.9283883091013664,0.0,0.9716116908986335,0.9757329686513304,0.1,0.9242670313486695,1.0539706547987393,0.2,0.8460293452012606,1.1400028990450917,0.3,0.7599971009549082,1.2072614353659485,0.3,0.6927385646340514
2322,1.7,1-3m,0.5,p90,p90,p90,0.5090625023397202,2.2858177408319933,0.6699259242586307,0.24169504751621518,0.9511501147316377,"<image>These are frames of a video.
Measuring from the closest point of each object, what is the direct distance between the lamp and the window (in meters)?
Please answer the question using a single word or phrase.",0.14261920472796127,0.0,1.5573807952720387,0.521011573401649,0.0,1.1789884265983508,0.6902010857971248,0.0,1.0097989142028752,0.826845051543964,0.0,0.8731549484560359,0.9511501147316377,0.2,0.7488498852683623,1.0685400990601792,0.3,0.6314599009398207,1.1909374976602798,0.5,0.5090625023397202
2323,2.7,1-3m,0.3,median|p75|p90,p90,p90,0.9789797172180825,2.7876444513434735,1.1036458963344309,0.5378919093953334,1.6510623122943318,"<image>These are frames of a video.
Measuring from the closest point of each object, what is the direct distance between the kettle and the power strip (in meters)?
Please answer the question using a single word or phrase.",0.40553177018682407,0.0,2.294468229813176,0.6173743864474867,0.0,2.0826256135525134,0.9716548623138291,0.0,1.728345137686171,1.1679487399569555,0.0,1.5320512600430447,1.6510623122943318,0.3,1.0489376877056684,1.7058406493522889,0.3,0.9941593506477113,1.7210202827819177,0.3,0.9789797172180825
2324,1.8,1-3m,1.0,p90,p90,p90,0.0052517239788478776,8.805836455689784,1.6002454496671774,1.016914263327872,0.9693509076244189,"<image>These are frames of a video.
Measuring from the closest point of each object, what is the direct distance between the lamp and the desk (in meters)?
Please answer the question using a single word or phrase.",0.008143304986665826,0.0,1.791856695013334,0.20500627431167048,0.0,1.5949937256883295,0.26385856794513063,0.0,1.5361414320548694,0.4184978661367989,0.0,1.3815021338632012,0.9693509076244189,0.1,0.8306490923755812,1.435412129464671,0.6,0.36458787053532915,1.805251723978848,1.0,0.0052517239788478776
2325,3.9,>=3m,0.0,min|p05|p10|p25|median|p75|p90,p90,p90,2.7315396070092026,4.08116135305706,0.8821545374000734,0.6487767955249533,0.7223858089637376,"<image>These are frames of a video.
Measuring from the closest point of each object, what is the direct distance between the table and the bathtub (in meters)?
Please answer the question using a single word or phrase.",0.09176521988088225,0.0,3.808234780119118,0.2863058555907237,0.0,3.6136941444092763,0.3447994925906158,0.0,3.555200507409384,0.4420396008571999,0.0,3.4579603991428,0.7223858089637376,0.0,3.1776141910362625,1.090816396382153,0.0,2.809183603617847,1.168460392990797,0.0,2.7315396070092026
2326,3.0,>=3m,0.0,min|p05|p10|p25|median|p75|p90,p90,p90,1.8322523411566294,29.24652946849974,1.1278199245082214,0.6058088836394445,0.6951798707534884,"<image>These are frames of a video.
Measuring from the closest point of each object, what is the direct distance between the radiator and the nightstand (in meters)?
Please answer the question using a single word or phrase.",0.0,0.0,3.0,0.03992773433514922,0.0,2.960072265664851,0.3834226629225068,0.0,2.6165773370774934,0.4766745005363916,0.0,2.5233254994636085,0.6951798707534884,0.0,2.3048201292465116,1.0824833841758361,0.0,1.9175166158241639,1.1677476588433706,0.0,1.8322523411566294
2327,2.8,1-3m,0.0,min|p05|p10|p25|median|p75|p90,p90,p90,2.077305717944463,6.57255189842204,0.6127378612885825,0.18973811438459842,0.5130720982700373,"<image>These are frames of a video.
Measuring from the closest point of each object, what is the direct distance between the telephone and the printer (in meters)?
Please answer the question using a single word or phrase.",0.002172508762348967,0.0,2.797827491237651,0.10995642076695408,0.0,2.6900435792330457,0.13094231671903808,0.0,2.6690576832809616,0.41225831021556847,0.0,2.3877416897844315,0.5130720982700373,0.0,2.2869279017299626,0.6019964246001669,0.0,2.198003575399833,0.7226942820555367,0.0,2.077305717944463
2328,3.0,>=3m,0.6,p75|p90,p90,p90,0.7100343177901243,2.3878864877367008,1.3309729939182462,0.2680094111376268,2.1848852221818955,"<image>These are frames of a video.
Measuring from the closest point of each object, what is the direct distance between the kettle and the door (in meters)?
Please answer the question using a single word or phrase.",0.46914848240972534,0.0,2.530851517590275,0.9589926882916295,0.0,2.0410073117083707,1.0999208450871123,0.0,1.9000791549128877,1.985281884849734,0.4,1.014718115150266,2.1848852221818955,0.5,0.8151147778181045,2.2532912959873608,0.6,0.7467087040126392,2.2899656822098757,0.6,0.7100343177901243
2329,1.0,1-3m,0.5,p90,p90,p90,0.2835579170661712,4.333282062037475,0.5511073383506517,0.28581644359065894,0.5605285956764474,"<image>These are frames of a video.
Measuring from the closest point of each object, what is the direct distance between the refrigerator and the stove (in meters)?
Please answer the question using a single word or phrase.",0.07225393512391017,0.0,0.9277460648760898,0.16533474458317707,0.0,0.8346652554168229,0.20064744342386948,0.0,0.7993525565761306,0.3598875918124538,0.0,0.6401124081875462,0.5605285956764474,0.2,0.4394714043235526,0.6457040354031127,0.3,0.3542959645968873,0.7164420829338288,0.5,0.2835579170661712
2330,2.0,1-3m,0.9,p90,p90,p90,0.1495767412201794,2.7430670380213678,1.1758414009063907,0.31611136622847646,1.5864074858060047,"<image>These are frames of a video.
Measuring from the closest point of each object, what is the direct distance between the ceiling light and the heater (in meters)?
Please answer the question using a single word or phrase.",0.562214851472891,0.0,1.4377851485271091,0.67458185787343,0.0,1.32541814212657,0.7323057237141689,0.0,1.2676942762858312,1.4220613474191472,0.5,0.5779386525808528,1.5864074858060047,0.6,0.41359251419399534,1.7381727136476237,0.8,0.2618272863523763,1.8504232587798206,0.9,0.1495767412201794
2331,1.1,1-3m,1.0,p90,p90,p90,0.00025991329964170085,5.090266870505723,0.8841101629447395,0.3326762675076923,0.5318428307019744,"<image>These are frames of a video.
Measuring from the closest point of each object, what is the direct distance between the table and the sofa (in meters)?
Please answer the question using a single word or phrase.",0.010025980530194276,0.0,1.0899740194698058,0.21614975035490228,0.0,0.8838502496450978,0.2596732722601724,0.0,0.8403267277398276,0.37597213418303244,0.0,0.7240278658169677,0.5318428307019744,0.0,0.5681571692980257,0.7086484016907247,0.3,0.39135159830927535,1.1002599132996418,1.0,0.00025991329964170085
2332,1.6,1-3m,0.2,p90,p90,p90,0.6471091449530332,7.01753609915321,0.8171037580398065,0.3977741462256036,0.5488937348560528,"<image>These are frames of a video.
Measuring from the closest point of each object, what is the direct distance between the sofa and the stool (in meters)?
Please answer the question using a single word or phrase.",0.0016863650174821425,0.0,1.598313634982518,0.1357870970071604,0.0,1.4642129029928397,0.33228390802584745,0.0,1.2677160919741526,0.45448812360096436,0.0,1.1455118763990357,0.5488937348560528,0.0,1.0511062651439473,0.8522622698265679,0.1,0.7477377301734321,0.9528908550469669,0.2,0.6471091449530332
2333,1.8,1-3m,0.0,min|p05|p10|p25|median|p75|p90,p90,p90,0.9421982732653074,8.492157735423561,0.7567906817847712,0.5763796519061691,0.4850967004715283,"<image>These are frames of a video.
Measuring from the closest point of each object, what is the direct distance between the stove and the refrigerator (in meters)?
Please answer the question using a single word or phrase.",0.0037418750869768367,0.0,1.7962581249130232,0.10101104494992147,0.0,1.6989889550500785,0.12757988209551796,0.0,1.672420117904482,0.205823012522328,0.0,1.5941769874776721,0.4850967004715283,0.0,1.3149032995284717,0.7822026644284972,0.0,1.0177973355715029,0.8578017267346927,0.0,0.9421982732653074
2334,1.3,1-3m,0.0,min|p05|p10|p25|median|p75|p90,p90,p90,0.864968442784544,3.026468309413925,0.29128924348883395,0.14084594092350783,0.3065022147366935,"<image>These are frames of a video.
Measuring from the closest point of each object, what is the direct distance between the ceiling light and the table (in meters)?
Please answer the question using a single word or phrase.",0.003613482654478767,0.0,1.2963865173455213,0.1437423137266221,0.0,1.156257686273378,0.17299065621331358,0.0,1.1270093437866864,0.2397476397820405,0.0,1.0602523602179597,0.3065022147366935,0.0,0.9934977852633066,0.38059358070554833,0.0,0.9194064192944518,0.43503155721545606,0.0,0.864968442784544
2337,1.1,1-3m,1.0,p75,p75,p75,0.033709252626223485,6.357855936635048,1.3905854191127827,0.5263681717802868,0.8139484698921736,"<image>These are frames of a video.
Measuring from the closest point of each object, what is the direct distance between the headphones and the sofa (in meters)?
Please answer the question using a single word or phrase.",0.04210074171094885,0.0,1.0578992582890512,0.25954139782006286,0.0,0.8404586021799372,0.34624069087453513,0.0,0.753759309125465,0.5399225755934898,0.0,0.5600774244065103,0.8139484698921736,0.5,0.28605153010782647,1.0662907473737766,1.0,0.033709252626223485,1.6501268169328456,0.0,0.5501268169328455
2338,1.4,1-3m,0.6,p90,p90,p90,0.2983386092046074,2.2577795648724406,0.6137212003819702,0.24743696028679318,0.708521886611695,"<image>These are frames of a video.
Measuring from the closest point of each object, what is the direct distance between the clock and the table (in meters)?
Please answer the question using a single word or phrase.",0.4350035569328799,0.0,0.9649964430671201,0.4879401904134223,0.0,0.9120598095865776,0.504798616201401,0.0,0.8952013837985989,0.5787575856806169,0.0,0.821242414319383,0.708521886611695,0.1,0.6914781133883049,0.82619454596741,0.2,0.5738054540325899,1.1016613907953925,0.6,0.2983386092046074
2339,0.7,<1m,1.0,p75,p75,p75,0.009626451034443928,1.6482154852853883,0.3058202960777396,0.14259616520680984,0.6369359797261598,"<image>These are frames of a video.
Measuring from the closest point of each object, what is the direct distance between the trash bin and the door (in meters)?
Please answer the question using a single word or phrase.",0.3520726833448002,0.1,0.34792731665519977,0.4717880134305907,0.4,0.22821198656940928,0.5048581339749209,0.5,0.1951418660250791,0.567030285827634,0.7,0.13296971417236592,0.6369359797261598,0.9,0.06306402027384017,0.7096264510344439,1.0,0.009626451034443928,0.7776083095083303,0.8,0.07760830950833031
2340,0.4,<1m,0.8,p75,p75,p75,0.04738066255914691,8.549556520834816,0.7085666153687081,0.17569174500427226,0.24955600193511474,"<image>These are frames of a video.
Measuring from the closest point of each object, what is the direct distance between the computer tower and the printer (in meters)?
Please answer the question using a single word or phrase.",0.0024375455666202145,0.0,0.3975624544333798,0.0938553957988457,0.0,0.3061446042011543,0.11925160638041628,0.0,0.28074839361958376,0.17692759243658085,0.0,0.22307240756341917,0.24955600193511474,0.3,0.1504439980648853,0.3526193374408531,0.8,0.04738066255914691,0.8024220111675539,0.0,0.40242201116755383
2341,0.7,<1m,0.6,p75,p75,p75,0.158790678839563,3.1780021672290673,0.6704504900401063,0.151721002947229,0.4558382380955089,"<image>These are frames of a video.
Measuring from the closest point of each object, what is the direct distance between the tv and the chair (in meters)?
Please answer the question using a single word or phrase.",0.1853221512214528,0.0,0.5146778487785472,0.30782820151785134,0.0,0.3921717984821486,0.3369281382570742,0.0,0.36307186174292577,0.38948831821320795,0.2,0.310511681786792,0.4558382380955089,0.4,0.24416176190449107,0.541209321160437,0.6,0.158790678839563,0.9782786915579575,0.3,0.2782786915579576
2342,0.5,<1m,0.0,min|p05|p10|p25|median|p75|p90,p10,p10,0.26432303361467774,13.6849067846583,2.0448690745504448,0.3310923504867411,1.270703054733096,"<image>These are frames of a video.
Measuring from the closest point of each object, what is the direct distance between the bowl and the cup (in meters)?
Please answer the question using a single word or phrase.",0.07514417859439837,0.0,0.42485582140560163,0.16120489564997056,0.0,0.33879510435002946,0.23567696638532226,0.0,0.26432303361467774,1.177480562295947,0.0,0.677480562295947,1.270703054733096,0.0,0.770703054733096,1.5085729127826881,0.0,1.0085729127826881,2.2060739702004155,0.0,1.7060739702004155
2343,1.8,1-3m,0.5,p90,p90,p90,0.5349659789874888,3.892082503889776,0.9400064760547087,0.5313504946830194,0.7231312696754159,"<image>These are frames of a video.
Measuring from the closest point of each object, what is the direct distance between the bed and the table lamp (in meters)?
Please answer the question using a single word or phrase.",0.06216668052502415,0.0,1.737833319474976,0.32502754495780267,0.0,1.4749724550421974,0.3740534996178344,0.0,1.4259465003821656,0.5136852057236823,0.0,1.2863147942763178,0.7231312696754159,0.0,1.076868730324584,1.0450357004067017,0.2,0.7549642995932984,1.2650340210125113,0.5,0.5349659789874888
2344,4.5,>=3m,0.0,min|p05|p10|p25|median|p75|p90,p90,p90,2.8353049041032783,3.21517928014649,1.1469338916689829,0.5410278690248191,0.7307092063875607,"<image>These are frames of a video.
Measuring from the closest point of each object, what is the direct distance between the trash bin and the window (in meters)?
Please answer the question using a single word or phrase.",0.37446227939547355,0.0,4.125537720604527,0.5177612042277391,0.0,3.982238795772261,0.5507270202279418,0.0,3.9492729797720583,0.6193623441920584,0.0,3.8806376558079414,0.7307092063875607,0.0,3.7692907936124396,1.1603902132168775,0.0,3.3396097867831225,1.664695095896722,0.0,2.8353049041032783
2345,4.6,>=3m,0.0,min|p05|p10|p25|median|p75|p90,p90,p90,3.0907983675521438,3.0662582865475327,1.0170051208007083,0.965340621157299,1.329834661526293,"<image>These are frames of a video.
Measuring from the closest point of each object, what is the direct distance between the slippers and the computer mouse (in meters)?
Please answer the question using a single word or phrase.",0.4649103656804886,0.0,4.135089634319511,0.4921965116471477,0.0,4.107803488352852,0.4994763294133396,0.0,4.10052367058666,0.5168790755116002,0.0,4.0831209244884,1.329834661526293,0.0,3.2701653384737064,1.4822196966688992,0.0,3.1177803033311005,1.5092016324478559,0.0,3.0907983675521438
2346,1.6,1-3m,0.0,min|p05|p10|p25|median|p75|p90,p90,p90,0.8436950331093711,3.0153337507865587,0.5054853132806946,0.20527298950119632,0.5299642133663452,"<image>These are frames of a video.
Measuring from the closest point of each object, what is the direct distance between the table lamp and the bed (in meters)?
Please answer the question using a single word or phrase.",0.004606378808736539,0.0,1.5953936211912636,0.2508196536099344,0.0,1.3491803463900656,0.31760012207767657,0.0,1.2823998779223236,0.433225643995929,0.0,1.166774356004071,0.5299642133663452,0.0,1.070035786633655,0.6384986334971253,0.0,0.9615013665028748,0.756304966890629,0.0,0.8436950331093711
2347,1.8,1-3m,0.0,min|p05|p10|p25|median|p75|p90,p90,p90,0.9852103513242452,32.47579194643489,0.7897005099714653,0.6727640531081107,0.6534458683915944,"<image>These are frames of a video.
Measuring from the closest point of each object, what is the direct distance between the ceiling light and the table lamp (in meters)?
Please answer the question using a single word or phrase.",0.0,0.0,1.8,0.025089138704289565,0.0,1.7749108612957105,0.0409285846904581,0.0,1.759071415309542,0.10084056957060569,0.0,1.6991594304293944,0.6534458683915944,0.0,1.1465541316084056,0.7736046226787164,0.0,1.0263953773212835,0.8147896486757549,0.0,0.9852103513242452
2348,4.8,>=3m,0.1,p75|p90,p90,p90,2.2058057149830193,5.195785583460794,2.0949061132196665,1.9092522964861876,0.86626188376502,"<image>These are frames of a video.
Measuring from the closest point of each object, what is the direct distance between the telephone and the door (in meters)?
Please answer the question using a single word or phrase.",0.2883813338399138,0.0,4.511618666160086,0.499288171797314,0.0,4.300711828202686,0.5460211229697449,0.0,4.253978877030255,0.6327512969769274,0.0,4.1672487030230725,0.86626188376502,0.0,3.93373811623498,2.542003593463115,0.1,2.257996406536885,2.5941942850169806,0.1,2.2058057149830193
2349,4.3,>=3m,0.0,min|p05|p10|p25|median|p75|p90,p90,p90,2.1950697420490695,3.363843713538647,1.4791787554423264,0.2800724788773543,1.7598880907689984,"<image>These are frames of a video.
Measuring from the closest point of each object, what is the direct distance between the paper bag and the toilet (in meters)?
Please answer the question using a single word or phrase.",0.4392193275000534,0.0,3.8607806724999465,0.625751502508604,0.0,3.674248497491396,0.654479987122297,0.0,3.6455200128777028,1.550339648131532,0.0,2.749660351868468,1.7598880907689984,0.0,2.540111909231001,1.8304121270088862,0.0,2.469587872991114,2.1049302579509304,0.0,2.1950697420490695
2350,0.7,<1m,0.9,p05,p05,p05,0.03940278064005076,2.3109357496710703,0.9693095385472388,0.4021361164632262,1.459413510123031,"<image>These are frames of a video.
Measuring from the closest point of each object, what is the direct distance between the bathtub and the bed (in meters)?
Please answer the question using a single word or phrase.",0.35203437627521955,0.1,0.3479656237247804,0.7394027806400507,0.9,0.03940278064005076,0.8520361382633385,0.6,0.1520361382633385,1.166048869364419,0.0,0.46604886936441914,1.459413510123031,0.0,0.759413510123031,1.5681849858276453,0.0,0.8681849858276454,1.7087123191872895,0.0,1.0087123191872895
2351,0.7,<1m,1.0,p90,p90,p90,0.034553651189719314,1.9965348324242438,0.3666393832989831,0.1617829106284252,0.5364537017779094,"<image>These are frames of a video.
Measuring from the closest point of each object, what is the direct distance between the blanket and the laptop (in meters)?
Please answer the question using a single word or phrase.",0.28051073492877865,0.0,0.4194892650712213,0.36791426789073617,0.1,0.3320857321092638,0.40246645135452236,0.2,0.2975335486454776,0.4616508070504515,0.4,0.23834919294954848,0.5364537017779094,0.6,0.16354629822209055,0.6234337176788767,0.8,0.07656628232112328,0.7345536511897193,1.0,0.034553651189719314
2352,4.6,>=3m,0.1,p75|p90,p90,p90,2.23603268241429,1.1411504633809428,0.2924023544678165,0.11061745538133616,2.262767521393622,"<image>These are frames of a video.
Measuring from the closest point of each object, what is the direct distance between the heater and the door (in meters)?
Please answer the question using a single word or phrase.",1.9426622265140314,0.0,2.6573377734859682,2.071564963117893,0.0,2.5284350368821067,2.113604883638353,0.0,2.4863951163616465,2.2096585696247186,0.0,2.390341430375281,2.262767521393622,0.0,2.337232478606378,2.320276025006055,0.1,2.279723974993945,2.3639673175857094,0.1,2.23603268241429
2353,1.4,1-3m,0.9,p90,p90,p90,0.0789101056755166,6.68537633225039,1.2576944205477811,0.40718249178995436,0.5759219770278863,"<image>These are frames of a video.
Measuring from the closest point of each object, what is the direct distance between the fireplace and the tv (in meters)?
Please answer the question using a single word or phrase.",0.0,0.0,1.4,0.22121568512773537,0.0,1.1787843148722645,0.26541391081712606,0.0,1.1345860891828738,0.36271691016237695,0.0,1.037283089837623,0.5759219770278863,0.0,0.8240780229721136,0.7698994019523313,0.1,0.6301005980476686,1.4789101056755165,0.9,0.0789101056755166
2354,0.7,<1m,0.8,median,median,median,0.08443641143592928,4.393846630155043,0.8297344740911532,0.4377324183448317,0.7844364114359292,"<image>These are frames of a video.
Measuring from the closest point of each object, what is the direct distance between the table and the bed (in meters)?
Please answer the question using a single word or phrase.",0.0016465658914520487,0.0,0.6983534341085479,0.24448201834425504,0.0,0.4555179816557449,0.3602426081289066,0.1,0.33975739187109333,0.5355517612488956,0.6,0.16444823875110437,0.7844364114359292,0.8,0.08443641143592928,0.9732841795937273,0.3,0.2732841795937273,1.0742164924354083,0.0,0.37421649243540833
2355,2.9,1-3m,0.0,min|p05|p10|p25|median|p75|p90,p90,p90,1.463121470401576,5.766808595732629,1.1877149747924438,0.9161685092417113,0.7026680851683004,"<image>These are frames of a video.
Measuring from the closest point of each object, what is the direct distance between the kettle and the door (in meters)?
Please answer the question using a single word or phrase.",0.1084606355794152,0.0,2.7915393644205846,0.24916355480598007,0.0,2.65083644519402,0.3004007190349862,0.0,2.5995992809650135,0.4522612125743184,0.0,2.4477387874256813,0.7026680851683004,0.0,2.1973319148316994,1.3684297218160297,0.0,1.5315702781839702,1.4368785295984239,0.0,1.463121470401576
2356,3.2,>=3m,0.4,p90,p90,p90,1.0998887909296773,11.554019893707954,1.9183466605936499,1.2742234334258564,1.5838777791467296,"<image>These are frames of a video.
Measuring from the closest point of each object, what is the direct distance between the door and the bookshelf (in meters)?
Please answer the question using a single word or phrase.",0.0,0.0,3.2,0.18176454847667292,0.0,3.0182354515233274,0.3835036761702544,0.0,2.816496323829746,0.6599667720929643,0.0,2.5400332279070357,1.5838777791467296,0.0,1.6161222208532706,1.9341902055188207,0.3,1.2658097944811795,2.100111209070323,0.4,1.0998887909296773
2357,1.3,1-3m,0.9,p90,p90,p90,0.11589150974399276,2.35559668989461,0.681429701762301,0.25544172629647444,0.927168656220908,"<image>These are frames of a video.
Measuring from the closest point of each object, what is the direct distance between the door and the chair (in meters)?
Please answer the question using a single word or phrase.",0.14772225748069634,0.0,1.1522777425193036,0.5026787884937063,0.0,0.7973212115062938,0.5861116753754546,0.0,0.7138883246245454,0.8069830264674521,0.3,0.4930169735325479,0.927168656220908,0.5,0.372831343779092,1.0624247527639266,0.7,0.23757524723607348,1.1841084902560073,0.9,0.11589150974399276
2358,3.4,>=3m,0.0,min|p05|p10|p25|median|p75|p90,p90,p90,1.9198246965846877,9.529879358719608,1.324855886694576,0.40573082391954696,1.0578591686825778,"<image>These are frames of a video.
Measuring from the closest point of each object, what is the direct distance between the tv and the lamp (in meters)?
Please answer the question using a single word or phrase.",0.029674187985779695,0.0,3.37032581201422,0.15531941672073613,0.0,3.244680583279264,0.18793962829500396,0.0,3.212060371704996,0.871260135034452,0.0,2.528739864965548,1.0578591686825778,0.0,2.342140831317422,1.276990958953999,0.0,2.123009041046001,1.4801753034153122,0.0,1.9198246965846877
2359,2.9,1-3m,0.0,min|p05|p10|p25|median|p75|p90,p90,p90,2.1253128449496645,2.8224103956682494,0.5002100073473287,0.23488766464189875,0.5643543242039398,"<image>These are frames of a video.
Measuring from the closest point of each object, what is the direct distance between the microwave and the door (in meters)?
Please answer the question using a single word or phrase.",0.06838222326482644,0.0,2.8316177767351736,0.2744771477030066,0.0,2.625522852296993,0.3477573648383245,0.0,2.5522426351616754,0.4488392453866596,0.0,2.4511607546133405,0.5643543242039398,0.0,2.33564567579606,0.6837269100285583,0.0,2.2162730899714416,0.7746871550503353,0.0,2.1253128449496645
2360,1.6,1-3m,0.8,p90,p90,p90,0.19306112183882473,1.7786235172455442,0.6159120731518591,0.27658938801004673,1.0607272068720373,"<image>These are frames of a video.
Measuring from the closest point of each object, what is the direct distance between the door and the table (in meters)?
Please answer the question using a single word or phrase.",0.20269510299803453,0.0,1.3973048970019655,0.7910268050093162,0.0,0.8089731949906839,0.8249797463162746,0.1,0.7750202536837255,0.9277202887475324,0.2,0.6722797112524677,1.0607272068720373,0.4,0.5392727931279628,1.2043096767575792,0.6,0.3956903232424209,1.4069388781611754,0.8,0.19306112183882473
2362,3.7,>=3m,0.2,p75|p90,p90,p90,1.5118795158351994,5.228120126292883,1.769591370198872,0.9896654981580593,1.9428350912097758,"<image>These are frames of a video.
Measuring from the closest point of each object, what is the direct distance between the lamp and the sofa (in meters)?
Please answer the question using a single word or phrase.",0.2442825790677725,0.0,3.4557174209322277,0.4185291139659289,0.0,3.281470886034071,0.49289191918008035,0.0,3.20710808081992,1.124838102042328,0.0,2.5751618979576723,1.9428350912097758,0.1,1.7571649087902244,2.114503600200387,0.2,1.585496399799613,2.1881204841648008,0.2,1.5118795158351994
2363,1.5,1-3m,0.8,p90,p90,p90,0.1680538243438714,2.7746855576670364,0.8519111778252275,0.27979135483391104,0.9814647555357756,"<image>These are frames of a video.
Measuring from the closest point of each object, what is the direct distance between the blanket and the door (in meters)?
Please answer the question using a single word or phrase.",0.15086255671746182,0.0,1.3491374432825383,0.48003499783090114,0.0,1.019965002169099,0.7031556589630257,0.0,0.7968443410369743,0.8597416345032216,0.2,0.6402583654967784,0.9814647555357756,0.4,0.5185352444642244,1.1395329893371327,0.6,0.36046701066286735,1.3319461756561286,0.8,0.1680538243438714
2364,4.5,>=3m,0.0,min|p05|p10|p25|median|p75|p90,p90,p90,2.755353623285777,8.736321152568049,1.5449460284501961,1.1907811863005664,0.9579698504878178,"<image>These are frames of a video.
Measuring from the closest point of each object, what is the direct distance between the keyboard and the heater (in meters)?
Please answer the question using a single word or phrase.",0.11516918597731644,0.0,4.384830814022684,0.19970034826402672,0.0,4.3002996517359735,0.2351040713706904,0.0,4.2648959286293096,0.5060874839221392,0.0,3.993912516077861,0.9579698504878178,0.0,3.542030149512182,1.6968686702227056,0.0,2.8031313297772944,1.7446463767142228,0.0,2.755353623285777
2365,2.7,1-3m,0.3,p90,p90,p90,1.0310948805159146,1.6285975750388964,0.6441552702500128,0.41311498369977295,1.5264986357632577,"<image>These are frames of a video.
Measuring from the closest point of each object, what is the direct distance between the radiator and the door (in meters)?
Please answer the question using a single word or phrase.",0.7856205291046136,0.0,1.9143794708953865,1.0247498492340728,0.0,1.6752501507659274,1.0769603154161767,0.0,1.6230396845838235,1.1803645144192962,0.0,1.519635485580704,1.5264986357632577,0.2,1.1735013642367425,1.5934794981190692,0.2,1.106520501880931,1.6689051194840856,0.3,1.0310948805159146
2366,2.6,1-3m,0.2,p90,p90,p90,1.1539282977814418,9.610529137191104,1.2956042636856988,0.705994858680808,1.2283058673755285,"<image>These are frames of a video.
Measuring from the closest point of each object, what is the direct distance between the lamp and the window (in meters)?
Please answer the question using a single word or phrase.",0.029772111854834013,0.0,2.570227888145166,0.15046743853285957,0.0,2.4495325614671404,0.18985050693664093,0.0,2.410149493063359,0.6672110463927996,0.0,1.9327889536072005,1.2283058673755285,0.0,1.3716941326244716,1.3732059050736076,0.1,1.2267940949263925,1.4460717022185583,0.2,1.1539282977814418
2368,0.5,<1m,0.8,median,median,median,0.05942003397465023,9.833977917961468,0.8293541309099545,0.4416751361095389,0.5594200339746502,"<image>These are frames of a video.
Measuring from the closest point of each object, what is the direct distance between the tv and the stool (in meters)?
Please answer the question using a single word or phrase.",0.005563785214197143,0.0,0.49443621478580285,0.0938822961311337,0.0,0.4061177038688663,0.1339834997067997,0.0,0.3660165002932003,0.3039673151522775,0.3,0.19603268484772252,0.5594200339746502,0.8,0.05942003397465023,0.7456424512618164,0.1,0.24564245126181639,0.9232364270410882,0.0,0.4232364270410882
2369,1.1,1-3m,0.1,p90,p90,p90,0.5230016857929355,6.477893385208998,0.48792640766341455,0.0788896433325259,0.426102520654198,"<image>These are frames of a video.
Measuring from the closest point of each object, what is the direct distance between the kettle and the cutting board (in meters)?
Please answer the question using a single word or phrase.",0.005897390574739799,0.0,1.0941026094252604,0.08907190654365003,0.0,1.01092809345635,0.10988547244621327,0.0,0.9901145275537868,0.38270562936849595,0.0,0.7172943706315041,0.426102520654198,0.0,0.6738974793458021,0.46159527270102185,0.0,0.6384047272989782,0.5769983142070646,0.1,0.5230016857929355
2370,2.6,1-3m,0.3,p90,p90,p90,0.9415332950939639,2.9895994150388003,1.103721244171956,0.7098684298511316,1.4294692047778859,"<image>These are frames of a video.
Measuring from the closest point of each object, what is the direct distance between the door and the desk (in meters)?
Please answer the question using a single word or phrase.",0.31808075151289317,0.0,2.2819192484871067,0.5547454607340803,0.0,2.04525453926592,0.6180797676105113,0.0,1.9819202323894887,0.8476702104476131,0.0,1.752329789552387,1.4294692047778859,0.1,1.1705307952221142,1.5575386402987448,0.2,1.0424613597012553,1.6584667049060362,0.3,0.9415332950939639
2371,3.1,>=3m,0.3,p90,p90,p90,1.1251289815284098,3.3119139682837706,1.3785780478860754,0.7085802930791278,1.1635428450186125,"<image>These are frames of a video.
Measuring from the closest point of each object, what is the direct distance between the table and the door (in meters)?
Please answer the question using a single word or phrase.",0.04114493880016185,0.0,3.0588550611998384,0.5962929705855149,0.0,2.5037070294144854,0.8386843298339224,0.0,2.261315670166078,1.023657943900424,0.0,2.076342056099576,1.1635428450186125,0.0,1.9364571549813876,1.732238236979552,0.2,1.3677617630204482,1.9748710184715903,0.3,1.1251289815284098
2372,2.4,1-3m,0.5,p75|p90,p90,p90,0.6001921285667882,2.3556773354909013,1.0357779916542187,0.6917033043307441,1.5411192121625246,"<image>These are frames of a video.
Measuring from the closest point of each object, what is the direct distance between the sofa and the stove (in meters)?
Please answer the question using a single word or phrase.",0.5863424896563122,0.0,1.8136575103436878,0.764029879778993,0.0,1.6359701202210069,0.8438750645555215,0.0,1.5561249354444784,1.0057746757123445,0.0,1.3942253242876554,1.5411192121625246,0.3,0.8588807878374753,1.6974779800430886,0.5,0.7025220199569113,1.7998078714332117,0.5,0.6001921285667882
2374,2.0,1-3m,0.0,min|p05|p10|p25|median|p75|p90,p90,p90,1.1476846640849387,3.464857183314684,0.6063267450953708,0.48022891453115835,0.7034288829860118,"<image>These are frames of a video.
Measuring from the closest point of each object, what is the direct distance between the tv and the stool (in meters)?
Please answer the question using a single word or phrase.",0.2130953164454022,0.0,1.7869046835545979,0.24598859081969052,0.0,1.7540114091803094,0.2620230073026511,0.0,1.737976992697349,0.31624877773302196,0.0,1.6837512222669782,0.7034288829860118,0.0,1.2965711170139882,0.7964776922641803,0.0,1.2035223077358197,0.8523153359150613,0.0,1.1476846640849387
2375,1.6,1-3m,1.0,p90,p90,p90,0.04543221374693429,5.85817666213595,1.289200612145644,0.8741465208750021,0.7595533016814752,"<image>These are frames of a video.
Measuring from the closest point of each object, what is the direct distance between the trash can and the exhaust fan (in meters)?
Please answer the question using a single word or phrase.",0.11661728589824596,0.0,1.4833827141017542,0.26536717410742183,0.0,1.3346328258925784,0.3174785940101575,0.0,1.2825214059898427,0.48867290141372943,0.0,1.1113270985862707,0.7595533016814752,0.0,0.8404466983185249,1.3628194222887315,0.8,0.23718057771126855,1.5545677862530658,1.0,0.04543221374693429
2376,1.6,1-3m,0.7,p90,p90,p90,0.31821843515957227,6.289512540811554,1.0779849181968015,0.8369804293287644,0.39380721286888254,"<image>These are frames of a video.
Measuring from the closest point of each object, what is the direct distance between the keyboard and the chair (in meters)?
Please answer the question using a single word or phrase.",0.008338090660463635,0.0,1.5916619093395366,0.2037966466436262,0.0,1.3962033533563738,0.2337775124917746,0.0,1.3662224875082254,0.29827736837734187,0.0,1.3017226316226582,0.39380721286888254,0.0,1.2061927871311175,1.1352577977061062,0.5,0.46474220229389385,1.2817815648404278,0.7,0.31821843515957227
2377,3.1,>=3m,0.0,min|p05|p10|p25|median|p75|p90,p90,p90,2.240569978743968,4.295188757041392,0.659338693524018,0.430056009492435,0.5657103624001978,"<image>These are frames of a video.
Measuring from the closest point of each object, what is the direct distance between the refrigerator and the stool (in meters)?
Please answer the question using a single word or phrase.",0.013641310469583385,0.0,3.086358689530417,0.20009132773201432,0.0,2.8999086722679857,0.23340676962479615,0.0,2.8665932303752037,0.32334673902369554,0.0,2.7766532609763046,0.5657103624001978,0.0,2.5342896375998025,0.7534027485161305,0.0,2.3465972514838693,0.8594300212560323,0.0,2.240569978743968
2378,1.4,1-3m,0.1,p75|p90,p90,p90,0.6685692942549524,2.143932458558555,0.39026757682968266,0.22573488853437668,0.6399683715336968,"<image>These are frames of a video.
Measuring from the closest point of each object, what is the direct distance between the fireplace and the stool (in meters)?
Please answer the question using a single word or phrase.",0.24880960985102984,0.0,1.1511903901489702,0.3411631289153649,0.0,1.058836871084635,0.35517904984356036,0.0,1.0448209501564396,0.476042813409899,0.0,0.9239571865901008,0.6399683715336968,0.0,0.7600316284663031,0.7017777019442757,0.1,0.6982222980557242,0.7314307057450475,0.1,0.6685692942549524
2379,3.2,>=3m,0.8,p90,p90,p90,0.37960940888047423,2.0984467129152007,1.4763533211898132,0.45365851666342527,1.436442571533525,"<image>These are frames of a video.
Measuring from the closest point of each object, what is the direct distance between the trash bin and the backpack (in meters)?
Please answer the question using a single word or phrase.",1.2953317706955245,0.0,1.9046682293044757,1.3440372699297127,0.0,1.8559627300702874,1.3604307727846707,0.0,1.8395692272153294,1.396720435988696,0.0,1.8032795640113042,1.436442571533525,0.0,1.7635574284664752,1.8503789526521213,0.2,1.349621047347879,2.820390591119526,0.8,0.37960940888047423
2380,1.8,1-3m,0.5,p90,p90,p90,0.4957217904415867,10.339274213620328,1.1781302631348398,0.2607135017873361,1.1388837343370408,"<image>These are frames of a video.
Measuring from the closest point of each object, what is the direct distance between the basket and the ceiling light (in meters)?
Please answer the question using a single word or phrase.",0.018315199172173256,0.0,1.7816848008278268,0.1261479464235736,0.0,1.6738520535764265,0.15966125598846223,0.0,1.6403387440115378,0.9638506644690028,0.1,0.8361493355309972,1.1388837343370408,0.3,0.6611162656629592,1.224564166256339,0.4,0.5754358337436611,1.3042782095584133,0.5,0.4957217904415867
2382,1.2,1-3m,0.9,p75,p75,p75,0.08096991295912992,2.8599274929028105,0.9530870003254239,0.46294981653980194,1.0249680860314707,"<image>These are frames of a video.
Measuring from the closest point of each object, what is the direct distance between the refrigerator and the sofa (in meters)?
Please answer the question using a single word or phrase.",0.2453714199591832,0.0,0.9546285800408167,0.5124323415629122,0.0,0.6875676584370878,0.6138680154631893,0.1,0.5861319845368107,0.8180200964193279,0.4,0.381979903580672,1.0249680860314707,0.8,0.17503191396852924,1.2809699129591299,0.9,0.08096991295912992,1.465519341888336,0.6,0.26551934188833615
2383,3.3,>=3m,0.3,median|p75|p90,p90,p90,1.2227269832041547,3.8748815805697094,1.5411861781135565,1.2742351940970391,1.9878151520476064,"<image>These are frames of a video.
Measuring from the closest point of each object, what is the direct distance between the door and the window (in meters)?
Please answer the question using a single word or phrase.",0.2918509652413398,0.0,3.00814903475866,0.5360868386822886,0.0,2.7639131613177113,0.607595498998647,0.0,2.692404501001353,0.7607805132373613,0.0,2.5392194867626383,1.9878151520476064,0.3,1.3121848479523934,2.0350157073344004,0.3,1.2649842926655994,2.077273016795845,0.3,1.2227269832041547
2385,3.4,>=3m,0.0,min|p05|p10|p25|median|p75|p90,p90,p90,1.8968435110354562,3.656455904717981,1.0920599167277507,0.6006893687386669,0.9698906313470421,"<image>These are frames of a video.
Measuring from the closest point of each object, what is the direct distance between the door and the table lamp (in meters)?
Please answer the question using a single word or phrase.",0.12685885904807023,0.0,3.2731411409519295,0.41109657223679297,0.0,2.9889034277632067,0.4624327817222625,0.0,2.9375672182777373,0.6876602030285951,0.0,2.712339796971405,0.9698906313470421,0.0,2.430109368652958,1.288349571767262,0.0,2.111650428232738,1.5031564889645437,0.0,1.8968435110354562
2386,3.1,>=3m,0.3,p90,p90,p90,1.1830687275840543,8.06877535303104,1.6793572678681739,1.1035014211606597,1.4440818128893969,"<image>These are frames of a video.
Measuring from the closest point of each object, what is the direct distance between the radiator and the microwave (in meters)?
Please answer the question using a single word or phrase.",0.013033440585146825,0.0,3.0869665594148534,0.23757400454777186,0.0,2.862425995452228,0.27611463962730637,0.0,2.8238853603726937,0.5687192849080955,0.0,2.5312807150919046,1.4440818128893969,0.0,1.6559181871106032,1.6722207060687553,0.1,1.4277792939312448,1.9169312724159457,0.3,1.1830687275840543
2387,2.7,1-3m,0.1,p90,p90,p90,1.3148558155612282,6.792780971124604,1.1812300305264238,0.9616002324076831,1.084238189074094,"<image>These are frames of a video.
Measuring from the closest point of each object, what is the direct distance between the trash can and the file folder (in meters)?
Please answer the question using a single word or phrase.",0.017563808316991867,0.0,2.682436191683008,0.2039141539123481,0.0,2.4960858460876523,0.2345851851035416,0.0,2.4654148148964588,0.2958396008557674,0.0,2.404160399144233,1.084238189074094,0.0,1.6157618109259062,1.2574398332634504,0.0,1.4425601667365497,1.385144184438772,0.1,1.3148558155612282
2388,4.3,>=3m,0.0,min|p05|p10|p25|median|p75|p90,p90,p90,2.960257466504663,4.4865283301998895,1.0411280068741162,0.8907818118193589,0.8703436132004345,"<image>These are frames of a video.
Measuring from the closest point of each object, what is the direct distance between the table lamp and the sofa (in meters)?
Please answer the question using a single word or phrase.",0.15676543435686033,0.0,4.143234565643139,0.298614526621221,0.0,4.001385473378779,0.32055649586800816,0.0,3.9794435041319915,0.37168534710549467,0.0,3.928314652894505,0.8703436132004345,0.0,3.4296563867995653,1.2624671589248535,0.0,3.037532841075146,1.3397425334953372,0.0,2.960257466504663
2389,6.0,>=3m,0.0,min|p05|p10|p25|median|p75|p90,p90,p90,3.6377748563558905,1.1007701015459446,0.21625012095176777,0.12518540954898416,2.3084024610975296,"<image>These are frames of a video.
Measuring from the closest point of each object, what is the direct distance between the heater and the exhaust fan (in meters)?
Please answer the question using a single word or phrase.",2.092992760276948,0.0,3.907007239723052,2.1459750226923417,0.0,3.8540249773076583,2.1647596505215803,0.0,3.8352403494784197,2.215043380386681,0.0,3.784956619613319,2.3084024610975296,0.0,3.6915975389024704,2.340228789935665,0.0,3.659771210064335,2.3622251436441095,0.0,3.6377748563558905
2390,0.7,<1m,0.6,median|p75,p75,p75,0.14569740649469998,3.450401374304807,0.6803425702861827,0.4687492244272149,0.5324917580315676,"<image>These are frames of a video.
Measuring from the closest point of each object, what is the direct distance between the bathtub and the toilet (in meters)?
Please answer the question using a single word or phrase.",0.12648296663878822,0.0,0.5735170333612117,0.277645359417577,0.0,0.42235464058242295,0.3118061186142784,0.0,0.38819388138572153,0.37694818206748504,0.1,0.3230518179325149,0.5324917580315676,0.6,0.1675082419684324,0.8456974064946999,0.6,0.14569740649469998,0.9579879297037598,0.3,0.25798792970375983
2391,1.1,1-3m,0.9,p90,p90,p90,0.0718922468307428,1.5657410253149957,0.37148080366308167,0.17705440727277666,0.8625949450659802,"<image>These are frames of a video.
Measuring from the closest point of each object, what is the direct distance between the bookshelf and the table (in meters)?
Please answer the question using a single word or phrase.",0.13909319354750246,0.0,0.9609068064524976,0.6566269495061756,0.2,0.44337305049382447,0.697087190233745,0.3,0.4029128097662551,0.7730137333400047,0.5,0.3269862666599954,0.8625949450659802,0.6,0.23740505493401987,0.9500681406127813,0.8,0.14993185938721876,1.0281077531692573,0.9,0.0718922468307428
2392,3.2,>=3m,0.0,min|p05|p10|p25|median|p75|p90,p90,p90,1.6644560758885396,8.920226422979058,1.3634021138816435,0.936285753502976,0.8668954985360351,"<image>These are frames of a video.
Measuring from the closest point of each object, what is the direct distance between the door and the heater (in meters)?
Please answer the question using a single word or phrase.",0.0010869041751425574,0.0,3.1989130958248575,0.17214181022981703,0.0,3.0278581897701833,0.2416682790352957,0.0,2.9583317209647046,0.397919146849744,0.0,2.8020808531502563,0.8668954985360351,0.0,2.333104501463965,1.33420490035272,0.0,1.86579509964728,1.5355439241114606,0.0,1.6644560758885396
2393,1.7,1-3m,0.0,min|p05|p10|p25|median|p75|p90,p90,p90,1.070517942041496,5.134786935695425,0.5068903972252139,0.3751833988072896,0.47671977580622427,"<image>These are frames of a video.
Measuring from the closest point of each object, what is the direct distance between the sofa and the laptop (in meters)?
Please answer the question using a single word or phrase.",0.0,0.0,1.7,0.12259166073329011,0.0,1.5774083392667098,0.1427457884848011,0.0,1.5572542115151988,0.18759353341611623,0.0,1.5124064665838837,0.47671977580622427,0.0,1.2232802241937757,0.5627769322234059,0.0,1.1372230677765942,0.629482057958504,0.0,1.070517942041496
2394,1.4,1-3m,0.9,p75|p90,p90,p90,0.08759896502109532,11.539059975121466,1.1986655107846913,0.8557886746385984,0.8465407427422884,"<image>These are frames of a video.
Measuring from the closest point of each object, what is the direct distance between the tv and the stove (in meters)?
Please answer the question using a single word or phrase.",0.0028346409947181887,0.0,1.3971653590052817,0.11373552419421319,0.0,1.2862644758057866,0.2117090830219118,0.0,1.1882909169780882,0.41647146772689847,0.0,0.9835285322731014,0.8465407427422884,0.3,0.5534592572577115,1.272260142365497,0.9,0.12773985763450302,1.3124010349789046,0.9,0.08759896502109532
2395,1.3,1-3m,1.0,median,median,median,0.0015085301412951502,9.451082205563765,1.8391413925964706,0.9559821596761504,1.3015085301412952,"<image>These are frames of a video.
Measuring from the closest point of each object, what is the direct distance between the plant and the door (in meters)?
Please answer the question using a single word or phrase.",0.0484365416554036,0.0,1.2515634583445965,0.2176219977348786,0.0,1.0823780022651215,0.3236656593405278,0.0,0.9763343406594722,0.6594572298323378,0.1,0.6405427701676623,1.3015085301412952,1.0,0.0015085301412951502,1.6154393895084882,0.6,0.31543938950848815,2.056763390331349,0.0,0.7567633903313491
2396,1.4,1-3m,1.0,p90,p90,p90,0.05921165460835209,3.9861702877585183,1.0044283184481946,0.43617334784637796,0.7255474859362829,"<image>These are frames of a video.
Measuring from the closest point of each object, what is the direct distance between the refrigerator and the table (in meters)?
Please answer the question using a single word or phrase.",0.11226189383963601,0.0,1.2877381061603639,0.3363600269434532,0.0,1.0636399730565467,0.3878594420348924,0.0,1.0121405579651075,0.5091491284879465,0.0,0.8908508715120534,0.7255474859362829,0.1,0.674452514063717,0.9453224763343244,0.4,0.4546775236656755,1.3407883453916478,1.0,0.05921165460835209
2397,2.3,1-3m,0.8,p90,p90,p90,0.3090706124566318,7.866967854949027,1.7378548327400336,0.4640968394280168,1.096005457233708,"<image>These are frames of a video.
Measuring from the closest point of each object, what is the direct distance between the nightstand and the window (in meters)?
Please answer the question using a single word or phrase.",0.0544963630848008,0.0,2.245503636915199,0.25307455480333446,0.0,2.046925445196665,0.30406183139135146,0.0,1.9959381686086484,0.8065418648199839,0.0,1.493458135180016,1.096005457233708,0.0,1.203994542766292,1.2706387042480007,0.2,1.029361295751999,1.990929387543368,0.8,0.3090706124566318
2398,1.2,1-3m,0.2,p90,p90,p90,0.5023994673668314,1.9423830579103596,0.3384537980113911,0.15929140174984668,0.5482405458846824,"<image>These are frames of a video.
Measuring from the closest point of each object, what is the direct distance between the piano and the table (in meters)?
Please answer the question using a single word or phrase.",0.14753918792408424,0.0,1.0524608120759158,0.3591467346217775,0.0,0.8408532653782225,0.40288122862106884,0.0,0.7971187713789312,0.4724691628046369,0.0,0.727530837195363,0.5482405458846824,0.0,0.6517594541153175,0.6317605645544836,0.1,0.5682394354455164,0.6976005326331686,0.2,0.5023994673668314
2399,1.0,1-3m,1.0,p75,p75,p75,0.04062395024056509,2.072219498048937,0.5587648945754582,0.33677083881632774,0.711974872078255,"<image>These are frames of a video.
Measuring from the closest point of each object, what is the direct distance between the tv and the sofa (in meters)?
Please answer the question using a single word or phrase.",0.3768206835012993,0.0,0.6231793164987007,0.5211292049736218,0.1,0.4788707950263782,0.5572155250561451,0.2,0.44278447494385487,0.6226052109431072,0.3,0.37739478905689283,0.711974872078255,0.5,0.28802512792174495,0.9593760497594349,1.0,0.04062395024056509,1.07989409954908,0.9,0.07989409954908
2400,1.4,1-3m,0.9,median,median,median,0.08083415295664564,2.143230686656599,1.0499947099952507,0.7647925769217339,1.3191658470433543,"<image>These are frames of a video.
Measuring from the closest point of each object, what is the direct distance between the radiator and the chair (in meters)?
Please answer the question using a single word or phrase.",0.6435832566062806,0.0,0.7564167433937193,0.9184451766825652,0.4,0.4815548233174347,0.9757407668069247,0.4,0.42425923319307524,1.1007857384160906,0.6,0.2992142615839093,1.3191658470433543,0.9,0.08083415295664564,1.8655783153378245,0.4,0.46557831533782457,1.9684398866778159,0.2,0.568439886677816
2402,0.5,<1m,0.9,median,median,median,0.037136552666836575,4.708748286071054,0.6221241680336553,0.3028106788566009,0.5371365526668366,"<image>These are frames of a video.
Measuring from the closest point of each object, what is the direct distance between the stove and the refrigerator (in meters)?
Please answer the question using a single word or phrase.",0.008952789672757951,0.0,0.491047210327242,0.16774505036380255,0.0,0.33225494963619745,0.23598272940245996,0.0,0.26401727059754004,0.39300781279799685,0.6,0.10699218720200315,0.5371365526668366,0.9,0.037136552666836575,0.6958184916545977,0.3,0.19581849165459775,0.7898692183974579,0.0,0.28986921839745794
2403,2.0,1-3m,0.0,min|p05|p10|p25|median|p75|p90,p90,p90,1.4047699762239194,5.96934915633574,0.4955156314382968,0.18535094489594883,0.33502528274174187,"<image>These are frames of a video.
Measuring from the closest point of each object, what is the direct distance between the table and the tv (in meters)?
Please answer the question using a single word or phrase.",0.0,0.0,2.0,0.09971439233778377,0.0,1.9002856076622163,0.1537112384820197,0.0,1.8462887615179804,0.2501566640238898,0.0,1.7498433359761103,0.33502528274174187,0.0,1.664974717258258,0.43550760891983864,0.0,1.5644923910801614,0.5952300237760806,0.0,1.4047699762239194
2404,1.4,1-3m,0.7,p90,p90,p90,0.25595573838311636,7.1692093274075415,0.9844667950693163,0.508302137543998,0.6496290948463583,"<image>These are frames of a video.
Measuring from the closest point of each object, what is the direct distance between the table and the fireplace (in meters)?
Please answer the question using a single word or phrase.",0.0007234877309653796,0.0,1.3992765122690345,0.1595774665475672,0.0,1.2404225334524328,0.26471221735807193,0.0,1.135287782641928,0.374126771754464,0.0,1.0258732282455358,0.6496290948463583,0.0,0.7503709051536416,0.882428909298462,0.3,0.517571090701538,1.1440442616168836,0.7,0.25595573838311636
2405,0.9,<1m,0.9,median,median,median,0.05397377735983533,4.081304364064074,1.1594471403416282,0.36968677692292673,0.8460262226401647,"<image>These are frames of a video.
Measuring from the closest point of each object, what is the direct distance between the mirror and the pillow (in meters)?
Please answer the question using a single word or phrase.",0.1120146879020958,0.0,0.7879853120979042,0.37628452218604586,0.0,0.5237154778139541,0.6114086814667998,0.4,0.2885913185332002,0.7225935964957809,0.7,0.1774064035042191,0.8460262226401647,0.9,0.05397377735983533,1.0922803734187077,0.6,0.19228037341870763,1.535731662527674,0.0,0.635731662527674
2406,1.9,1-3m,0.2,p90,p90,p90,0.8150825123970291,5.6310322030393465,0.8922498827156489,0.29132202834800125,0.5720565301137193,"<image>These are frames of a video.
Measuring from the closest point of each object, what is the direct distance between the chair and the fireplace (in meters)?
Please answer the question using a single word or phrase.",0.018502176137476324,0.0,1.8814978238625235,0.19266760488732193,0.0,1.707332395112678,0.24763850745633875,0.0,1.6523614925436612,0.4313856287903318,0.0,1.468614371209668,0.5720565301137193,0.0,1.3279434698862806,0.7227076571383331,0.0,1.1772923428616668,1.0849174876029708,0.2,0.8150825123970291
2407,3.2,>=3m,0.5,p90,p90,p90,0.9572694093538074,13.570710542257743,2.077468014035884,1.1670559015235082,1.5075136382987284,"<image>These are frames of a video.
Measuring from the closest point of each object, what is the direct distance between the power strip and the door (in meters)?
Please answer the question using a single word or phrase.",0.0,0.0,3.2,0.1652625766103086,0.0,3.0347374233896915,0.26621790158885744,0.0,2.9337820984111427,0.5998960827332426,0.0,2.6001039172667575,1.5075136382987284,0.0,1.6924863617012718,1.7669519842567507,0.2,1.4330480157432495,2.2427305906461927,0.5,0.9572694093538074
2408,0.4,<1m,1.0,median,median,median,0.0009929884878162598,2.762598214711359,0.4218427934495508,0.1803466916369355,0.4009929884878163,"<image>These are frames of a video.
Measuring from the closest point of each object, what is the direct distance between the window and the chair (in meters)?
Please answer the question using a single word or phrase.",0.059560281912569915,0.0,0.3404397180874301,0.239330092319781,0.2,0.16066990768021902,0.26684525988216556,0.4,0.13315474011783446,0.3216991430720444,0.7,0.07830085692795563,0.4009929884878163,1.0,0.0009929884878162598,0.5020458347089799,0.5,0.10204583470897988,0.6611728857693318,0.0,0.26117288576933173
2409,1.6,1-3m,0.9,p75,p75,p75,0.15198116029950648,10.331238126507218,1.8504942309033583,0.7460710820140233,0.8810123983822618,"<image>These are frames of a video.
Measuring from the closest point of each object, what is the direct distance between the kettle and the refrigerator (in meters)?
Please answer the question using a single word or phrase.",0.0033139191009348016,0.0,1.5966860808990653,0.19831175732689377,0.0,1.4016882426731063,0.3907069417172719,0.0,1.2092930582827282,0.7019477576864703,0.0,0.8980522423135298,0.8810123983822618,0.2,0.7189876016177383,1.4480188397004936,0.9,0.15198116029950648,2.048805988230252,0.5,0.448805988230252
2410,2.3,1-3m,0.7,p90,p90,p90,0.39693588304935457,3.2957594050078427,1.878631039876818,0.5515627327772379,1.387754883338688,"<image>These are frames of a video.
Measuring from the closest point of each object, what is the direct distance between the pillow and the window (in meters)?
Please answer the question using a single word or phrase.",0.3261820369379258,0.0,1.973817963062074,0.8183048431725364,0.0,1.4816951568274634,0.9505892649509642,0.0,1.3494107350490356,1.1601789651788657,0.1,1.1398210348211342,1.387754883338688,0.3,0.9122451166613119,1.7117416979561035,0.5,0.5882583020438963,2.6969358830493544,0.7,0.39693588304935457
2411,0.9,<1m,1.0,min,min,min,0.001004349622475531,1.4433034454606155,0.44128773509061003,0.24183553044721595,1.236011052996561,"<image>These are frames of a video.
Measuring from the closest point of each object, what is the direct distance between the trash bin and the sofa (in meters)?
Please answer the question using a single word or phrase.",0.8989956503775245,1.0,0.001004349622475531,0.9954529783365184,0.8,0.09545297833651833,1.0314590732158906,0.8,0.13145907321589057,1.109796605100188,0.6,0.20979660510018794,1.236011052996561,0.3,0.3360110529965611,1.351632135547404,0.0,0.4516321355474039,1.4367407134271284,0.0,0.5367407134271284
2412,5.2,>=3m,0.0,min|p05|p10|p25|median|p75|p90,p90,p90,3.1957771589455977,5.58605646717252,1.6454325472518634,1.0767326319893806,1.5613212855717649,"<image>These are frames of a video.
Measuring from the closest point of each object, what is the direct distance between the heater and the door (in meters)?
Please answer the question using a single word or phrase.",0.16383092795431492,0.0,5.036169072045685,0.3587902938025392,0.0,4.841209706197461,0.45000089027022955,0.0,4.749999109729771,0.8842283203269388,0.0,4.315771679673062,1.5613212855717649,0.0,3.6386787144282353,1.9609609523163194,0.0,3.239039047683681,2.0042228410544025,0.0,3.1957771589455977
2413,4.8,>=3m,0.0,min|p05|p10|p25|median|p75|p90,p90,p90,2.570762451363859,15.465545842332537,2.0850953650130943,1.4457007208823067,1.080563276434328,"<image>These are frames of a video.
Measuring from the closest point of each object, what is the direct distance between the mirror and the desk (in meters)?
Please answer the question using a single word or phrase.",0.012600345067210346,0.0,4.7873996549327895,0.14414218362304657,0.0,4.655857816376953,0.17690637976689913,0.0,4.6230936202331,0.28626852062485686,0.0,4.513731479375143,1.080563276434328,0.0,3.719436723565672,1.7319692415071637,0.0,3.068030758492836,2.229237548636141,0.0,2.570762451363859
2414,3.1,>=3m,0.0,min|p05|p10|p25|median|p75|p90,p90,p90,1.5615829483634123,2.2610528574522615,0.8580185166947443,0.4532760490605787,0.8033519273481218,"<image>These are frames of a video.
Measuring from the closest point of each object, what is the direct distance between the table and the washer (in meters)?
Please answer the question using a single word or phrase.",0.6053302455716786,0.0,2.4946697544283216,0.6803985349418435,0.0,2.4196014650581565,0.6945952349376397,0.0,2.4054047650623605,0.740206572930755,0.0,2.359793427069245,0.8033519273481218,0.0,2.2966480726518785,1.1934826219913337,0.0,1.9065173780086664,1.5384170516365878,0.0,1.5615829483634123
2415,3.7,>=3m,0.0,min|p05|p10|p25|median|p75|p90,p90,p90,2.4814757281700652,11.509407540736241,1.1126522477907212,0.6661093107597236,0.5951223694808274,"<image>These are frames of a video.
Measuring from the closest point of each object, what is the direct distance between the computer mouse and the telephone (in meters)?
Please answer the question using a single word or phrase.",0.00032520733955172966,0.0,3.6996747926604483,0.10587202403921371,0.0,3.5941279759607863,0.2090658781581878,0.0,3.4909341218418124,0.3404612746475581,0.0,3.3595387253524422,0.5951223694808274,0.0,3.104877630519173,1.0065705854072817,0.0,2.6934294145927185,1.218524271829935,0.0,2.4814757281700652
2416,2.9,1-3m,0.0,min|p05|p10|p25|median|p75|p90,p90,p90,1.5392230267315399,1.156849372248096,0.18449853468135746,0.10644121184981592,1.2633261983818782,"<image>These are frames of a video.
Measuring from the closest point of each object, what is the direct distance between the nightstand and the refrigerator (in meters)?
Please answer the question using a single word or phrase.",1.1169195070919025,0.0,1.7830804929080974,1.1762784385871026,0.0,1.7237215614128973,1.1861269757835413,0.0,1.7138730242164586,1.2108461822571375,0.0,1.6891538177428624,1.2633261983818782,0.0,1.6366738016181217,1.3172873941069534,0.0,1.5827126058930465,1.36077697326846,0.0,1.5392230267315399
2417,5.1,>=3m,0.0,min|p05|p10|p25|median|p75|p90,p90,p90,3.0854471588516614,12.058956815378242,1.8474942081346375,1.7067646749296752,1.8310656140141452,"<image>These are frames of a video.
Measuring from the closest point of each object, what is the direct distance between the refrigerator and the desk (in meters)?
Please answer the question using a single word or phrase.",0.009740182902473185,0.0,5.090259817097526,0.16705863301370066,0.0,4.932941366986299,0.19998392169595344,0.0,4.900016078304046,0.2679640398416501,0.0,4.83203596015835,1.8310656140141452,0.0,3.2689343859858546,1.9747287147713253,0.0,3.125271285228674,2.014552841148338,0.0,3.0854471588516614
2418,4.2,>=3m,0.0,min|p05|p10|p25|median|p75|p90,p90,p90,2.1039304660393725,4.997925131321045,1.6766815921875589,1.1871356055806301,1.0463988354264344,"<image>These are frames of a video.
Measuring from the closest point of each object, what is the direct distance between the radiator and the bookshelf (in meters)?
Please answer the question using a single word or phrase.",0.004632529286551894,0.0,4.195367470713448,0.41938794177306876,0.0,3.7806120582269314,0.6022463645903944,0.0,3.597753635409606,0.7856918351316782,0.0,3.414308164868322,1.0463988354264344,0.0,3.1536011645735655,1.9728274407123083,0.0,2.227172559287692,2.0960695339606277,0.0,2.1039304660393725
2419,1.3,1-3m,0.5,p90,p90,p90,0.36519599559081994,18.9846936864205,0.8855641262289051,0.6596247635723567,0.6544744942184736,"<image>These are frames of a video.
Measuring from the closest point of each object, what is the direct distance between the stove and the washer (in meters)?
Please answer the question using a single word or phrase.",0.0009262031464826073,0.0,1.2990737968535175,0.049239878180274935,0.0,1.250760121819725,0.07493070576171736,0.0,1.2250692942382826,0.15409617807898152,0.0,1.1459038219210185,0.6544744942184736,0.1,0.6455255057815265,0.8137209416513381,0.3,0.4862790583486619,0.9348040044091801,0.5,0.36519599559081994
2420,0.7,<1m,1.0,p90,p90,p90,0.02792495329176381,7.948532436194556,0.5875216965013645,0.26578459493912354,0.3356698642139724,"<image>These are frames of a video.
Measuring from the closest point of each object, what is the direct distance between the telephone and the computer mouse (in meters)?
Please answer the question using a single word or phrase.",0.0003717051270264801,0.0,0.6996282948729735,0.08455335020687155,0.0,0.6154466497931284,0.16904781888352582,0.0,0.5309521811164741,0.27820436687216354,0.0,0.4217956331278364,0.3356698642139724,0.0,0.3643301357860276,0.5439889618112871,0.6,0.15601103818871287,0.6720750467082361,1.0,0.02792495329176381
2421,1.0,1-3m,1.0,median,median,median,0.020683517684894737,1.6320158808925842,0.47391941104168367,0.2020237347750372,0.9793164823151053,"<image>These are frames of a video.
Measuring from the closest point of each object, what is the direct distance between the counter and the sofa (in meters)?
Please answer the question using a single word or phrase.",0.5146109879860337,0.1,0.48538901201396634,0.7498536435071476,0.5,0.25014635649285244,0.7975163964282672,0.6,0.20248360357173278,0.8852857239306747,0.8,0.11471427606932527,0.9793164823151053,1.0,0.020683517684894737,1.087309458705712,0.9,0.08730945870571194,1.2237730545488312,0.6,0.22377305454883123
2422,1.8,1-3m,0.6,p75|p90,p90,p90,0.37276421890577827,4.80297060167109,1.720384972997046,0.5372350083618571,1.1578069785782819,"<image>These are frames of a video.
Measuring from the closest point of each object, what is the direct distance between the telephone and the window (in meters)?
Please answer the question using a single word or phrase.",0.234619738537086,0.0,1.565380261462914,0.45237924590873235,0.0,1.3476207540912677,0.5226058651877082,0.0,1.2773941348122917,0.8684622110227356,0.0,0.9315377889772645,1.1578069785782819,0.3,0.6421930214217182,1.4056972193845927,0.6,0.39430278061540736,2.1727642189057783,0.6,0.37276421890577827
2423,0.7,<1m,1.0,median,median,median,0.03236530540937321,2.6809140606904216,0.9680781879527453,0.36378264572765096,0.7323653054093732,"<image>These are frames of a video.
Measuring from the closest point of each object, what is the direct distance between the radiator and the chair (in meters)?
Please answer the question using a single word or phrase.",0.4376556636993765,0.3,0.2623443363006235,0.5759236659339474,0.7,0.12407633406605256,0.6056912406037124,0.8,0.09430875939628758,0.6608072379291321,0.9,0.03919276207086786,0.7323653054093732,1.0,0.03236530540937321,1.024589883656783,0.1,0.3245898836567831,1.5440018538866926,0.0,0.8440018538866927
2424,1.5,1-3m,1.0,p75,p75,p75,0.025556085425336494,1.6870606057796818,0.6719241657264924,0.38978862732198727,1.300611261117556,"<image>These are frames of a video.
Measuring from the closest point of each object, what is the direct distance between the bookshelf and the chair (in meters)?
Please answer the question using a single word or phrase.",0.5940757090081134,0.0,0.9059242909918866,0.9779692796736433,0.4,0.5220307203263567,1.0374262126023746,0.4,0.46257378739762545,1.1357674581033492,0.6,0.3642325418966508,1.300611261117556,0.8,0.19938873888244402,1.5255560854253365,1.0,0.025556085425336494,1.6498934454001357,0.9,0.14989344540013572
2425,2.7,1-3m,0.3,p90,p90,p90,0.9714424513907098,2.360322824003066,0.9962180859599874,0.5078534547950383,1.1387305966038388,"<image>These are frames of a video.
Measuring from the closest point of each object, what is the direct distance between the trash can and the ceiling light (in meters)?
Please answer the question using a single word or phrase.",0.6633249696060237,0.0,2.0366750303939765,0.7323394626493029,0.0,1.9676605373506972,0.755159586401056,0.0,1.944840413598944,0.7993540690044693,0.0,1.9006459309955308,1.1387305966038388,0.0,1.5612694033961614,1.3072075237995076,0.0,1.3927924762004926,1.7285575486092903,0.3,0.9714424513907098
2426,1.1,1-3m,0.9,p90,p90,p90,0.08414253541107763,4.0027679923671995,0.7620687197688276,0.4828391085096069,0.8387366210468981,"<image>These are frames of a video.
Measuring from the closest point of each object, what is the direct distance between the refrigerator and the window (in meters)?
Please answer the question using a single word or phrase.",0.02002119821129481,0.0,1.0799788017887053,0.25378874482009484,0.0,0.8462112551799053,0.3144770133525762,0.0,0.7855229866474238,0.4853739965847558,0.0,0.6146260034152443,0.8387366210468981,0.6,0.26126337895310203,0.9682131050943626,0.8,0.13178689490563744,1.0158574645889225,0.9,0.08414253541107763
2427,2.6,1-3m,0.0,min|p05|p10|p25|median|p75|p90,p90,p90,1.986184119788733,3.3544926298359443,0.43083265504279,0.1849862919555676,0.3208292029306181,"<image>These are frames of a video.
Measuring from the closest point of each object, what is the direct distance between the fireplace and the stool (in meters)?
Please answer the question using a single word or phrase.",0.0915727144204151,0.0,2.508427285579585,0.18298322516847695,0.0,2.417016774831523,0.20456089534400687,0.0,2.3954391046559933,0.2497368171805252,0.0,2.350263182819475,0.3208292029306181,0.0,2.2791707970693817,0.4347231091360928,0.0,2.1652768908639075,0.613815880211267,0.0,1.986184119788733
2428,2.5,1-3m,0.6,p90,p90,p90,0.5267125122301792,1.920720759841981,0.9459192575580724,0.23252191973066272,1.520249132954389,"<image>These are frames of a video.
Measuring from the closest point of each object, what is the direct distance between the telephone and the mirror (in meters)?
Please answer the question using a single word or phrase.",0.8292992904006388,0.0,1.6707007095993611,1.0273682302117484,0.0,1.4726317697882516,1.1354197103688732,0.0,1.3645802896311268,1.437348996048167,0.2,1.062651003951833,1.520249132954389,0.3,0.979750867045611,1.6698709157788296,0.4,0.8301290842211704,1.9732874877698208,0.6,0.5267125122301792
2429,2.0,1-3m,0.0,min|p05|p10|p25|median|p75|p90,p90,p90,1.2973366332148792,5.3348417329834135,0.5709512369873792,0.30033605198055746,0.3742058677972172,"<image>These are frames of a video.
Measuring from the closest point of each object, what is the direct distance between the cup and the printer (in meters)?
Please answer the question using a single word or phrase.",0.0006671973951398344,0.0,1.9993328026048602,0.13171212979774174,0.0,1.8682878702022583,0.21797042667190702,0.0,1.782029573328093,0.2810790563047606,0.0,1.7189209436952395,0.3742058677972172,0.0,1.625794132202783,0.5814151082853181,0.0,1.418584891714682,0.7026633667851209,0.0,1.2973366332148792
2430,1.6,1-3m,1.0,p75,p75,p75,0.009940270656318972,3.4109768701904875,1.1912772085877834,0.6106129071183255,1.4312123007407727,"<image>These are frames of a video.
Measuring from the closest point of each object, what is the direct distance between the stool and the table (in meters)?
Please answer the question using a single word or phrase.",0.2692423315925741,0.0,1.330757668407426,0.4941056147476282,0.0,1.105894385252372,0.6500906554625394,0.0,0.9499093445374607,0.9993273635379936,0.3,0.6006726364620065,1.4312123007407727,0.8,0.16878769925922743,1.609940270656319,1.0,0.009940270656318972,1.6853828233354116,0.9,0.08538282333541147
2431,0.8,<1m,0.8,median,median,median,0.11760480692673025,6.649009870579956,1.423469676186414,0.7868424766684843,0.9176048069267303,"<image>These are frames of a video.
Measuring from the closest point of each object, what is the direct distance between the blanket and the laptop (in meters)?
Please answer the question using a single word or phrase.",0.0046895892009195545,0.0,0.7953104107990805,0.25198569462585724,0.0,0.5480143053741429,0.3217996809687304,0.0,0.47820031903126964,0.6689973487328404,0.7,0.1310026512671596,0.9176048069267303,0.8,0.11760480692673025,1.4558398254013247,0.0,0.6558398254013247,1.6754553708122712,0.0,0.8754553708122712
2432,3.4,>=3m,0.0,min|p05|p10|p25|median|p75|p90,p90,p90,3.0962168840642397,5.888573109681462,0.2521945374673522,0.1402226246887459,0.18512790596862186,"<image>These are frames of a video.
Measuring from the closest point of each object, what is the direct distance between the table and the computer mouse (in meters)?
Please answer the question using a single word or phrase.",0.0018382767307564788,0.0,3.3981617232692436,0.05158857846840817,0.0,3.348411421531592,0.06670619903717105,0.0,3.333293800962829,0.11173139855527063,0.0,3.288268601444729,0.18512790596862186,0.0,3.214872094031378,0.25195402324401656,0.0,3.1480459767559834,0.3037831159357604,0.0,3.0962168840642397
2433,2.0,1-3m,0.7,p90,p90,p90,0.35727454384918467,9.470113547844793,1.4692612787836214,0.38162731461898436,1.3267215814158804,"<image>These are frames of a video.
Measuring from the closest point of each object, what is the direct distance between the rack and the printer (in meters)?
Please answer the question using a single word or phrase.",0.00574974476020771,0.0,1.9942502552397923,0.17346417736719394,0.0,1.8265358226328061,0.24066615572430602,0.0,1.759333844275694,1.0536802842860582,0.1,0.9463197157139418,1.3267215814158804,0.4,0.6732784185841196,1.4353075989050426,0.5,0.5646924010949574,1.6427254561508153,0.7,0.35727454384918467
2434,1.5,1-3m,0.0,min|p05|p10|p25|median|p75|p90,p90,p90,0.8748200572833364,1.6639986283076484,0.2494705328161903,0.030605163805042968,0.5968921740223326,"<image>These are frames of a video.
Measuring from the closest point of each object, what is the direct distance between the plant and the computer mouse (in meters)?
Please answer the question using a single word or phrase.",0.24402175962898337,0.0,1.2559782403710167,0.37570940990047325,0.0,1.1242905900995268,0.521792954281848,0.0,0.978207045718152,0.5799135105356755,0.0,0.9200864894643245,0.5968921740223326,0.0,0.9031078259776674,0.6105186743407185,0.0,0.8894813256592815,0.6251799427166636,0.0,0.8748200572833364
2435,1.3,1-3m,0.8,p75|p90,p90,p90,0.1391623511059843,3.7495507367760914,0.8512438520936776,0.3232875841737709,1.0069992734845123,"<image>These are frames of a video.
Measuring from the closest point of each object, what is the direct distance between the heater and the ceiling light (in meters)?
Please answer the question using a single word or phrase.",0.12055165862144844,0.0,1.1794483413785517,0.3095937968003382,0.0,0.9904062031996619,0.37756688609902866,0.0,0.9224331139009714,0.78278797080417,0.3,0.5172120291958301,1.0069992734845123,0.6,0.2930007265154877,1.1060755549779409,0.8,0.1939244450220592,1.1608376488940158,0.8,0.1391623511059843
2436,2.5,1-3m,0.4,p75|p90,p90,p90,0.7702015767918753,2.3168124727715904,0.9831698360705666,0.7410297932902039,1.2227231972298263,"<image>These are frames of a video.
Measuring from the closest point of each object, what is the direct distance between the bathtub and the toilet (in meters)?
Please answer the question using a single word or phrase.",0.596156435271176,0.0,1.9038435647288239,0.7466285871375581,0.0,1.753371412862442,0.7879217670060432,0.0,1.7120782329939568,0.885776968408444,0.0,1.614223031591556,1.2227231972298263,0.0,1.2772768027701737,1.626806761698648,0.4,0.8731932383013521,1.7297984232081247,0.4,0.7702015767918753
2437,0.9,<1m,0.9,median,median,median,0.060927316752241834,2.3276808194023095,0.7754066865127054,0.41831823705616367,0.9609273167522419,"<image>These are frames of a video.
Measuring from the closest point of each object, what is the direct distance between the door and the table (in meters)?
Please answer the question using a single word or phrase.",0.1358377626880517,0.0,0.7641622373119483,0.5840309471833562,0.3,0.3159690528166438,0.6349515234096139,0.5,0.2650484765903861,0.7628911060550082,0.7,0.13710889394499182,0.9609273167522419,0.9,0.060927316752241834,1.1812093431111719,0.4,0.28120934311117185,1.3594376336960616,0.0,0.4594376336960616
2438,0.9,<1m,0.3,median,median,median,0.34079293625738083,19.522294014305494,1.8424271909987422,1.2016079263344732,1.2407929362573809,"<image>These are frames of a video.
Measuring from the closest point of each object, what is the direct distance between the door and the bookshelf (in meters)?
Please answer the question using a single word or phrase.",0.0,0.0,0.9,0.09947078853060876,0.0,0.8005292114693913,0.17221502780980263,0.0,0.7277849721901974,0.4949954852041194,0.1,0.4050045147958806,1.2407929362573809,0.3,0.34079293625738083,1.6966034115385926,0.0,0.7966034115385926,1.941897979529351,0.0,1.041897979529351
2439,1.2,1-3m,0.1,p90,p90,p90,0.5726065474179104,5.538987859232097,0.5141248431309273,0.3144395912575826,0.417994273819686,"<image>These are frames of a video.
Measuring from the closest point of each object, what is the direct distance between the refrigerator and the stove (in meters)?
Please answer the question using a single word or phrase.",0.005230522238725942,0.0,1.194769477761274,0.11326860945116224,0.0,1.0867313905488376,0.1492059973735416,0.0,1.0507940026264584,0.22517235405139271,0.0,0.9748276459486073,0.417994273819686,0.0,0.7820057261803139,0.5396119453089753,0.0,0.6603880546910247,0.6273934525820896,0.1,0.5726065474179104
2440,1.9,1-3m,0.4,p90,p90,p90,0.6463869225072063,1.0887974377796839,0.10223906246093617,0.05480777039471296,1.1995049629835675,"<image>These are frames of a video.
Measuring from the closest point of each object, what is the direct distance between the paper bag and the clock (in meters)?
Please answer the question using a single word or phrase.",1.1119291451521505,0.2,0.7880708548478494,1.1513740150318574,0.3,0.7486259849681425,1.1587696864622647,0.3,0.7412303135377352,1.1749266727359013,0.3,0.7250733272640986,1.1995049629835675,0.3,0.7004950370164325,1.2297344431306143,0.3,0.6702655568693856,1.2536130774927936,0.4,0.6463869225072063
2441,2.4,1-3m,0.4,p90,p90,p90,0.7825271672522363,9.88116074919568,1.453780238952098,0.9876052506249731,1.1379042256074965,"<image>These are frames of a video.
Measuring from the closest point of each object, what is the direct distance between the bookshelf and the door (in meters)?
Please answer the question using a single word or phrase.",0.001955917550015939,0.0,2.398044082449984,0.16369259379566567,0.0,2.236307406204334,0.213688426723786,0.0,2.186311573276214,0.36696162103001617,0.0,2.0330383789699837,1.1379042256074965,0.0,1.2620957743925034,1.3545668716549892,0.2,1.0454331283450107,1.6174728327477637,0.4,0.7825271672522363
2442,1.9,1-3m,0.4,p90,p90,p90,0.6351483515685359,3.225199833470666,0.8726738877528812,0.41541278868409215,1.0885575071254152,"<image>These are frames of a video.
Measuring from the closest point of each object, what is the direct distance between the microwave and the sofa (in meters)?
Please answer the question using a single word or phrase.",0.30656217464803975,0.0,1.59343782535196,0.3921777606785828,0.0,1.5078222393214171,0.45131015197617774,0.0,1.4486898480238222,0.7548475431197976,0.0,1.1451524568802023,1.0885575071254152,0.2,0.8114424928745847,1.1702603318038898,0.3,0.7297396681961101,1.264851648431464,0.4,0.6351483515685359
2443,0.5,<1m,1.0,p90,p90,p90,0.023290263253297305,2.4931186200491804,0.31339641422216913,0.15740968158056068,0.384817811746175,"<image>These are frames of a video.
Measuring from the closest point of each object, what is the direct distance between the tv and the fireplace (in meters)?
Please answer the question using a single word or phrase.",0.01585847910425839,0.0,0.4841415208957416,0.20989384903112818,0.0,0.2901061509688718,0.24359144596491078,0.0,0.2564085540350892,0.3035375117467414,0.3,0.19646248825325863,0.384817811746175,0.6,0.11518218825382498,0.46094719332730205,0.9,0.03905280667269795,0.5232902632532973,1.0,0.023290263253297305
2444,0.4,<1m,0.9,p10,p10,p10,0.03828300707491866,3.0421452805892892,0.665092513325822,0.2773880938049864,0.5627840239908334,"<image>These are frames of a video.
Measuring from the closest point of each object, what is the direct distance between the fireplace and the chair (in meters)?
Please answer the question using a single word or phrase.",0.12909715486029594,0.0,0.2709028451397041,0.3256832506715195,0.7,0.07431674932848054,0.36171699292508136,0.9,0.03828300707491866,0.44492415380745265,0.8,0.04492415380745263,0.5627840239908334,0.2,0.16278402399083336,0.7223122476124391,0.0,0.32231224761243904,0.9907757639973415,0.0,0.5907757639973414
2445,1.9,1-3m,0.7,p90,p90,p90,0.34141619911914556,3.011742316042212,1.0410814260664583,0.36577658324191553,1.164841330363269,"<image>These are frames of a video.
Measuring from the closest point of each object, what is the direct distance between the radiator and the tv (in meters)?
Please answer the question using a single word or phrase.",0.0631660801146682,0.0,1.8368339198853316,0.5175023748143962,0.0,1.3824976251856036,0.8406152694559126,0.0,1.0593847305440873,0.9852139083143518,0.1,0.9147860916856481,1.164841330363269,0.3,0.7351586696367309,1.3509904915562674,0.5,0.5490095084437325,1.5585838008808544,0.7,0.34141619911914556
2446,6.1,>=3m,0.0,min|p05|p10|p25|median|p75|p90,p90,p90,4.411014424872622,15.553670709021413,1.5803947732051191,1.441769760607128,0.8391170181784642,"<image>These are frames of a video.
Measuring from the closest point of each object, what is the direct distance between the telephone and the door (in meters)?
Please answer the question using a single word or phrase.",0.014865130476237585,0.0,6.085134869523762,0.10859080192225846,0.0,5.991409198077741,0.13763950188001162,0.0,5.962360498119988,0.2094723703717032,0.0,5.890527629628297,0.8391170181784642,0.0,5.260882981821536,1.6512421309788312,0.0,4.448757869021168,1.6889855751273777,0.0,4.411014424872622
2447,0.5,<1m,1.0,p25,p25,p25,0.019888062516420724,2.2748288436695248,0.4443027743541089,0.2146979172028486,0.5838970405834344,"<image>These are frames of a video.
Measuring from the closest point of each object, what is the direct distance between the piano and the door (in meters)?
Please answer the question using a single word or phrase.",0.19792683416946047,0.0,0.30207316583053956,0.34851954955396824,0.4,0.15148045044603176,0.39217092265082437,0.6,0.10782907734917563,0.4801119374835793,1.0,0.019888062516420724,0.5838970405834344,0.7,0.08389704058343439,0.6948098546864279,0.3,0.19480985468642786,0.7928223239080772,0.0,0.29282232390807716
2448,1.7,1-3m,0.8,p75,p75,p75,0.19673045619550433,7.975984855282049,1.8441900548074264,0.5220331841808332,1.2811861665001998,"<image>These are frames of a video.
Measuring from the closest point of each object, what is the direct distance between the bed and the stool (in meters)?
Please answer the question using a single word or phrase.",0.043530735756459646,0.0,1.6564692642435404,0.2643626804050542,0.0,1.435637319594946,0.7661444173521056,0.0,0.9338555826478944,0.9812363596236624,0.2,0.7187636403763376,1.2811861665001998,0.6,0.41881383349980017,1.5032695438044956,0.8,0.19673045619550433,2.1085527352124807,0.6,0.4085527352124807
2450,2.7,1-3m,0.2,p75|p90,p90,p90,1.1007503991105618,8.717221068564161,1.4157909518187368,1.124335990339522,1.087838902012004,"<image>These are frames of a video.
Measuring from the closest point of each object, what is the direct distance between the printer and the bookshelf (in meters)?
Please answer the question using a single word or phrase.",0.07389760429174212,0.0,2.626102395708258,0.18345864907070153,0.0,2.5165413509292986,0.23960924186716226,0.0,2.4603907581328377,0.42721731779744476,0.0,2.272782682202555,1.087838902012004,0.0,1.6121610979879961,1.5515533081369668,0.2,1.1484466918630334,1.5992496008894383,0.2,1.1007503991105618
2451,1.5,1-3m,0.7,p90,p90,p90,0.26092420456701815,2.452725811051782,0.7338926274450202,0.3337650586383297,0.9045985956617555,"<image>These are frames of a video.
Measuring from the closest point of each object, what is the direct distance between the tv and the bed (in meters)?
Please answer the question using a single word or phrase.",0.12830819378367914,0.0,1.3716918062163208,0.5051831679879617,0.0,0.9948168320120383,0.6308627237063145,0.0,0.8691372762936855,0.7504536874977995,0.1,0.7495463125022005,0.9045985956617555,0.3,0.5954014043382445,1.0842187461361292,0.5,0.41578125386387077,1.2390757954329819,0.7,0.26092420456701815
2452,1.5,1-3m,1.0,p90,p90,p90,0.07359656704979312,3.179019950172691,0.9777106108517731,0.4779762545377626,1.1358126497768497,"<image>These are frames of a video.
Measuring from the closest point of each object, what is the direct distance between the cushion and the door (in meters)?
Please answer the question using a single word or phrase.",0.24216706179507316,0.0,1.257832938204927,0.44869282209843375,0.0,1.0513071779015664,0.5277639705145788,0.0,0.9722360294854212,0.845367592634259,0.2,0.654632407365741,1.1358126497768497,0.6,0.3641873502231503,1.3233438471720216,0.8,0.17665615282797842,1.4264034329502069,1.0,0.07359656704979312
2453,4.0,>=3m,0.0,min|p05|p10|p25|median|p75|p90,p90,p90,2.103018857346841,2.6352649107590294,1.1771365703263579,0.46078130962349206,1.122297299621871,"<image>These are frames of a video.
Measuring from the closest point of each object, what is the direct distance between the refrigerator and the keyboard (in meters)?
Please answer the question using a single word or phrase.",0.601833389486949,0.0,3.398166610513051,0.719844572326801,0.0,3.280155427673199,0.7515737649662632,0.0,3.2484262350337367,0.9310283617158601,0.0,3.0689716382841397,1.122297299621871,0.0,2.877702700378129,1.3918096713393522,0.0,2.6081903286606476,1.8969811426531589,0.0,2.103018857346841
2454,2.1,1-3m,0.5,p90,p90,p90,0.5833051282322934,8.53952421957827,1.3390860457056606,1.10441027409518,1.3383764136476155,"<image>These are frames of a video.
Measuring from the closest point of each object, what is the direct distance between the cup and the rack (in meters)?
Please answer the question using a single word or phrase.",0.005658439216777578,0.0,2.0943415607832225,0.17760882606204606,0.0,1.922391173937954,0.2148061383655239,0.0,1.885193861634476,0.3524449367975723,0.0,1.747555063202428,1.3383764136476155,0.3,0.7616235863523846,1.4568552108927522,0.4,0.6431447891072479,1.5166948717677067,0.5,0.5833051282322934
2455,8.7,>=3m,0.0,min|p05|p10|p25|median|p75|p90,p90,p90,6.729869226699277,1.101349862946805,0.18129796042018964,0.08502598270911221,1.8945204029685208,"<image>These are frames of a video.
Measuring from the closest point of each object, what is the direct distance between the tv and the stove (in meters)?
Please answer the question using a single word or phrase.",1.739298541388208,0.0,6.9607014586117915,1.7888328128805324,0.0,6.911167187119467,1.8114658744644887,0.0,6.888534125535511,1.8489195579162483,0.0,6.8510804420837506,1.8945204029685208,0.0,6.8054795970314785,1.9339455406253605,0.0,6.766054459374638,1.970130773300722,0.0,6.729869226699277
2456,3.3,>=3m,0.1,p90,p90,p90,1.6458257369901397,18.607053684303676,1.5652738765717176,0.44254698301219864,0.6782509281432086,"<image>These are frames of a video.
Measuring from the closest point of each object, what is the direct distance between the radiator and the door (in meters)?
Please answer the question using a single word or phrase.",0.0,0.0,3.3,0.08890038643814252,0.0,3.2110996135618572,0.13942132909715332,0.0,3.1605786709028463,0.4919245982747471,0.0,2.8080754017252527,0.6782509281432086,0.0,2.621749071856791,0.9344715812869457,0.0,2.365528418713054,1.6541742630098601,0.1,1.6458257369901397
2457,0.7,<1m,1.0,p75,p75,p75,0.02949946877609122,8.569205290759053,0.8875271849480719,0.45152159696477295,0.4429678216111995,"<image>These are frames of a video.
Measuring from the closest point of each object, what is the direct distance between the desk and the bed (in meters)?
Please answer the question using a single word or phrase.",0.0,0.0,0.7,0.1172550024546988,0.0,0.5827449975453012,0.16860418671228034,0.0,0.5313958132877197,0.2779778718113182,0.0,0.42202212818868173,0.4429678216111995,0.3,0.25703217838880044,0.7294994687760912,1.0,0.02949946877609122,1.0047821874027707,0.2,0.30478218740277074
2458,10.4,>=3m,0.0,min|p05|p10|p25|median|p75|p90,p90,p90,8.520468397537979,7.856065106783653,1.6402856724812407,1.0049738858997523,1.1012441560530413,"<image>These are frames of a video.
Measuring from the closest point of each object, what is the direct distance between the tv and the dishwasher (in meters)?
Please answer the question using a single word or phrase.",0.14660689974509797,0.0,10.253393100254902,0.23924592998078142,0.0,10.16075407001922,0.27043419102761473,0.0,10.129565808972385,0.42333249266871964,0.0,9.97666750733128,1.1012441560530413,0.0,9.298755843946958,1.428306378568472,0.0,8.971693621431529,1.879531602462022,0.0,8.520468397537979
2459,1.9,1-3m,1.0,p75,p75,p75,0.028581252270828417,5.375905750239883,1.7147024597216685,1.0822854586997388,1.1212976218266595,"<image>These are frames of a video.
Measuring from the closest point of each object, what is the direct distance between the radiator and the refrigerator (in meters)?
Please answer the question using a single word or phrase.",0.2951393469366945,0.0,1.6048606530633054,0.39185086644694533,0.0,1.5081491335530546,0.47588842989785674,0.0,1.4241115701021432,0.8462957935710894,0.0,1.0537042064289106,1.1212976218266595,0.2,0.7787023781733404,1.9285812522708283,1.0,0.028581252270828417,2.106553326168614,0.8,0.20655332616861388
2460,1.7,1-3m,0.5,p90,p90,p90,0.427404718803833,1.632134885787135,0.4928832045301331,0.21344268430033164,1.0127431905078497,"<image>These are frames of a video.
Measuring from the closest point of each object, what is the direct distance between the bed and the heater (in meters)?
Please answer the question using a single word or phrase.",0.623576529033211,0.0,1.0764234709667888,0.7797120766660338,0.0,0.9202879233339661,0.829539547580785,0.0,0.870460452419215,0.9196067569098054,0.1,0.7803932430901945,1.0127431905078497,0.2,0.6872568094921503,1.133049441210137,0.4,0.5669505587898629,1.272595281196167,0.5,0.427404718803833
2461,4.6,>=3m,0.0,min|p05|p10|p25|median|p75|p90,p90,p90,2.900027097277527,11.398779386588604,1.5508365044233177,0.9422203014818202,0.826894721664065,"<image>These are frames of a video.
Measuring from the closest point of each object, what is the direct distance between the refrigerator and the door (in meters)?
Please answer the question using a single word or phrase.",0.0,0.0,4.6,0.1491363982991547,0.0,4.450863601700845,0.24806292216331435,0.0,4.351937077836685,0.44244019322453054,0.0,4.157559806775469,0.826894721664065,0.0,3.773105278335935,1.3846604947063508,0.0,3.215339505293649,1.6999729027224724,0.0,2.900027097277527
2462,3.5,>=3m,0.0,min|p05|p10|p25|median|p75|p90,p90,p90,1.9259856775633646,3.5369747193217487,1.128997196971156,0.7583749494248968,1.2152768798191826,"<image>These are frames of a video.
Measuring from the closest point of each object, what is the direct distance between the heater and the door (in meters)?
Please answer the question using a single word or phrase.",0.2524591455136992,0.0,3.2475408544863007,0.4450171254654794,0.0,3.0549828745345207,0.47074867118733055,0.0,3.0292513288126695,0.7083397235927791,0.0,2.791660276407221,1.2152768798191826,0.0,2.2847231201808174,1.4667146730176759,0.0,2.033285326982324,1.5740143224366354,0.0,1.9259856775633646
2463,4.1,>=3m,0.0,min|p05|p10|p25|median|p75|p90,p90,p90,3.21312385568931,3.678602669595971,0.645785647736865,0.30494456829305017,0.5521897551583295,"<image>These are frames of a video.
Measuring from the closest point of each object, what is the direct distance between the stool and the table (in meters)?
Please answer the question using a single word or phrase.",0.0782503228260859,0.0,4.021749677173914,0.24109049657382464,0.0,3.858909503426175,0.27880521194210844,0.0,3.821194788057891,0.3943163524010741,0.0,3.7056836475989257,0.5521897551583295,0.0,3.54781024484167,0.6992609206941243,0.0,3.4007390793058754,0.8868761443106896,0.0,3.21312385568931
2464,0.7,<1m,0.9,p25,p25,p25,0.05261856219648153,2.2055850976099745,0.5909044205665861,0.3436516349424411,0.86850360932057,"<image>These are frames of a video.
Measuring from the closest point of each object, what is the direct distance between the toilet and the bathtub (in meters)?
Please answer the question using a single word or phrase.",0.18021740369361228,0.0,0.5197825963063877,0.4901391214423861,0.5,0.20986087855761387,0.5426700968204888,0.6,0.15732990317951112,0.6473814378035184,0.9,0.05261856219648153,0.86850360932057,0.6,0.16850360932057007,0.9910330727459595,0.2,0.2910330727459596,1.0810435420089721,0.0,0.38104354200897217
2465,1.8,1-3m,0.3,p90,p90,p90,0.660376978018689,2.2270594749021946,0.6279065479381741,0.3122338150753925,0.9015616602655105,"<image>These are frames of a video.
Measuring from the closest point of each object, what is the direct distance between the sofa and the bed (in meters)?
Please answer the question using a single word or phrase.",0.27355143751347977,0.0,1.5264485624865203,0.5117164740431369,0.0,1.2882835259568632,0.582761756832021,0.0,1.2172382431679791,0.7377907673977302,0.0,1.0622092326022698,0.9015616602655105,0.1,0.8984383397344895,1.0500245824731227,0.2,0.7499754175268774,1.139623021981311,0.3,0.660376978018689
2466,2.3,1-3m,0.0,min|p05|p10|p25|median|p75|p90,p90,p90,1.4919059364202576,2.6475990485815277,0.5028763743632858,0.2781840596926254,0.5942508171013969,"<image>These are frames of a video.
Measuring from the closest point of each object, what is the direct distance between the dishwasher and the refrigerator (in meters)?
Please answer the question using a single word or phrase.",0.15427309771000358,0.0,2.1457269022899963,0.30521768921645637,0.0,1.9947823107835434,0.3416281523531479,0.0,1.958371847646852,0.4180636855052394,0.0,1.8819363144947605,0.5942508171013969,0.0,1.705749182898603,0.6962477451978648,0.0,1.603752254802135,0.8080940635797422,0.0,1.4919059364202576
2467,1.5,1-3m,0.7,p90,p90,p90,0.2541509826781212,20.40239106250476,1.1847851442932178,0.9576622323699644,0.6723032285965317,"<image>These are frames of a video.
Measuring from the closest point of each object, what is the direct distance between the cup and the table lamp (in meters)?
Please answer the question using a single word or phrase.",0.0,0.0,1.5,0.061063873028661016,0.0,1.438936126971339,0.07923549937125018,0.0,1.4207645006287497,0.19181940097120714,0.0,1.308180599028793,0.6723032285965317,0.0,0.8276967714034683,1.1494816333411715,0.6,0.3505183666588285,1.2458490173218788,0.7,0.2541509826781212
2468,2.8,1-3m,0.6,p90,p90,p90,0.6817053413396237,8.303345283816771,1.8631812572233752,1.0101491671897598,1.1060072513655368,"<image>These are frames of a video.
Measuring from the closest point of each object, what is the direct distance between the refrigerator and the dishwasher (in meters)?
Please answer the question using a single word or phrase.",0.09151263355123529,0.0,2.7084873664487645,0.2551134014370009,0.0,2.544886598562999,0.2884903267738031,0.0,2.511509673226197,0.37040903626697214,0.0,2.4295909637330277,1.1060072513655368,0.0,1.693992748634463,1.3805582034567319,0.0,1.419441796543268,2.118294658660376,0.6,0.6817053413396237
2469,2.3,1-3m,0.0,min|p05|p10|p25|median|p75|p90,p90,p90,1.2259246848157932,4.522510733013458,0.8365799550640718,0.559568981326173,0.8283945710268803,"<image>These are frames of a video.
Measuring from the closest point of each object, what is the direct distance between the refrigerator and the stove (in meters)?
Please answer the question using a single word or phrase.",0.014818180603497301,0.0,2.2851818193965023,0.2374953601201349,0.0,2.0625046398798648,0.3236614113524596,0.0,1.9763385886475402,0.4280779991751949,0.0,1.871922000824805,0.8283945710268803,0.0,1.4716054289731195,0.9876469805013679,0.0,1.312353019498632,1.0740753151842066,0.0,1.2259246848157932
2470,2.0,1-3m,0.1,p90,p90,p90,0.9369690815784883,9.89043432761332,0.9555502069371219,0.586255072754465,0.705217060555168,"<image>These are frames of a video.
Measuring from the closest point of each object, what is the direct distance between the stool and the fireplace (in meters)?
Please answer the question using a single word or phrase.",0.0007496987702848183,0.0,1.9992503012297151,0.10748071148438976,0.0,1.8925192885156101,0.16349364436675687,0.0,1.836506355633243,0.3255779663544168,0.0,1.674422033645583,0.705217060555168,0.0,1.294782939444832,0.9118330391088818,0.0,1.0881669608911182,1.0630309184215117,0.1,0.9369690815784883
2471,2.8,1-3m,0.3,p75|p90,p90,p90,1.0396718850729982,1.1856870855563717,0.27567998442890707,0.12203933623525587,1.6434746461848002,"<image>These are frames of a video.
Measuring from the closest point of each object, what is the direct distance between the whiteboard and the heater (in meters)?
Please answer the question using a single word or phrase.",1.296350832636448,0.0,1.503649167363552,1.4846481304980945,0.1,1.3153518695019053,1.5198194408674945,0.1,1.2801805591325053,1.5822527323774953,0.2,1.2177472676225045,1.6434746461848002,0.2,1.1565253538151996,1.7042920686127512,0.3,1.0957079313872486,1.7603281149270016,0.3,1.0396718850729982
2472,2.6,1-3m,0.4,p90,p90,p90,0.8944514006633102,3.2587558812369775,1.1821744462874324,0.6125627218858938,1.0453106381411201,"<image>These are frames of a video.
Measuring from the closest point of each object, what is the direct distance between the printer and the bed (in meters)?
Please answer the question using a single word or phrase.",0.06261675684404804,0.0,2.537383243155952,0.5233741530492575,0.0,2.0766258469507424,0.5820867783214015,0.0,2.0179132216785987,0.7247861416552988,0.0,1.8752138583447013,1.0453106381411201,0.0,1.55468936185888,1.3373488635411925,0.1,1.2626511364588076,1.70554859933669,0.4,0.8944514006633102
2473,1.2,1-3m,0.6,p90,p90,p90,0.2542844788774906,2.4923205776910016,0.5662637244364415,0.26428045539140466,0.7524734567719376,"<image>These are frames of a video.
Measuring from the closest point of each object, what is the direct distance between the sofa and the bed (in meters)?
Please answer the question using a single word or phrase.",0.12916660184681145,0.0,1.0708333981531886,0.37945179668606793,0.0,0.820548203313932,0.4953248377241741,0.0,0.7046751622758258,0.5999925552429437,0.0,0.6000074447570563,0.7524734567719376,0.3,0.4475265432280624,0.8642730106343484,0.5,0.3357269893656516,0.9457155211225093,0.6,0.2542844788774906
2474,3.0,>=3m,0.2,p90,p90,p90,1.3161382413349167,3.727262380253567,1.2320927156307344,0.9218163702856496,1.3581556638751557,"<image>These are frames of a video.
Measuring from the closest point of each object, what is the direct distance between the lamp and the bookshelf (in meters)?
Please answer the question using a single word or phrase.",0.03431389306235116,0.0,2.965686106937649,0.45176904303434884,0.0,2.548230956965651,0.5052900774324112,0.0,2.494709922567589,0.6637828847787192,0.0,2.336217115221281,1.3581556638751557,0.0,1.6418443361248443,1.5855992550643687,0.1,1.4144007449356313,1.6838617586650833,0.2,1.3161382413349167
2475,0.7,<1m,0.7,p10,p10,p10,0.1261873059513644,5.098337661192982,1.8488154640772871,1.0683617116830963,1.5621017667593375,"<image>These are frames of a video.
Measuring from the closest point of each object, what is the direct distance between the door and the counter (in meters)?
Please answer the question using a single word or phrase.",0.11032870473809404,0.0,0.5896712952619059,0.4511135042833725,0.3,0.24888649571662746,0.5738126940486356,0.7,0.1261873059513644,0.9421752629612574,0.4,0.24217526296125746,1.5621017667593375,0.0,0.8621017667593376,2.0105369746443538,0.0,1.3105369746443538,2.2999289683606596,0.0,1.5999289683606597
2476,1.2,1-3m,1.0,p90,p90,p90,0.04055276653010309,3.5396329083772557,0.8900777882932117,0.5569009308632168,0.9373926514604948,"<image>These are frames of a video.
Measuring from the closest point of each object, what is the direct distance between the printer and the sofa (in meters)?
Please answer the question using a single word or phrase.",0.1561073708513123,0.0,1.0438926291486876,0.35047497823689133,0.0,0.8495250217631086,0.4220414127315501,0.0,0.7779585872684498,0.5640150281895407,0.0,0.6359849718104592,0.9373926514604948,0.6,0.2626073485395052,1.1209159590527575,0.9,0.07908404094724242,1.240552766530103,1.0,0.04055276653010309
2477,1.9,1-3m,0.6,p90,p90,p90,0.4114740963135046,3.3220322192279874,1.0404490021227843,0.3363959617162222,0.9665861823847701,"<image>These are frames of a video.
Measuring from the closest point of each object, what is the direct distance between the power strip and the bookshelf (in meters)?
Please answer the question using a single word or phrase.",0.20823007509478086,0.0,1.691769924905219,0.448076901563711,0.0,1.451923098436289,0.5723982697385243,0.0,1.3276017302614758,0.7668003557182235,0.0,1.1331996442817764,0.9665861823847701,0.1,0.9334138176152298,1.1031963174344457,0.2,0.7968036825655542,1.4885259036864953,0.6,0.4114740963135046
2478,2.4,1-3m,0.3,p90,p90,p90,0.9195911876212892,1.67518739242107,0.596681523672732,0.19109703061835137,1.0125124775585754,"<image>These are frames of a video.
Measuring from the closest point of each object, what is the direct distance between the trash can and the whiteboard (in meters)?
Please answer the question using a single word or phrase.",0.8094344904398822,0.0,1.5905655095601177,0.8837272887059787,0.0,1.5162727112940213,0.9040238956516412,0.0,1.4959761043483586,0.9460091771719176,0.0,1.4539908228280822,1.0125124775585754,0.0,1.3874875224414245,1.137106207790269,0.0,1.262893792209731,1.4804088123787107,0.3,0.9195911876212892
2479,2.4,1-3m,1.0,p75|p90,p90,p90,0.05170930031107712,4.153221980326156,1.7828764957737953,1.5375768603595248,0.8350163694426993,"<image>These are frames of a video.
Measuring from the closest point of each object, what is the direct distance between the trash bin and the microwave (in meters)?
Please answer the question using a single word or phrase.",0.4119629785464125,0.0,1.9880370214535874,0.5654142039151275,0.0,1.8345857960848724,0.6224909148355354,0.0,1.7775090851644646,0.7467196839889378,0.0,1.653280316011062,0.8350163694426993,0.0,1.5649836305573006,2.2842965443484626,1.0,0.11570345565153728,2.348290699688923,1.0,0.05170930031107712
2480,6.0,>=3m,0.0,min|p05|p10|p25|median|p75|p90,p90,p90,3.4337596367467182,9.494484847199024,2.29595288535917,1.7626792215750637,0.7222884010690205,"<image>These are frames of a video.
Measuring from the closest point of each object, what is the direct distance between the microwave and the shoe rack (in meters)?
Please answer the question using a single word or phrase.",0.15419853250056448,0.0,5.845801467499435,0.2702874778941114,0.0,5.729712522105888,0.30357504776316663,0.0,5.696424952236834,0.5056912009667964,0.0,5.494308799033203,0.7222884010690205,0.0,5.2777115989309795,2.26837042254186,0.0,3.73162957745814,2.5662403632532818,0.0,3.4337596367467182
2481,2.7,1-3m,0.1,p90,p90,p90,1.263463961223225,10.517760487052925,1.2999541076189862,1.059848871478677,0.8650936434833875,"<image>These are frames of a video.
Measuring from the closest point of each object, what is the direct distance between the bookshelf and the tv (in meters)?
Please answer the question using a single word or phrase.",0.007397364484282097,0.0,2.692602635515718,0.13658193115778894,0.0,2.5634180688422115,0.17180520575959762,0.0,2.5281947942404024,0.2617332364892601,0.0,2.43826676351074,0.8650936434833875,0.0,1.8349063565166128,1.321582107967937,0.0,1.378417892032063,1.4365360387767752,0.1,1.263463961223225
2482,0.7,<1m,1.0,median,median,median,0.01460055782531422,6.674482225046982,0.8533645988611811,0.5126194063700824,0.6853994421746857,"<image>These are frames of a video.
Measuring from the closest point of each object, what is the direct distance between the cushion and the table (in meters)?
Please answer the question using a single word or phrase.",0.0026305912698397003,0.0,0.6973694087301603,0.15038633746960334,0.0,0.5496136625303967,0.19837162382590154,0.0,0.5016283761740984,0.3713286427687548,0.1,0.32867135723124513,0.6853994421746857,1.0,0.01460055782531422,0.8839480491388372,0.5,0.18394804913883722,1.0037509363307844,0.2,0.3037509363307844
2483,2.0,1-3m,0.1,p90,p90,p90,0.9297572971421397,8.814818991143799,0.9488286722426965,0.5298097176598828,0.5114778540081402,"<image>These are frames of a video.
Measuring from the closest point of each object, what is the direct distance between the table and the chair (in meters)?
Please answer the question using a single word or phrase.",0.0,0.0,2.0,0.12141403061516377,0.0,1.8785859693848361,0.17415053128133187,0.0,1.8258494687186682,0.2827339862799186,0.0,1.7172660137200815,0.5114778540081402,0.0,1.4885221459918598,0.8125437039398015,0.0,1.1874562960601986,1.0702427028578603,0.1,0.9297572971421397
2484,2.4,1-3m,0.7,p90,p90,p90,0.46673357089884226,5.347510508901255,1.5717399906055027,1.009866575939165,1.4298181705427673,"<image>These are frames of a video.
Measuring from the closest point of each object, what is the direct distance between the mirror and the desk (in meters)?
Please answer the question using a single word or phrase.",0.1620761578019703,0.0,2.2379238421980294,0.36152643849565486,0.0,2.038473561504345,0.4426096933477569,0.0,1.957390306652243,0.7044444869960688,0.0,1.695555513003931,1.4298181705427673,0.2,0.9701818294572326,1.7143110629352338,0.5,0.6856889370647661,1.9332664291011576,0.7,0.46673357089884226
2485,1.9,1-3m,0.3,p90,p90,p90,0.6905381840806784,3.121036837913972,0.821942578329131,0.5071807035068269,0.702666875865049,"<image>These are frames of a video.
Measuring from the closest point of each object, what is the direct distance between the refrigerator and the dishwasher (in meters)?
Please answer the question using a single word or phrase.",0.2572547647998268,0.0,1.6427452352001732,0.3875192375901905,0.0,1.5124807624098093,0.5124842551965645,0.0,1.3875157448034354,0.6144637523216868,0.0,1.285536247678313,0.702666875865049,0.0,1.197333124134951,1.1216444558285137,0.2,0.7783555441714862,1.2094618159193216,0.3,0.6905381840806784
2486,2.0,1-3m,0.9,p90,p90,p90,0.18150600138636852,3.1685352719871482,1.244571399521603,0.3429893014887764,1.0630178550235905,"<image>These are frames of a video.
Measuring from the closest point of each object, what is the direct distance between the refrigerator and the chair (in meters)?
Please answer the question using a single word or phrase.",0.32668843133712894,0.0,1.673311568662871,0.5739225990920285,0.0,1.4260774009079715,0.6571101343632892,0.0,1.3428898656367108,0.8919361489287998,0.0,1.1080638510712002,1.0630178550235905,0.1,0.9369821449764095,1.2349254504175762,0.3,0.7650745495824238,1.8184939986136315,0.9,0.18150600138636852
2487,1.8,1-3m,0.9,p90,p90,p90,0.13832547064925826,2.4460800844699087,0.9823531367681092,0.5165264876300992,1.3205453786275037,"<image>These are frames of a video.
Measuring from the closest point of each object, what is the direct distance between the door and the counter (in meters)?
Please answer the question using a single word or phrase.",0.39560878861043836,0.0,1.4043912113895618,0.6793213925826326,0.0,1.1206786074173674,0.7936416075176166,0.0,1.0063583924823836,0.9885011122439609,0.1,0.8114988877560392,1.3205453786275037,0.5,0.4794546213724964,1.50502759987406,0.7,0.29497240012593995,1.6616745293507418,0.9,0.13832547064925826
2488,4.7,>=3m,0.0,min|p05|p10|p25|median|p75|p90,p90,p90,2.7259154502102976,9.319871209981448,1.762269975820538,1.6410475245039287,0.28761740667672747,"<image>These are frames of a video.
Measuring from the closest point of each object, what is the direct distance between the ceiling light and the kettle (in meters)?
Please answer the question using a single word or phrase.",0.155950845917337,0.0,4.544049154082663,0.21181457396916456,0.0,4.488185426030836,0.22182509917291274,0.0,4.478174900827088,0.24462751862355847,0.0,4.4553724813764415,0.28761740667672747,0.0,4.412382593323272,1.8856750431274871,0.0,2.814324956872513,1.9740845497897026,0.0,2.7259154502102976
2489,2.3,1-3m,0.9,p90,p90,p90,0.19686283533668103,1.8499192409211151,0.9662566359673088,0.5911816807939843,1.4687653391553752,"<image>These are frames of a video.
Measuring from the closest point of each object, what is the direct distance between the bed and the toilet (in meters)?
Please answer the question using a single word or phrase.",1.0124575043939497,0.0,1.2875424956060502,1.13688052869601,0.0,1.1631194713039898,1.178721497317901,0.1,1.1212785026820988,1.2845234062679176,0.2,1.0154765937320822,1.4687653391553752,0.3,0.8312346608446246,1.8757050870619019,0.7,0.42429491293809796,2.103137164663319,0.9,0.19686283533668103
2490,2.1,1-3m,0.1,p90,p90,p90,1.0377764069991198,1.315377780464462,0.25468099286222856,0.13378538149574837,0.91945387327161,"<image>These are frames of a video.
Measuring from the closest point of each object, what is the direct distance between the bed and the toilet (in meters)?
Please answer the question using a single word or phrase.",0.7657076134624681,0.0,1.334292386537532,0.8075426001386518,0.0,1.2924573998613482,0.8180158174102142,0.0,1.281984182589786,0.8601035278394432,0.0,1.2398964721605568,0.91945387327161,0.0,1.18054612672839,0.9938889093351916,0.0,1.1061110906648084,1.0622235930008803,0.1,1.0377764069991198
2491,1.4,1-3m,0.3,p90,p90,p90,0.5284895410825374,1.4386860300534663,0.2657421114726247,0.13277013128865311,0.7030560859414203,"<image>These are frames of a video.
Measuring from the closest point of each object, what is the direct distance between the heater and the bed (in meters)?
Please answer the question using a single word or phrase.",0.5538752365559221,0.0,0.8461247634440778,0.6057683474448378,0.0,0.7942316525551621,0.6189826529329298,0.0,0.7810173470670702,0.6508020274527526,0.0,0.7491979725472473,0.7030560859414203,0.1,0.6969439140585796,0.7835721587414057,0.2,0.6164278412585942,0.8715104589174625,0.3,0.5284895410825374
2492,2.0,1-3m,0.3,p90,p90,p90,0.7281931188903106,3.4784901259959815,0.906186501277351,0.5929762312505138,0.9877365649545824,"<image>These are frames of a video.
Measuring from the closest point of each object, what is the direct distance between the blanket and the heater (in meters)?
Please answer the question using a single word or phrase.",0.12774131723474266,0.0,1.8722586827652574,0.3656203798323384,0.0,1.6343796201676617,0.44270446342121006,0.0,1.55729553657879,0.6035265958700351,0.0,1.396473404129965,0.9877365649545824,0.0,1.0122634350454176,1.196502827120549,0.2,0.8034971728794511,1.2718068811096894,0.3,0.7281931188903106
2493,7.6,>=3m,0.0,min|p05|p10|p25|median|p75|p90,p90,p90,5.045854458431375,20.749499238468378,2.4310512195218843,1.3795762027170362,1.7714513760724584,"<image>These are frames of a video.
Measuring from the closest point of each object, what is the direct distance between the fan and the nightstand (in meters)?
Please answer the question using a single word or phrase.",0.022564184471066034,0.0,7.577435815528934,0.12309432204674056,0.0,7.476905677953259,0.14761926639371137,0.0,7.452380733606288,1.1129873677063578,0.0,6.4870126322936414,1.7714513760724584,0.0,5.828548623927541,2.492563570423394,0.0,5.107436429576605,2.5541455415686247,0.0,5.045854458431375
2494,2.1,1-3m,0.3,p90,p90,p90,0.7636263800299588,2.806001953355608,0.8601182066864137,0.5103921993288897,1.04129938113354,"<image>These are frames of a video.
Measuring from the closest point of each object, what is the direct distance between the monitor and the window (in meters)?
Please answer the question using a single word or phrase.",0.11881279794307106,0.0,1.981187202056929,0.4762554132836276,0.0,1.6237445867163725,0.5598304086652596,0.0,1.5401695913347404,0.6939899331044829,0.0,1.4060100668955173,1.04129938113354,0.0,1.05870061886646,1.2043821324333726,0.2,0.8956178675666275,1.3363736199700413,0.3,0.7636263800299588
2495,0.4,<1m,0.6,median,median,median,0.08388115275715813,6.902144603568601,1.091735386842186,0.45950824750042135,0.48388115275715815,"<image>These are frames of a video.
Measuring from the closest point of each object, what is the direct distance between the tv and the chair (in meters)?
Please answer the question using a single word or phrase.",0.0782123833625456,0.0,0.3217876166374544,0.18497265996873277,0.0,0.21502734003126725,0.2134251226526111,0.1,0.18657487734738892,0.2748225473489299,0.4,0.1251774526510701,0.48388115275715815,0.6,0.08388115275715813,0.7343307948493513,0.0,0.33433079484935124,1.2767080468109187,0.0,0.8767080468109186
2496,2.6,1-3m,0.7,p90,p90,p90,0.47275609735428326,11.601325648963329,1.9438817622306857,1.437855750961971,1.3068690666216338,"<image>These are frames of a video.
Measuring from the closest point of each object, what is the direct distance between the bowl and the microwave (in meters)?
Please answer the question using a single word or phrase.",0.0,0.0,2.6,0.1833621404150312,0.0,2.4166378595849687,0.21240179306916326,0.0,2.387598206930837,0.4764199024307047,0.0,2.1235800975692953,1.3068690666216338,0.1,1.2931309333783663,1.9142756533926757,0.5,0.6857243466073244,2.127243902645717,0.7,0.47275609735428326
2497,0.7,<1m,1.0,p25,p25,p25,0.01745118432781745,6.698718427166229,1.679552038062737,0.8931891285423398,0.9272502462319367,"<image>These are frames of a video.
Measuring from the closest point of each object, what is the direct distance between the tv and the table (in meters)?
Please answer the question using a single word or phrase.",0.016739179955587782,0.0,0.6832608200444121,0.29472451736800737,0.0,0.4052754826319926,0.43890021996940104,0.3,0.2610997800305989,0.7174511843278174,1.0,0.01745118432781745,0.9272502462319367,0.4,0.2272502462319368,1.6106403128701572,0.0,0.9106403128701572,1.9742765554307442,0.0,1.2742765554307443
2498,2.1,1-3m,0.6,p90,p90,p90,0.5221878526845367,1.5604200987349433,0.5666663997090207,0.4095343930372004,1.3122365066245152,"<image>These are frames of a video.
Measuring from the closest point of each object, what is the direct distance between the backpack and the window (in meters)?
Please answer the question using a single word or phrase.",0.915961168931737,0.0,1.1840388310682632,1.0111457476064427,0.0,1.0888542523935574,1.0357088828980252,0.0,1.0642911171019749,1.093784306618661,0.1,1.006215693381339,1.3122365066245152,0.3,0.7877634933754849,1.5033186996558614,0.5,0.5966813003441387,1.5778121473154634,0.6,0.5221878526845367
2499,1.9,1-3m,0.6,p90,p90,p90,0.4130134434852537,1.2100175416692427,0.2580898626177144,0.13409058969035237,1.3437352053850953,"<image>These are frames of a video.
Measuring from the closest point of each object, what is the direct distance between the counter and the table (in meters)?
Please answer the question using a single word or phrase.",1.1817763929954617,0.3,0.7182236070045382,1.2288966938970318,0.3,0.6711033061029681,1.2475036435071805,0.4,0.6524963564928195,1.2844310765863085,0.4,0.6155689234136914,1.3437352053850953,0.5,0.5562647946149046,1.4185216662766609,0.5,0.48147833372333904,1.4869865565147462,0.6,0.4130134434852537
2500,1.3,1-3m,1.0,p90,p90,p90,0.04725274028389914,3.625741327094463,0.9756728015231994,0.5656119580575503,0.7116427223449666,"<image>These are frames of a video.
Measuring from the closest point of each object, what is the direct distance between the door and the bed (in meters)?
Please answer the question using a single word or phrase.",0.15915188637660777,0.0,1.1408481136233923,0.37157993876069983,0.0,0.9284200612393002,0.42553531559916796,0.0,0.8744646844008321,0.5420712913637622,0.0,0.7579287086362378,0.7116427223449666,0.1,0.5883572776550334,1.1076832494213125,0.8,0.19231675057868758,1.3472527402838992,1.0,0.04725274028389914
2501,4.2,>=3m,0.0,min|p05|p10|p25|median|p75|p90,p90,p90,2.725555853808754,10.493800722932846,1.3339379382766021,0.9633001870845627,1.1259367867403904,"<image>These are frames of a video.
Measuring from the closest point of each object, what is the direct distance between the monitor and the laptop (in meters)?
Please answer the question using a single word or phrase.",0.003475063707838539,0.0,4.196524936292161,0.14050620791464422,0.0,4.059493792085356,0.18445086291618612,0.0,4.015549137083814,0.3460271468617794,0.0,3.8539728531382207,1.1259367867403904,0.0,3.0740632132596097,1.309327333946342,0.0,2.890672666053658,1.4744441461912463,0.0,2.725555853808754
2502,3.4,>=3m,0.0,min|p05|p10|p25|median|p75|p90,p90,p90,2.659322180663383,4.303230288522393,0.568556466381801,0.07956416899188362,0.24298102904595015,"<image>These are frames of a video.
Measuring from the closest point of each object, what is the direct distance between the tv and the table (in meters)?
Please answer the question using a single word or phrase.",0.11148187749836429,0.0,3.2885181225016358,0.17212135295481587,0.0,3.227878647045184,0.1849664751383521,0.0,3.215033524861648,0.20991652437258929,0.0,3.190083475627411,0.24298102904595015,0.0,3.15701897095405,0.2894806933644729,0.0,3.110519306635527,0.7406778193366169,0.0,2.659322180663383
2503,2.5,1-3m,0.1,p90,p90,p90,1.147023532661016,3.765805644144846,0.9936970474245175,0.49368845760076496,0.7051360778277891,"<image>These are frames of a video.
Measuring from the closest point of each object, what is the direct distance between the refrigerator and the sofa (in meters)?
Please answer the question using a single word or phrase.",0.11491654985764767,0.0,2.385083450142352,0.35927941991446644,0.0,2.1407205800855333,0.4088858228262853,0.0,2.091114177173715,0.568735154770355,0.0,1.931264845229645,0.7051360778277891,0.0,1.794863922172211,1.06242361237112,0.0,1.43757638762888,1.352976467338984,0.1,1.147023532661016
2504,1.1,1-3m,0.4,median,median,median,0.3651593231932355,5.774474702575398,1.725436211349236,1.3799327468996916,1.4651593231932356,"<image>These are frames of a video.
Measuring from the closest point of each object, what is the direct distance between the power strip and the monitor (in meters)?
Please answer the question using a single word or phrase.",0.2328672608364264,0.0,0.8671327391635737,0.36138765389593935,0.0,0.7386123461040608,0.4004362091856358,0.0,0.6995637908143643,0.5549391485474553,0.1,0.5450608514525448,1.4651593231932356,0.4,0.3651593231932355,1.9348718954471469,0.0,0.8348718954471468,2.0868238652451754,0.0,0.9868238652451753
2505,0.5,<1m,0.7,p10,p10,p10,0.08762831818823025,5.327414589631933,1.3757919249361736,0.6615954026048788,0.8948527001259459,"<image>These are frames of a video.
Measuring from the closest point of each object, what is the direct distance between the refrigerator and the chair (in meters)?
Please answer the question using a single word or phrase.",0.0,0.0,0.5,0.3179246860775573,0.3,0.1820753139224427,0.41237168181176975,0.7,0.08762831818823025,0.60185089674375,0.6,0.10185089674375003,0.8948527001259459,0.0,0.39485270012594587,1.2634462993486288,0.0,0.7634462993486288,1.693716611013731,0.0,1.193716611013731
2506,0.9,<1m,0.4,median|p75,median,median,0.2979957763007335,4.133318964215812,1.2022820701636516,0.712349322922404,0.6020042236992665,"<image>These are frames of a video.
Measuring from the closest point of each object, what is the direct distance between the fireplace and the chair (in meters)?
Please answer the question using a single word or phrase.",0.28497747236305454,0.0,0.6150225276369454,0.38370880331506607,0.0,0.516291196684934,0.41784007575884285,0.0,0.48215992424115717,0.4920480103263389,0.1,0.40795198967366114,0.6020042236992665,0.4,0.2979957763007335,1.204397333248743,0.4,0.30439733324874296,1.5859908734787176,0.0,0.6859908734787176
2507,1.1,1-3m,0.3,p75,p75,p75,0.427442754428477,3.6383043399393107,1.339566401559023,0.12517625901059082,0.5847480398317,"<image>These are frames of a video.
Measuring from the closest point of each object, what is the direct distance between the computer mouse and the table lamp (in meters)?
Please answer the question using a single word or phrase.",0.39101570026111593,0.0,0.7089842997388842,0.5077376333277143,0.0,0.5922623666722858,0.5251384488708323,0.0,0.5748615511291678,0.5473809865609323,0.0,0.5526190134390678,0.5847480398317,0.1,0.5152519601683001,0.6725572455715231,0.3,0.427442754428477,1.8473040348867371,0.0,0.747304034886737
2508,4.3,>=3m,0.0,min|p05|p10|p25|median|p75|p90,p90,p90,2.727629918043455,5.402836622948307,1.2813433136700536,0.7827420131621194,1.3374796184836621,"<image>These are frames of a video.
Measuring from the closest point of each object, what is the direct distance between the bed and the table lamp (in meters)?
Please answer the question using a single word or phrase.",0.0791300889540617,0.0,4.220869911045938,0.29102676828649104,0.0,4.008973231713509,0.34986677100960334,0.0,3.9501332289903965,0.6933833887065657,0.0,3.6066166112934344,1.3374796184836621,0.0,2.9625203815163377,1.4761254018686851,0.0,2.8238745981313147,1.5723700819565447,0.0,2.727629918043455
2509,3.5,>=3m,0.8,p90,p90,p90,0.5063052204129623,1.194754519761596,0.48799613599922687,0.22044629918305558,2.754606516228346,"<image>These are frames of a video.
Measuring from the closest point of each object, what is the direct distance between the toilet and the bed (in meters)?
Please answer the question using a single word or phrase.",2.3107209552384975,0.4,1.1892790447615025,2.505698643587811,0.5,0.9943013564121892,2.551157775039452,0.5,0.9488422249605479,2.6524882508820373,0.6,0.8475117491179627,2.754606516228346,0.6,0.7453934837716538,2.872934550065093,0.7,0.6270654499349071,2.9936947795870377,0.8,0.5063052204129623
2510,1.0,1-3m,0.9,min,min,min,0.05067416534303071,1.3601997730882789,0.4655912870532697,0.2295174196196812,1.580222988781201,"<image>These are frames of a video.
Measuring from the closest point of each object, what is the direct distance between the trash bin and the mirror (in meters)?
Please answer the question using a single word or phrase.",1.0506741653430307,0.9,0.05067416534303071,1.2925918388603792,0.5,0.2925918388603792,1.3527837582841875,0.3,0.3527837582841875,1.4616544357788062,0.1,0.46165443577880616,1.580222988781201,0.0,0.5802229887812009,1.6911718553984874,0.0,0.6911718553984874,1.758183125913649,0.0,0.7581831259136489
2511,0.4,<1m,1.0,median,median,median,0.00480179828409022,14.428145918006514,0.8824792692782945,0.6269873958672083,0.40480179828409024,"<image>These are frames of a video.
Measuring from the closest point of each object, what is the direct distance between the table and the stool (in meters)?
Please answer the question using a single word or phrase.",0.0,0.0,0.4,0.06571862375243712,0.0,0.33428137624756293,0.1159861430904665,0.0,0.2840138569095335,0.23468088250513414,0.2,0.16531911749486589,0.40480179828409024,1.0,0.00480179828409022,0.8616682783723424,0.0,0.46166827837234237,0.9481978930307315,0.0,0.5481978930307315
2512,2.0,1-3m,0.4,p90,p90,p90,0.6212791468699896,3.1268859373642717,0.9377962780902929,0.45114761296515304,0.8506083449457134,"<image>These are frames of a video.
Measuring from the closest point of each object, what is the direct distance between the power strip and the door (in meters)?
Please answer the question using a single word or phrase.",0.16842404806065217,0.0,1.8315759519393477,0.44092457503971755,0.0,1.5590754249602825,0.5179872765749169,0.0,1.482012723425083,0.6386441461402794,0.0,1.3613558538597206,0.8506083449457134,0.0,1.1493916550542866,1.0897917591054325,0.1,0.9102082408945675,1.3787208531300104,0.4,0.6212791468699896
2513,1.6,1-3m,0.6,p90,p90,p90,0.3696400767926309,2.9445388040848934,0.8125152266115838,0.512208034839192,0.7713921714297898,"<image>These are frames of a video.
Measuring from the closest point of each object, what is the direct distance between the dishwasher and the table (in meters)?
Please answer the question using a single word or phrase.",0.23695597275713287,0.0,1.3630440272428672,0.41784469659578544,0.0,1.1821553034042147,0.4596638540608701,0.0,1.14033614593913,0.5723502500873361,0.0,1.027649749912664,0.7713921714297898,0.0,0.8286078285702103,1.084558284926528,0.4,0.515441715073472,1.2303599232073692,0.6,0.3696400767926309
2514,2.4,1-3m,0.3,p90,p90,p90,0.9506781110485067,2.451938979240273,0.8582297364866868,0.3831544147723802,0.7926359949712437,"<image>These are frames of a video.
Measuring from the closest point of each object, what is the direct distance between the keyboard and the pillow (in meters)?
Please answer the question using a single word or phrase.",0.3957252363050157,0.0,2.0042747636949843,0.5910921524648064,0.0,1.8089078475351936,0.6222728261173661,0.0,1.7777271738826337,0.6795204577430782,0.0,1.7204795422569217,0.7926359949712437,0.0,1.607364005028756,1.0626748725154584,0.0,1.3373251274845415,1.4493218889514932,0.3,0.9506781110485067
2515,1.1,1-3m,0.1,p90,p90,p90,0.5386310499957456,7.636656138923316,0.4878591651203954,0.43335553509726255,0.1445311266982305,"<image>These are frames of a video.
Measuring from the closest point of each object, what is the direct distance between the computer mouse and the cup (in meters)?
Please answer the question using a single word or phrase.",0.012580912648616209,0.0,1.0874190873513838,0.07350978488385904,0.0,1.026490215116141,0.08369094891462896,0.0,1.0163090510853712,0.1029059292749234,0.0,0.9970940707250767,0.1445311266982305,0.0,0.9554688733017696,0.5362614643721859,0.0,0.5637385356278142,0.5613689500042545,0.1,0.5386310499957456
2516,1.8,1-3m,0.8,p75,p75,p75,0.21257907485537086,3.3957229783787364,1.6254572764927198,0.7034263797165504,1.0233004768640752,"<image>These are frames of a video.
Measuring from the closest point of each object, what is the direct distance between the kettle and the ceiling light (in meters)?
Please answer the question using a single word or phrase.",0.3517075175926601,0.0,1.44829248240734,0.6784829845363505,0.0,1.1215170154636496,0.7737208838621482,0.0,1.026279116137852,0.8839945454280788,0.0,0.9160054545719213,1.0233004768640752,0.2,0.7766995231359248,1.5874209251446292,0.8,0.21257907485537086,2.3039402610290702,0.5,0.5039402610290702
2517,0.5,<1m,0.7,p25,p25,p25,0.0991608984152954,6.909135766419774,1.481970361218903,0.7889358652802518,1.0086593284212662,"<image>These are frames of a video.
Measuring from the closest point of each object, what is the direct distance between the pillow and the door (in meters)?
Please answer the question using a single word or phrase.",0.0,0.0,0.5,0.2507930803757448,0.1,0.24920691962425517,0.3793211505797957,0.6,0.12067884942020429,0.5991608984152954,0.7,0.0991608984152954,1.0086593284212662,0.0,0.5086593284212662,1.3880967636955472,0.0,0.8880967636955472,1.7327634415946478,0.0,1.2327634415946478
2518,2.8,1-3m,0.0,min|p05|p10|p25|median|p75|p90,p90,p90,1.4282610652816679,1.429052747585207,0.41184509102622413,0.18095067862946723,1.112643239715408,"<image>These are frames of a video.
Measuring from the closest point of each object, what is the direct distance between the keyboard and the window (in meters)?
Please answer the question using a single word or phrase.",0.645069091200637,0.0,2.1549309087993627,0.9598938436921078,0.0,1.840106156307892,1.003230147902199,0.0,1.7967698520978008,1.056116467422319,0.0,1.743883532577681,1.112643239715408,0.0,1.6873567602845918,1.2370671460517861,0.0,1.5629328539482137,1.371738934718332,0.0,1.4282610652816679
2519,2.0,1-3m,0.0,min|p05|p10|p25|median|p75|p90,p90,p90,1.005319260902134,1.3697228202629845,0.2684894802657405,0.18682915346537943,0.8278257517942034,"<image>These are frames of a video.
Measuring from the closest point of each object, what is the direct distance between the shoes and the power strip (in meters)?
Please answer the question using a single word or phrase.",0.6665969441217938,0.0,1.3334030558782062,0.7261912588321255,0.0,1.2738087411678745,0.7377592823544182,0.0,1.2622407176455819,0.7593956402592317,0.0,1.2406043597407683,0.8278257517942034,0.0,1.1721742482057966,0.9462247937246111,0.0,1.053775206275389,0.994680739097866,0.0,1.005319260902134
2520,2.1,1-3m,0.9,p90,p90,p90,0.12904439218083352,1.9182077246852656,0.9434570827871314,0.6028528896636522,1.3620081321541933,"<image>These are frames of a video.
Measuring from the closest point of each object, what is the direct distance between the nightstand and the window (in meters)?
Please answer the question using a single word or phrase.",0.7983542365805258,0.0,1.3016457634194742,1.0274985250320352,0.0,1.0725014749679649,1.0810974938306253,0.1,1.0189025061693748,1.1810433011870178,0.2,0.9189566988129823,1.3620081321541933,0.3,0.7379918678458068,1.78389619085067,0.7,0.31610380914933,1.9709556078191666,0.9,0.12904439218083352
2521,0.4,<1m,0.3,p25,p25,p25,0.1449146210200543,12.02771169665327,1.717753040763228,1.5487696762578782,1.0717904460370082,"<image>These are frames of a video.
Measuring from the closest point of each object, what is the direct distance between the crate and the trash can (in meters)?
Please answer the question using a single word or phrase.",0.10106851082746758,0.0,0.2989314891725324,0.15576695220319714,0.0,0.24423304779680288,0.17625411067225216,0.0,0.22374588932774786,0.2550853789799457,0.3,0.1449146210200543,1.0717904460370082,0.0,0.6717904460370082,1.8038550552378239,0.0,1.4038550552378237,1.873519992966425,0.0,1.473519992966425
2522,1.2,1-3m,0.4,p90,p90,p90,0.4119366490055989,1.683524032618719,0.31995993475235923,0.21171311683182314,0.6287620873490573,"<image>These are frames of a video.
Measuring from the closest point of each object, what is the direct distance between the toilet and the bathtub (in meters)?
Please answer the question using a single word or phrase.",0.4108591009505179,0.0,0.789140899049482,0.4681034162420418,0.0,0.7318965837579581,0.4866527663857065,0.0,0.7133472336142934,0.5273880763026368,0.0,0.6726119236973631,0.6287620873490573,0.1,0.5712379126509427,0.73910119313446,0.3,0.46089880686553997,0.7880633509944011,0.4,0.4119366490055989
2523,6.3,>=3m,0.0,min|p05|p10|p25|median|p75|p90,p90,p90,5.349600888852922,16.342372394803807,0.8922435944211674,0.4897343097794679,0.47931543520773656,"<image>These are frames of a video.
Measuring from the closest point of each object, what is the direct distance between the tv and the refrigerator (in meters)?
Please answer the question using a single word or phrase.",0.0004604401528286109,0.0,6.2995395598471715,0.05815551672591097,0.0,6.241844483274089,0.10491326322078418,0.0,6.195086736779215,0.29957587461970475,0.0,6.000424125380295,0.47931543520773656,0.0,5.820684564792264,0.7893101843991727,0.0,5.510689815600827,0.9503991111470784,0.0,5.349600888852922
2524,1.5,1-3m,1.0,p90,p90,p90,0.06207453808095886,5.744649489195347,1.187618552050385,0.607519914127473,0.9269362709940917,"<image>These are frames of a video.
Measuring from the closest point of each object, what is the direct distance between the tv and the bed (in meters)?
Please answer the question using a single word or phrase.",0.0062019660140274655,0.0,1.4937980339859724,0.2503069098686561,0.0,1.2496930901313439,0.35685702952670184,0.0,1.1431429704732983,0.6462738585964609,0.0,0.8537261414035391,0.9269362709940917,0.3,0.5730637290059083,1.2537937727239339,0.7,0.24620622727606611,1.4379254619190411,1.0,0.06207453808095886
2525,3.9,>=3m,0.0,min|p05|p10|p25|median|p75|p90,p90,p90,2.275957868603532,18.71305072321258,1.5372555269342716,1.2672402586609541,0.7946984464590443,"<image>These are frames of a video.
Measuring from the closest point of each object, what is the direct distance between the telephone and the bookshelf (in meters)?
Please answer the question using a single word or phrase.",0.0,0.0,3.9,0.08678660446219638,0.0,3.8132133955378036,0.13164680138173318,0.0,3.7683531986182666,0.2624992062105082,0.0,3.6375007937894916,0.7946984464590443,0.0,3.1053015535409556,1.5297394648714624,0.0,2.3702605351285375,1.624042131396468,0.0,2.275957868603532
2526,0.5,<1m,1.0,median,median,median,0.018147782244293476,4.02426833515387,0.7207841888527956,0.2893123341209203,0.5181477822442935,"<image>These are frames of a video.
Measuring from the closest point of each object, what is the direct distance between the bookshelf and the chair (in meters)?
Please answer the question using a single word or phrase.",0.0009524035096754723,0.0,0.49904759649032454,0.23833341125007124,0.0,0.26166658874992876,0.30775660853175246,0.3,0.19224339146824754,0.39754979661305456,0.6,0.10245020338694544,0.5181477822442935,1.0,0.018147782244293476,0.6868621307339748,0.3,0.18686213073397484,0.9591176001028668,0.0,0.45911760010286684
2527,2.3,1-3m,0.3,p25|median|p75|p90,p90,p90,0.8332459594882635,1.078322459810427,0.10653565020797062,0.048743055607800345,1.4247096040108074,"<image>These are frames of a video.
Measuring from the closest point of each object, what is the direct distance between the cutting board and the heater (in meters)?
Please answer the question using a single word or phrase.",1.3108723989593094,0.2,0.9891276010406904,1.3602183903037657,0.2,0.9397816096962341,1.37416358131802,0.2,0.9258364186819799,1.3991078991112667,0.3,0.9008921008887332,1.4247096040108074,0.3,0.8752903959891924,1.447850954719067,0.3,0.8521490452809328,1.4667540405117363,0.3,0.8332459594882635
2529,1.4,1-3m,0.8,p90,p90,p90,0.1932477584808121,1.828960740344604,0.5469500845347698,0.29437761295147147,0.9210942706202496,"<image>These are frames of a video.
Measuring from the closest point of each object, what is the direct distance between the bed and the toilet (in meters)?
Please answer the question using a single word or phrase.",0.5133523763792198,0.0,0.8866476236207801,0.659802156984418,0.0,0.7401978430155819,0.7068411320678527,0.1,0.6931588679321472,0.8004726871656513,0.2,0.5995273128343486,0.9210942706202496,0.4,0.4789057293797503,1.0948503001171228,0.6,0.3051496998828771,1.2067522415191878,0.8,0.1932477584808121
2530,1.3,1-3m,0.4,p90,p90,p90,0.4352836026991267,3.461620735572751,0.6149153753648872,0.3186480302040731,0.6147678092213605,"<image>These are frames of a video.
Measuring from the closest point of each object, what is the direct distance between the power strip and the bed (in meters)?
Please answer the question using a single word or phrase.",0.03239430786537416,0.0,1.267605692134626,0.24980102193598616,0.0,1.050198978064014,0.31101242967388654,0.0,0.9889875703261135,0.43770226999533307,0.0,0.862297730004667,0.6147678092213605,0.0,0.6852321907786395,0.7563503001994062,0.2,0.5436496998005939,0.8647163973008734,0.4,0.4352836026991267
2531,5.1,>=3m,0.0,min|p05|p10|p25|median|p75|p90,p90,p90,3.784111972618331,11.33581835640343,1.1998057132505195,0.9380102548225246,0.9072155552282155,"<image>These are frames of a video.
Measuring from the closest point of each object, what is the direct distance between the refrigerator and the chair (in meters)?
Please answer the question using a single word or phrase.",0.00242206131433763,0.0,5.097577938685662,0.11608231413114906,0.0,4.9839176858688505,0.15295516842815074,0.0,4.947044831571849,0.28532151687164653,0.0,4.814678483128353,0.9072155552282155,0.0,4.192784444771784,1.2233317716941712,0.0,3.8766682283058285,1.3158880273816687,0.0,3.784111972618331
2532,3.3,>=3m,0.0,min|p05|p10|p25|median|p75|p90,p90,p90,2.2505474377714814,1.5950260824474816,0.3914993326373196,0.2112541487378774,0.988532948822558,"<image>These are frames of a video.
Measuring from the closest point of each object, what is the direct distance between the cup and the whiteboard (in meters)?
Please answer the question using a single word or phrase.",0.5371459598446714,0.0,2.7628540401553283,0.6579532295911991,0.0,2.642046770408801,0.7016823417402971,0.0,2.5983176582597025,0.8093038187095085,0.0,2.4906961812904913,0.988532948822558,0.0,2.311467051177442,1.020557967447386,0.0,2.279442032552614,1.0494525622285187,0.0,2.2505474377714814
2533,0.8,<1m,0.9,p75,p75,p75,0.047831022452123784,5.152734457344444,0.8100134010678501,0.47165151157196655,0.6622890977938845,"<image>These are frames of a video.
Measuring from the closest point of each object, what is the direct distance between the blanket and the laptop (in meters)?
Please answer the question using a single word or phrase.",0.04233425955044179,0.0,0.7576657404495583,0.19505542899216116,0.0,0.6049445710078389,0.2431011938159405,0.0,0.5568988061840595,0.3761795108801573,0.0,0.42382048911984277,0.6622890977938845,0.7,0.1377109022061156,0.8478310224521238,0.9,0.047831022452123784,1.0050688300600112,0.5,0.2050688300600112
2534,1.9,1-3m,0.8,p90,p90,p90,0.2661998050133132,1.8705300742670283,1.008132455648645,0.2477770902268741,1.4487275205037047,"<image>These are frames of a video.
Measuring from the closest point of each object, what is the direct distance between the bookshelf and the table (in meters)?
Please answer the question using a single word or phrase.",0.9080430998524873,0.0,0.9919569001475126,1.158067349364668,0.3,0.7419326506353319,1.2262282947848953,0.3,0.6737717052151047,1.3322377246332044,0.5,0.5677622753667955,1.4487275205037047,0.6,0.45127247949629523,1.5800148148600786,0.7,0.31998518513992136,2.166199805013313,0.8,0.2661998050133132
2535,2.7,1-3m,0.0,min|p05|p10|p25|median|p75|p90,p90,p90,1.8904186123534878,10.672585751727075,0.733725226217638,0.22054489096698637,0.23060729903336208,"<image>These are frames of a video.
Measuring from the closest point of each object, what is the direct distance between the table and the tv (in meters)?
Please answer the question using a single word or phrase.",0.0,0.0,2.7,0.07585616142887426,0.0,2.624143838571126,0.09683757752493463,0.0,2.6031624224750654,0.14335871180441473,0.0,2.5566412881955856,0.23060729903336208,0.0,2.469392700966638,0.3639036027714011,0.0,2.336096397228599,0.8095813876465123,0.0,1.8904186123534878
2536,3.2,>=3m,0.0,min|p05|p10|p25|median|p75|p90,p90,p90,1.8875608638644423,10.20427748613254,1.1838225694144802,0.6121878742020899,0.7673393143749048,"<image>These are frames of a video.
Measuring from the closest point of each object, what is the direct distance between the keyboard and the trash can (in meters)?
Please answer the question using a single word or phrase.",0.0070643424414517245,0.0,3.1929356575585484,0.1286165667210778,0.0,3.0713834332789225,0.23500925847650025,0.0,2.9649907415234997,0.4631344005227012,0.0,2.736865599477299,0.7673393143749048,0.0,2.4326606856250956,1.075322274724791,0.0,2.124677725275209,1.3124391361355578,0.0,1.8875608638644423
2537,4.9,>=3m,0.0,min|p05|p10|p25|median|p75|p90,p90,p90,3.4183997723234025,1.051754463394343,0.07290620331752162,0.043081534088487805,1.4476306648897117,"<image>These are frames of a video.
Measuring from the closest point of each object, what is the direct distance between the nightstand and the towel (in meters)?
Please answer the question using a single word or phrase.",1.389266223011072,0.0,3.5107337769889284,1.4086940243590764,0.0,3.491305975640924,1.4141610500615795,0.0,3.4858389499384206,1.426237199467436,0.0,3.4737628005325645,1.4476306648897117,0.0,3.452369335110289,1.469318733555924,0.0,3.4306812664440764,1.481600227676598,0.0,3.4183997723234025
2538,1.3,1-3m,0.7,p25|median,median,median,0.2331392804181156,2.634692331282466,1.127179093394279,0.6334286139967429,1.5331392804181156,"<image>These are frames of a video.
Measuring from the closest point of each object, what is the direct distance between the counter and the bookshelf (in meters)?
Please answer the question using a single word or phrase.",0.38354667541877907,0.0,0.916453324581221,0.6895359278464178,0.1,0.6104640721535822,0.8413041459874584,0.3,0.45869585401254165,1.0537556992676353,0.7,0.2462443007323647,1.5331392804181156,0.7,0.2331392804181156,1.6871843132643782,0.5,0.3871843132643782,1.8167150212406968,0.3,0.5167150212406968
2539,1.4,1-3m,1.0,p90,p90,p90,0.033852950673902926,3.1782958584944687,0.9827140339359544,0.2859281189726143,0.7793248366462592,"<image>These are frames of a video.
Measuring from the closest point of each object, what is the direct distance between the heater and the file folder (in meters)?
Please answer the question using a single word or phrase.",0.22492534071830234,0.0,1.1750746592816976,0.45113891673794854,0.0,0.9488610832620514,0.49550917198341976,0.0,0.9044908280165802,0.640742700272188,0.0,0.7592572997278119,0.7793248366462592,0.2,0.6206751633537407,0.9266708192448023,0.4,0.4733291807551976,1.4338529506739028,1.0,0.033852950673902926
2540,2.4,1-3m,0.9,p90,p90,p90,0.1936529117724124,7.326520523879864,2.2396440881679838,1.4914047757531768,1.4015310187153975,"<image>These are frames of a video.
Measuring from the closest point of each object, what is the direct distance between the mirror and the sofa (in meters)?
Please answer the question using a single word or phrase.",0.18644932425505892,0.0,2.213550675744941,0.35400882360442854,0.0,2.0459911763955714,0.4015067906462229,0.0,1.998493209353777,0.5168875806965791,0.0,1.8831124193034208,1.4015310187153975,0.2,0.9984689812846024,2.008292356449756,0.7,0.391707643550244,2.5936529117724123,0.9,0.1936529117724124
2541,1.0,1-3m,0.6,median,median,median,0.24259029887460237,9.609640758385844,1.417580907152767,0.9683738441327583,0.7574097011253976,"<image>These are frames of a video.
Measuring from the closest point of each object, what is the direct distance between the paper bag and the refrigerator (in meters)?
Please answer the question using a single word or phrase.",0.006701755570003253,0.0,0.9932982444299967,0.1646504130584118,0.0,0.8353495869415882,0.20554352954032218,0.0,0.7944564704596778,0.35174061206431945,0.0,0.6482593879356806,0.7574097011253976,0.6,0.24259029887460237,1.3201144561970777,0.4,0.3201144561970777,1.5822313202111788,0.0,0.5822313202111788
2542,3.4,>=3m,0.0,min|p05|p10|p25|median|p75|p90,p90,p90,2.2293779484933944,3.9154493407388657,0.8716469021344255,0.4418504723975325,0.44225647526245976,"<image>These are frames of a video.
Measuring from the closest point of each object, what is the direct distance between the stool and the tv (in meters)?
Please answer the question using a single word or phrase.",0.20487243335787036,0.0,3.1951275666421295,0.2989751493721798,0.0,3.10102485062782,0.3199541911352858,0.0,3.080045808864714,0.3611130427892377,0.0,3.038886957210762,0.44225647526245976,0.0,2.9577435247375403,0.8029635151867702,0.0,2.5970364848132297,1.1706220515066053,0.0,2.2293779484933944
2543,1.1,1-3m,1.0,p75,p75,p75,0.04203438218054334,2.39341918999074,0.7354962262907754,0.37185625302432923,0.8406302082089043,"<image>These are frames of a video.
Measuring from the closest point of each object, what is the direct distance between the door and the counter (in meters)?
Please answer the question using a single word or phrase.",0.18704449754341887,0.0,0.9129555024565812,0.5278355799704919,0.0,0.5721644200295082,0.5690820390057839,0.1,0.5309179609942162,0.6861093647951275,0.3,0.41389063520487257,0.8406302082089043,0.6,0.25936979179109576,1.0579656178194567,1.0,0.04203438218054334,1.2633318062612673,0.8,0.1633318062612672
2544,1.2,1-3m,0.4,p90,p90,p90,0.4062710946042749,5.690016789787149,0.6542339030575304,0.3275926098389383,0.5968770818651007,"<image>These are frames of a video.
Measuring from the closest point of each object, what is the direct distance between the paper bag and the monitor (in meters)?
Please answer the question using a single word or phrase.",0.049178655441966763,0.0,1.150821344558033,0.13949500233819462,0.0,1.0605049976618053,0.18364786946448305,0.0,1.016352130535517,0.33523349878122793,0.0,0.864766501218772,0.5968770818651007,0.0,0.6031229181348993,0.6628261086201662,0.2,0.5371738913798337,0.793728905395725,0.4,0.4062710946042749
2545,4.3,>=3m,0.0,min|p05|p10|p25|median|p75|p90,p90,p90,2.415903399822063,3.5760252610828904,1.3572276709558329,0.8660746966760435,1.0965845023517,"<image>These are frames of a video.
Measuring from the closest point of each object, what is the direct distance between the computer mouse and the door (in meters)?
Please answer the question using a single word or phrase.",0.2763069471740082,0.0,4.023693052825991,0.5268689292221038,0.0,3.773131070777896,0.5852160625622779,0.0,3.714783937437722,0.769098435152771,0.0,3.5309015648472286,1.0965845023517,0.0,3.2034154976483,1.6351731318288145,0.0,2.6648268681711853,1.8840966001779367,0.0,2.415903399822063
2546,2.6,1-3m,0.3,p90,p90,p90,0.96476215981413,6.452896311228427,1.3818263856518094,0.8176543727461152,0.7689948427470519,"<image>These are frames of a video.
Measuring from the closest point of each object, what is the direct distance between the door and the desk (in meters)?
Please answer the question using a single word or phrase.",0.0011691691196666044,0.0,2.5988308308803334,0.2534114545340606,0.0,2.3465885454659396,0.3798673057307577,0.0,2.2201326942692425,0.5490615858173697,0.0,2.0509384141826303,0.7689948427470519,0.0,1.8310051572529482,1.366715958563485,0.1,1.2332840414365152,1.63523784018587,0.3,0.96476215981413
2547,0.5,<1m,0.9,p25,p25,p25,0.044812833117135575,2.156821890786195,0.42250259564581033,0.22019166053631967,0.5544330617752314,"<image>These are frames of a video.
Measuring from the closest point of each object, what is the direct distance between the chair and the bed (in meters)?
Please answer the question using a single word or phrase.",0.24354941986115167,0.0,0.25645058013884836,0.3652270059988843,0.5,0.1347729940011157,0.3951456831720639,0.6,0.10485431682793611,0.4551871668828644,0.9,0.044812833117135575,0.5544330617752314,0.8,0.05443306177523144,0.6753788274191841,0.3,0.1753788274191841,0.7877296016446946,0.0,0.28772960164469463
2548,2.1,1-3m,0.1,p90,p90,p90,0.9689566032858326,6.68881678244429,0.9619487072493963,0.5109541956967047,0.6884734683559162,"<image>These are frames of a video.
Measuring from the closest point of each object, what is the direct distance between the bed and the chair (in meters)?
Please answer the question using a single word or phrase.",0.02425442812187683,0.0,2.0757455718781235,0.16909468946477124,0.0,1.9309053105352287,0.27137831959991243,0.0,1.8286216804000877,0.4133530321882004,0.0,1.6866469678117997,0.6884734683559162,0.0,1.411526531644084,0.9243072278849052,0.0,1.175692772115095,1.1310433967141675,0.1,0.9689566032858326
2549,3.1,>=3m,0.1,p90,p90,p90,1.5377325977723102,18.88114810004855,1.4795252197105329,0.6654054103861778,0.567261909972931,"<image>These are frames of a video.
Measuring from the closest point of each object, what is the direct distance between the stool and the chair (in meters)?
Please answer the question using a single word or phrase.",0.0010980261208552076,0.0,3.098901973879145,0.08274218251715704,0.0,3.017257817482843,0.134121927978845,0.0,2.9658780720211553,0.4072471127171732,0.0,2.692752887282827,0.567261909972931,0.0,2.532738090027069,1.072652523103351,0.0,2.027347476896649,1.56226740222769,0.1,1.5377325977723102
2550,2.2,1-3m,0.3,p90,p90,p90,0.8090627991984958,4.010314446261185,1.0440972660681382,0.7743430203463271,0.6706231551261066,"<image>These are frames of a video.
Measuring from the closest point of each object, what is the direct distance between the backpack and the window (in meters)?
Please answer the question using a single word or phrase.",0.21540236525136638,0.0,1.9845976347486338,0.3468399347333661,0.0,1.853160065266634,0.37871133014787345,0.0,1.8212886698521267,0.42751842181435334,0.0,1.7724815781856469,0.6706231551261066,0.0,1.5293768448738936,1.2018614421606804,0.1,0.9981385578393198,1.3909372008015044,0.3,0.8090627991984958
2551,2.5,1-3m,0.0,min|p05|p10|p25|median|p75|p90,p90,p90,1.7665905040182268,4.027562323831613,0.5513118803490881,0.2163505138681544,0.328594303903044,"<image>These are frames of a video.
Measuring from the closest point of each object, what is the direct distance between the microwave and the table (in meters)?
Please answer the question using a single word or phrase.",0.11265917156908682,0.0,2.387340828430913,0.18209761563268514,0.0,2.317902384367315,0.20560044766245852,0.0,2.2943995523375413,0.2537138866210435,0.0,2.2462861133789565,0.328594303903044,0.0,2.171405696096956,0.4700644004891979,0.0,2.029935599510802,0.7334094959817732,0.0,1.7665905040182268
2552,2.0,1-3m,0.4,p90,p90,p90,0.6578159380050657,1.6439391750724441,0.5257401920836356,0.3201620999544369,1.024556543050712,"<image>These are frames of a video.
Measuring from the closest point of each object, what is the direct distance between the table and the dishwasher (in meters)?
Please answer the question using a single word or phrase.",0.6371236667477398,0.0,1.3628763332522602,0.8164438699112987,0.0,1.1835561300887014,0.8360863844699586,0.0,1.1639136155300414,0.8908271853250879,0.0,1.109172814674912,1.024556543050712,0.1,0.975443456949288,1.2109892852795248,0.3,0.7890107147204752,1.3421840619949343,0.4,0.6578159380050657
2553,0.8,<1m,0.9,p25,p25,p25,0.061040729116113024,3.2114832544177316,0.9567042141536264,0.5281534725152099,1.0723764544152679,"<image>These are frames of a video.
Measuring from the closest point of each object, what is the direct distance between the tv and the bed (in meters)?
Please answer the question using a single word or phrase.",0.07031265420092211,0.0,0.7296873457990779,0.43260748741483007,0.1,0.36739251258517,0.4848059829024866,0.3,0.31519401709751343,0.738959270883887,0.9,0.061040729116113024,1.0723764544152679,0.4,0.2723764544152678,1.267112743399097,0.0,0.4671127433990969,1.3893117015684564,0.0,0.5893117015684564
2554,0.8,<1m,1.0,p10,p10,p10,0.010235574055295737,2.0139777776309233,0.7367408316018418,0.3562708271490661,1.060144333818792,"<image>These are frames of a video.
Measuring from the closest point of each object, what is the direct distance between the door and the bed (in meters)?
Please answer the question using a single word or phrase.",0.2701550846217129,0.0,0.5298449153782872,0.7265847909637397,0.9,0.07341520903626031,0.7897644259447043,1.0,0.010235574055295737,0.9049233808744991,0.8,0.10492338087449904,1.060144333818792,0.4,0.2601443338187919,1.2611942080235652,0.0,0.46119420802356514,1.4633256225655815,0.0,0.6633256225655815
2556,4.7,>=3m,0.0,min|p05|p10|p25|median|p75|p90,p90,p90,2.720137549190164,8.044054342557805,1.7337350172425128,1.2705363641838578,1.3814134258085962,"<image>These are frames of a video.
Measuring from the closest point of each object, what is the direct distance between the whiteboard and the bookshelf (in meters)?
Please answer the question using a single word or phrase.",0.015446385226515263,0.0,4.684553614773485,0.24612743356732353,0.0,4.453872566432676,0.29740487292286905,0.0,4.402595127077131,0.46343898488532603,0.0,4.236561015114674,1.3814134258085962,0.0,3.318586574191404,1.7339753490691838,0.0,2.9660246509308164,1.9798624508098364,0.0,2.720137549190164
2557,2.2,1-3m,0.0,min|p05|p10|p25|median|p75|p90,p90,p90,1.1760638246907755,1.561890819296025,0.36836143048120085,0.20918665064927844,0.841761321040246,"<image>These are frames of a video.
Measuring from the closest point of each object, what is the direct distance between the computer mouse and the heater (in meters)?
Please answer the question using a single word or phrase.",0.6298234342252236,0.0,1.5701765657747766,0.6555747448280238,0.0,1.5444252551719764,0.6749285147425252,0.0,1.525071485257475,0.7514138481338853,0.0,1.448586151866115,0.841761321040246,0.0,1.3582386789597543,0.9606004987831638,0.0,1.2393995012168364,1.0239361753092246,0.0,1.1760638246907755
2558,0.7,<1m,0.1,p25,p25,p25,0.3408344842412149,11.498088283439062,2.1712947002613774,1.3650506822153052,1.1014947672913626,"<image>These are frames of a video.
Measuring from the closest point of each object, what is the direct distance between the radiator and the table (in meters)?
Please answer the question using a single word or phrase.",0.005200861298960196,0.0,0.6947991387010397,0.20682762819652004,0.0,0.49317237180347995,0.24976022649610743,0.0,0.45023977350389255,0.3591655157587851,0.1,0.3408344842412149,1.1014947672913626,0.0,0.4014947672913627,1.7242161979740902,0.0,1.0242161979740902,2.3781223284578976,0.0,1.6781223284578977
2559,1.6,1-3m,1.0,p90,p90,p90,0.03115061538352304,1.5576355976851286,0.5839540709493509,0.3073048070860742,1.3192123240538631,"<image>These are frames of a video.
Measuring from the closest point of each object, what is the direct distance between the monitor and the sofa (in meters)?
Please answer the question using a single word or phrase.",0.9195095420296552,0.2,0.6804904579703449,1.0471965444341722,0.4,0.5528034555658279,1.0764650467938561,0.4,0.523534953206144,1.1444663397687376,0.5,0.4555336602312625,1.3192123240538631,0.7,0.28078767594613696,1.4517711468548118,0.9,0.1482288531451883,1.6311506153835231,1.0,0.03115061538352304
2560,1.1,1-3m,1.0,p25,p25,p25,0.04468217783539474,3.294984520575754,1.164248214780292,0.2943393945355415,1.209087831145405,"<image>These are frames of a video.
Measuring from the closest point of each object, what is the direct distance between the door and the refrigerator (in meters)?
Please answer the question using a single word or phrase.",0.07986100966319809,0.0,1.020138990336802,0.5073011187405357,0.0,0.5926988812594643,0.7030614521565701,0.3,0.39693854784342997,1.0553178221646053,1.0,0.04468217783539474,1.209087831145405,0.9,0.10908783114540488,1.3496572167001468,0.6,0.24965721670014673,1.6715493335208278,0.0,0.5715493335208277
2561,0.9,<1m,0.9,p25,p25,p25,0.061730272183366686,2.581371210337025,1.0466424379491244,0.7882976936508603,1.2924849829244445,"<image>These are frames of a video.
Measuring from the closest point of each object, what is the direct distance between the chair and the whiteboard (in meters)?
Please answer the question using a single word or phrase.",0.5286776237275149,0.2,0.3713223762724851,0.6618575266246702,0.5,0.2381424733753298,0.701210205604788,0.6,0.19878979439521205,0.8382697278166333,0.9,0.061730272183366686,1.2924849829244445,0.2,0.39248498292444445,1.6265674214674937,0.0,0.7265674214674936,1.7084999645737946,0.0,0.8084999645737946
2562,0.7,<1m,0.7,p90,p90,p90,0.13594634216950063,2.3676551040677403,0.3258206242854407,0.13123273829433424,0.3587057222378136,"<image>These are frames of a video.
Measuring from the closest point of each object, what is the direct distance between the refrigerator and the stove (in meters)?
Please answer the question using a single word or phrase.",0.13343068463831412,0.0,0.5665693153616859,0.23823303354505865,0.0,0.4617669664549413,0.26274046826972286,0.0,0.4372595317302771,0.3063176135797875,0.0,0.39368238642021247,0.3587057222378136,0.1,0.34129427776218635,0.4375503518741217,0.3,0.26244964812587823,0.5640536578304993,0.7,0.13594634216950063
2563,1.6,1-3m,0.7,p75,p75,p75,0.26866004097161733,5.361324023080874,1.6661011217318378,1.3485163241746996,1.141045110365202,"<image>These are frames of a video.
Measuring from the closest point of each object, what is the direct distance between the exhaust fan and the ceiling light (in meters)?
Please answer the question using a single word or phrase.",0.00546660091309242,0.0,1.5945333990869077,0.3820172756975967,0.0,1.2179827243024035,0.4283242723432642,0.0,1.1716757276567358,0.520143716796918,0.0,1.0798562832030822,1.141045110365202,0.5,0.45895488963479814,1.8686600409716174,0.7,0.26866004097161733,2.0481183974294344,0.5,0.44811839742943427
2564,0.4,<1m,0.8,p25,p25,p25,0.05321994423903065,10.789318570701566,1.007690641745648,0.4798907458614601,0.4850599687352164,"<image>These are frames of a video.
Measuring from the closest point of each object, what is the direct distance between the stool and the toilet (in meters)?
Please answer the question using a single word or phrase.",0.0014793373981153502,0.0,0.3985206626018847,0.10293777186509831,0.0,0.2970622281349017,0.1599578365296146,0.0,0.24004216347038543,0.3467800557609694,0.8,0.05321994423903065,0.4850599687352164,0.6,0.08505996873521637,0.8266708016224295,0.0,0.42667080162242943,1.1106284136107463,0.0,0.7106284136107462
2565,2.9,1-3m,0.3,p90,p90,p90,1.112602420503795,7.794061344309345,1.5580694409896698,0.9280514575689311,1.3940915661028908,"<image>These are frames of a video.
Measuring from the closest point of each object, what is the direct distance between the telephone and the desk (in meters)?
Please answer the question using a single word or phrase.",0.0,0.0,2.9,0.22932813850653513,0.0,2.6706718614934646,0.2946879747719915,0.0,2.6053120252280086,0.5836102546338753,0.0,2.3163897453661244,1.3940915661028908,0.0,1.5059084338971092,1.5116617122028064,0.1,1.3883382877971935,1.787397579496205,0.3,1.112602420503795
2566,0.9,<1m,0.9,median,median,median,0.04819620528431878,4.044082139779419,1.3775336283513542,0.3652381872793371,0.8518037947156812,"<image>These are frames of a video.
Measuring from the closest point of each object, what is the direct distance between the radiator and the microwave (in meters)?
Please answer the question using a single word or phrase.",0.21925731358085976,0.0,0.6807426864191403,0.4525284026833697,0.1,0.44747159731663033,0.5802625211195777,0.3,0.31973747888042237,0.7115155586113997,0.6,0.18848444138860032,0.8518037947156812,0.9,0.04819620528431878,1.0767537458907368,0.7,0.17675374589073678,1.830062031034724,0.0,0.930062031034724
2567,6.4,>=3m,0.0,min|p05|p10|p25|median|p75|p90,p90,p90,4.557476672131255,8.917858238670114,1.6359128078809873,1.222547831001494,1.3085789549388975,"<image>These are frames of a video.
Measuring from the closest point of each object, what is the direct distance between the door and the window (in meters)?
Please answer the question using a single word or phrase.",0.002257456225253856,0.0,6.397742543774746,0.20661051998775817,0.0,6.193389480012242,0.25236331888940017,0.0,6.1476366811106,0.4251368085320375,0.0,5.974863191467962,1.3085789549388975,0.0,5.091421045061103,1.6476846395335314,0.0,4.7523153604664685,1.8425233278687454,0.0,4.557476672131255
2568,1.9,1-3m,0.4,p90,p90,p90,0.6078699601272748,4.327426411567913,0.9935391646082372,0.5715567286240777,0.797190074800759,"<image>These are frames of a video.
Measuring from the closest point of each object, what is the direct distance between the backpack and the desk (in meters)?
Please answer the question using a single word or phrase.",0.006424601992734542,0.0,1.8935753980072654,0.2985908752644879,0.0,1.601409124735512,0.36596683556100446,0.0,1.5340331644389955,0.562721032106299,0.0,1.337278967893701,0.797190074800759,0.0,1.102809925199241,1.1342777607303767,0.2,0.7657222392696232,1.2921300398727251,0.4,0.6078699601272748
2569,2.7,1-3m,0.0,min|p05|p10|p25|median|p75|p90,p90,p90,1.8025258384747425,6.76575925058354,0.7648247236298948,0.10090836421079052,0.22536459114083446,"<image>These are frames of a video.
Measuring from the closest point of each object, what is the direct distance between the ceiling light and the monitor (in meters)?
Please answer the question using a single word or phrase.",0.0007054593590910541,0.0,2.699294540640909,0.13264943789536282,0.0,2.5673505621046373,0.15128898833039278,0.0,2.5487110116696075,0.18238261094496894,0.0,2.5176173890550313,0.22536459114083446,0.0,2.4746354088591658,0.28329097515575946,0.0,2.416709024844241,0.8974741615252577,0.0,1.8025258384747425
2570,1.4,1-3m,0.0,min|p05|p10|p25|median|p75|p90,p90,p90,0.7051815616359705,14.416467000887579,0.6466222722491796,0.5009967161318316,0.18162277569052399,"<image>These are frames of a video.
Measuring from the closest point of each object, what is the direct distance between the telephone and the table (in meters)?
Please answer the question using a single word or phrase.",0.0005548135291778103,0.0,1.3994451864708222,0.048196166114849885,0.0,1.3518038338851501,0.06298655956564987,0.0,1.33701344043435,0.09876108301360492,0.0,1.301238916986395,0.18162277569052399,0.0,1.218377224309476,0.5997577991454365,0.0,0.8002422008545634,0.6948184383640295,0.0,0.7051815616359705
2571,5.4,>=3m,0.0,min|p05|p10|p25|median|p75|p90,p90,p90,2.888388687603254,1.4295915606767458,0.7547379637545721,0.2697095454515033,2.0715740882802725,"<image>These are frames of a video.
Measuring from the closest point of each object, what is the direct distance between the bed and the washer (in meters)?
Please answer the question using a single word or phrase.",1.0206066663426874,0.0,4.379393333657313,1.7568733486421744,0.0,3.643126651357826,1.7939733083725116,0.0,3.6060266916274886,1.9515903281656803,0.0,3.44840967183432,2.0715740882802725,0.0,3.328425911719728,2.2212998736171836,0.0,3.1787001263828167,2.5116113123967465,0.0,2.888388687603254
2572,1.7,1-3m,0.6,p90,p90,p90,0.41275700826474715,4.51487102545054,1.0021311946365088,0.49131650048312403,0.7647594685650552,"<image>These are frames of a video.
Measuring from the closest point of each object, what is the direct distance between the chair and the bed (in meters)?
Please answer the question using a single word or phrase.",0.13447383623683437,0.0,1.5655261637631657,0.28511179709874407,0.0,1.414888202901256,0.36346933974425777,0.0,1.3365306602557423,0.558538677035768,0.0,1.1414613229642319,0.7647594685650552,0.0,0.9352405314349448,1.049855177518892,0.3,0.6501448224811079,1.2872429917352528,0.6,0.41275700826474715
2573,0.5,<1m,0.6,p05,p05,p05,0.1074023585432351,2.1890260198789826,0.7222172088437695,0.3751870255278925,0.9483974055947786,"<image>These are frames of a video.
Measuring from the closest point of each object, what is the direct distance between the door and the bed (in meters)?
Please answer the question using a single word or phrase.",0.3524720136598793,0.5,0.1475279863401207,0.6074023585432351,0.6,0.1074023585432351,0.6692573462100029,0.4,0.16925734621000288,0.7836870135348847,0.0,0.2836870135348847,0.9483974055947786,0.0,0.4483974055947786,1.1588740390627772,0.0,0.6588740390627772,1.3296195673870046,0.0,0.8296195673870046
2574,1.7,1-3m,0.4,p90,p90,p90,0.5905306502250147,5.094978918460609,0.8917119522409049,0.40657792066384113,0.659213009750236,"<image>These are frames of a video.
Measuring from the closest point of each object, what is the direct distance between the tv and the stool (in meters)?
Please answer the question using a single word or phrase.",0.02459390716849041,0.0,1.6754060928315095,0.21775739753408027,0.0,1.4822426024659197,0.3650481305307954,0.0,1.3349518694692046,0.5258475331964825,0.0,1.1741524668035175,0.659213009750236,0.0,1.040786990249764,0.9324254538603236,0.1,0.7675745461396764,1.1094693497749852,0.4,0.5905306502250147
2575,3.6,>=3m,0.0,min|p05|p10|p25|median|p75|p90,p90,p90,2.1429676072109762,3.297392993199395,1.0151583438679417,0.23473614069030857,0.7681887574868238,"<image>These are frames of a video.
Measuring from the closest point of each object, what is the direct distance between the radiator and the door (in meters)?
Please answer the question using a single word or phrase.",0.08618930504749014,0.0,3.51381069495251,0.44187404892108245,0.0,3.1581259510789175,0.538438228120726,0.0,3.061561771879274,0.6615680659790009,0.0,2.9384319340209992,0.7681887574868238,0.0,2.8318112425131763,0.8963042066693094,0.0,2.7036957933306907,1.457032392789024,0.0,2.1429676072109762
2576,0.5,<1m,0.9,p05,p05,p05,0.02536206959741827,2.6813729615432944,0.8833295788415255,0.5627342000178759,0.8629501562642942,"<image>These are frames of a video.
Measuring from the closest point of each object, what is the direct distance between the cup and the bed (in meters)?
Please answer the question using a single word or phrase.",0.2722380073771864,0.1,0.2277619926228136,0.5253620695974183,0.9,0.02536206959741827,0.5591147241292561,0.8,0.05911472412925611,0.6606048781916551,0.4,0.16060487819165514,0.8629501562642942,0.0,0.36295015626429417,1.223339078209531,0.0,0.723339078209531,1.4086916484389438,0.0,0.9086916484389438
2577,5.1,>=3m,0.0,min|p05|p10|p25|median|p75|p90,p90,p90,3.6336606697876777,5.8974055170107125,1.2176979020482326,1.0131826658291356,0.42685835124884314,"<image>These are frames of a video.
Measuring from the closest point of each object, what is the direct distance between the heater and the power strip (in meters)?
Please answer the question using a single word or phrase.",0.16621139274635113,0.0,4.933788607253648,0.2486414281640891,0.0,4.8513585718359105,0.27298658741712956,0.0,4.82701341258287,0.3225249018983656,0.0,4.777475098101634,0.42685835124884314,0.0,4.673141648751156,1.3357075677275012,0.0,3.7642924322724984,1.4663393302123218,0.0,3.6336606697876777
2578,1.0,1-3m,0.5,median,median,median,0.27098727518606847,12.424219881330254,1.5814713727929754,0.8445369253196987,0.7290127248139315,"<image>These are frames of a video.
Measuring from the closest point of each object, what is the direct distance between the table and the stool (in meters)?
Please answer the question using a single word or phrase.",0.0,0.0,1.0,0.13843145433303988,0.0,0.8615685456669602,0.18537752223392834,0.0,0.8146224777660717,0.5860771318163841,0.2,0.4139228681836159,0.7290127248139315,0.5,0.27098727518606847,1.4306140571360828,0.2,0.4306140571360828,1.7199028271260153,0.0,0.7199028271260153
2579,1.9,1-3m,0.1,p90,p90,p90,0.9314755323752769,1.443963240684304,0.29778407733214696,0.17080822240018956,0.8302575526380781,"<image>These are frames of a video.
Measuring from the closest point of each object, what is the direct distance between the bookshelf and the sofa (in meters)?
Please answer the question using a single word or phrase.",0.6145284179351758,0.0,1.2854715820648241,0.670740390292576,0.0,1.229259609707424,0.6927562155290072,0.0,1.2072437844709927,0.7393940106515281,0.0,1.160605989348472,0.8302575526380781,0.0,1.069742447361922,0.9102022330517177,0.0,0.9897977669482823,0.968524467624723,0.1,0.9314755323752769
2580,4.2,>=3m,0.0,min|p05|p10|p25|median|p75|p90,p90,p90,2.469257471268006,4.219523789432087,1.3205676807866675,0.8892806358082618,1.355892580591885,"<image>These are frames of a video.
Measuring from the closest point of each object, what is the direct distance between the door and the computer tower (in meters)?
Please answer the question using a single word or phrase.",0.010818092200151294,0.0,4.189181907799849,0.4101748479453264,0.0,3.7898251520546737,0.5368562892278836,0.0,3.6631437107721165,0.7516404611413824,0.0,3.4483595388586177,1.355892580591885,0.0,2.844107419408115,1.6409210969496442,0.0,2.559078903050356,1.730742528731994,0.0,2.469257471268006
2581,2.2,1-3m,1.0,p90,p90,p90,0.06853830261476501,3.58888529439938,1.537555366438554,0.6228941593067596,1.0796259889435122,"<image>These are frames of a video.
Measuring from the closest point of each object, what is the direct distance between the door and the bowl (in meters)?
Please answer the question using a single word or phrase.",0.2587997160034262,0.0,1.941200283996574,0.5939063309466811,0.0,1.606093669053319,0.7108673322192018,0.0,1.4891326677807983,0.8547077990212895,0.0,1.3452922009787107,1.0796259889435122,0.0,1.120374011056488,1.477601958328049,0.4,0.7223980416719511,2.131461697385235,1.0,0.06853830261476501
2582,2.2,1-3m,0.4,p90,p90,p90,0.7568491428240802,9.089669728931527,1.2843826180414977,0.9996861035854219,0.4625417933502556,"<image>These are frames of a video.
Measuring from the closest point of each object, what is the direct distance between the dishwasher and the refrigerator (in meters)?
Please answer the question using a single word or phrase.",0.0005038240913175558,0.0,2.1994961759086826,0.15876823913442226,0.0,2.041231760865578,0.2129221003300167,0.0,1.9870778996699834,0.3131568081673059,0.0,1.8868431918326942,0.4625417933502556,0.0,1.7374582066497446,1.3128429117527278,0.2,0.8871570882472724,1.44315085717592,0.4,0.7568491428240802
2583,3.0,>=3m,0.3,median|p75|p90,p90,p90,1.0504772840395336,4.392654732024179,1.505708477216028,1.2448342377831736,1.835745516243048,"<image>These are frames of a video.
Measuring from the closest point of each object, what is the direct distance between the printer and the window (in meters)?
Please answer the question using a single word or phrase.",0.2510096046393231,0.0,2.7489903953606767,0.4438142387444384,0.0,2.5561857612555614,0.4980174829931673,0.0,2.501982517006833,0.6335431849215237,0.0,2.366456815078476,1.835745516243048,0.3,1.164254483756952,1.8783774227046974,0.3,1.1216225772953026,1.9495227159604664,0.3,1.0504772840395336
2584,0.8,<1m,0.8,p25,p25,p25,0.1078794908555123,3.0615911997067684,1.0737212265089138,0.7856073032381983,1.1115564233334165,"<image>These are frames of a video.
Measuring from the closest point of each object, what is the direct distance between the door and the table (in meters)?
Please answer the question using a single word or phrase.",0.18109233940604175,0.0,0.6189076605939583,0.5208215996758402,0.4,0.27917840032415986,0.5676441869681093,0.5,0.2323558130318908,0.6921205091444877,0.8,0.1078794908555123,1.1115564233334165,0.3,0.3115564233334165,1.477727812382686,0.0,0.677727812382686,1.5945428261847538,0.0,0.7945428261847538
2585,2.7,1-3m,0.4,p90,p90,p90,0.9139703909226953,2.237343692904082,0.9877483191968797,0.7241618768101681,1.1918942619997464,"<image>These are frames of a video.
Measuring from the closest point of each object, what is the direct distance between the nightstand and the desk (in meters)?
Please answer the question using a single word or phrase.",0.6622234779398333,0.0,2.0377765220601667,0.7982812898804252,0.0,1.901718710119575,0.8382695328279768,0.0,1.8617304671720234,0.9494642859814599,0.0,1.7505357140185402,1.1918942619997464,0.0,1.5081057380002538,1.673626162791628,0.3,1.0263738372083722,1.786029609077305,0.4,0.9139703909226953
2586,1.9,1-3m,0.6,p90,p90,p90,0.434943250794507,1.5250334510002848,0.5043848713233734,0.2850865176457358,1.2749408339931096,"<image>These are frames of a video.
Measuring from the closest point of each object, what is the direct distance between the exhaust fan and the crate (in meters)?
Please answer the question using a single word or phrase.",0.7787414873941046,0.0,1.1212585126058952,0.9606718778821195,0.1,0.9393281221178804,1.0042861290543434,0.1,0.8957138709456565,1.0970462459457617,0.2,0.8029537540542382,1.2749408339931096,0.4,0.6250591660068903,1.3821327635914975,0.5,0.5178672364085024,1.465056749205493,0.6,0.434943250794507
2587,0.4,<1m,0.9,p10,p10,p10,0.024313170381092042,6.2521175690646364,1.8380135489990925,1.5600637212369466,0.7470451596546761,"<image>These are frames of a video.
Measuring from the closest point of each object, what is the direct distance between the crate and the plant (in meters)?
Please answer the question using a single word or phrase.",0.28045994435519184,0.5,0.11954005564480819,0.3499566650649881,0.8,0.050043334935011896,0.375686829618908,0.9,0.024313170381092042,0.4439765044085059,0.8,0.04397650440850587,0.7470451596546761,0.0,0.3470451596546761,2.0040402256454524,0.0,1.6040402256454525,2.1879702140640807,0.0,1.7879702140640807
2588,4.7,>=3m,0.0,min|p05|p10|p25|median|p75|p90,p90,p90,2.514174200774134,8.674958614815841,1.9338562053314672,1.164630458696939,1.236920169656182,"<image>These are frames of a video.
Measuring from the closest point of each object, what is the direct distance between the fan and the door (in meters)?
Please answer the question using a single word or phrase.",0.005382306699059598,0.0,4.69461769330094,0.2519695938943991,0.0,4.448030406105601,0.4169367588617571,0.0,4.283063241138243,0.7147691584660161,0.0,3.9852308415339843,1.236920169656182,0.0,3.463079830343818,1.879399617162955,0.0,2.8206003828370454,2.1858257992258663,0.0,2.514174200774134
2589,3.4,>=3m,0.0,min|p05|p10|p25|median|p75|p90,p90,p90,2.2235574409739445,2.3062120524348453,0.6663235707118652,0.42214213724306027,0.6973726101018705,"<image>These are frames of a video.
Measuring from the closest point of each object, what is the direct distance between the door and the printer (in meters)?
Please answer the question using a single word or phrase.",0.4936637425168148,0.0,2.906336257483185,0.5101189883141902,0.0,2.8898810116858096,0.5189528496987779,0.0,2.881047150301222,0.5399349043570714,0.0,2.8600650956429288,0.6973726101018705,0.0,2.7026273898981295,0.9620770416001316,0.0,2.4379229583998683,1.1764425590260554,0.0,2.2235574409739445
2590,0.4,<1m,1.0,p25,p25,p25,0.001986632058776472,1.8368833912213256,0.2824292786387783,0.13536077290360093,0.45880825016690585,"<image>These are frames of a video.
Measuring from the closest point of each object, what is the direct distance between the backpack and the table (in meters)?
Please answer the question using a single word or phrase.",0.26367864086828,0.4,0.13632135913172,0.33747745695682696,0.7,0.06252254304317306,0.3575262069320958,0.8,0.04247379306790422,0.39801336794122355,1.0,0.001986632058776472,0.45880825016690585,0.8,0.05880825016690583,0.5333741408448245,0.4,0.13337414084482446,0.6199067355956053,0.0,0.21990673559560525
2591,2.3,1-3m,0.5,p75|p90,p90,p90,0.5879338069289717,3.58100275104288,1.2339693268867085,1.118257165601251,1.5329348614565506,"<image>These are frames of a video.
Measuring from the closest point of each object, what is the direct distance between the table lamp and the door (in meters)?
Please answer the question using a single word or phrase.",0.4169999363047728,0.0,1.883000063695227,0.47809686618431957,0.0,1.8219031338156801,0.49105280979832977,0.0,1.80894719020167,0.5322151142380509,0.0,1.767784885761949,1.5329348614565506,0.4,0.7670651385434493,1.650472279839302,0.5,0.6495277201606979,1.7120661930710281,0.5,0.5879338069289717
2592,2.0,1-3m,0.2,p90,p90,p90,0.8588715886753098,2.193953379895658,0.6210041362232015,0.441848435971508,0.9433291825203385,"<image>These are frames of a video.
Measuring from the closest point of each object, what is the direct distance between the trash bin and the backpack (in meters)?
Please answer the question using a single word or phrase.",0.4037341984819982,0.0,1.5962658015180018,0.5201242751014887,0.0,1.4798757248985113,0.5473679766560222,0.0,1.4526320233439778,0.6124903550515657,0.0,1.3875096449484343,0.9433291825203385,0.0,1.0566708174796615,1.0543387910230737,0.1,0.9456612089769263,1.1411284113246902,0.2,0.8588715886753098
2593,0.7,<1m,1.0,median,median,median,0.02174279196442397,2.6003017404569286,0.5409398929625994,0.22429987162186937,0.678257208035576,"<image>These are frames of a video.
Measuring from the closest point of each object, what is the direct distance between the refrigerator and the stove (in meters)?
Please answer the question using a single word or phrase.",0.18208885201897868,0.0,0.5179111479810212,0.3380236859632151,0.0,0.3619763140367849,0.42026435191786043,0.3,0.2797356480821395,0.5595938149155599,0.6,0.14040618508444003,0.678257208035576,1.0,0.02174279196442397,0.7838936865374293,0.8,0.08389368653742935,0.8789635789258144,0.5,0.1789635789258145
2594,7.9,>=3m,0.0,min|p05|p10|p25|median|p75|p90,p90,p90,6.3454488570213625,3.2704032367690377,1.079211855914318,0.26969700713051625,0.7822471565996708,"<image>These are frames of a video.
Measuring from the closest point of each object, what is the direct distance between the stool and the refrigerator (in meters)?
Please answer the question using a single word or phrase.",0.011399919982029046,0.0,7.888600080017971,0.4753392870643196,0.0,7.4246607129356805,0.5611618163776423,0.0,7.338838183622358,0.7418557012481497,0.0,7.158144298751851,0.7822471565996708,0.0,7.117752843400329,1.011552708378666,0.0,6.888447291621334,1.5545511429786376,0.0,6.3454488570213625
2595,2.0,1-3m,0.0,min|p05|p10|p25|median|p75|p90,p90,p90,1.1423184618168816,7.938587897253036,0.7496419788453805,0.490329316418486,0.39112771690108716,"<image>These are frames of a video.
Measuring from the closest point of each object, what is the direct distance between the laptop and the trash can (in meters)?
Please answer the question using a single word or phrase.",0.012115158259916256,0.0,1.9878848417400838,0.10803955933773805,0.0,1.8919604406622619,0.15795037790856767,0.0,1.8420496220914324,0.25633674197966927,0.0,1.7436632580203306,0.39112771690108716,0.0,1.6088722830989128,0.7466660583981553,0.0,1.2533339416018447,0.8576815381831185,0.0,1.1423184618168816
2596,1.8,1-3m,0.8,p90,p90,p90,0.2375974743995224,6.535667792345005,1.32334470086978,0.45467119080641216,0.9350225122164184,"<image>These are frames of a video.
Measuring from the closest point of each object, what is the direct distance between the stool and the tv (in meters)?
Please answer the question using a single word or phrase.",0.11371580257368341,0.0,1.6862841974263167,0.23905782473069762,0.0,1.5609421752693025,0.2869899983687759,0.0,1.513010001631224,0.838208996499232,0.0,0.9617910035007681,0.9350225122164184,0.1,0.8649774877835816,1.2928801873056441,0.5,0.5071198126943559,1.5624025256004777,0.8,0.2375974743995224
2597,4.0,>=3m,0.0,min|p05|p10|p25|median|p75|p90,p90,p90,2.1478129587945984,4.289462675644803,1.42038772710437,0.49664893706117863,0.7585497577000284,"<image>These are frames of a video.
Measuring from the closest point of each object, what is the direct distance between the refrigerator and the bed (in meters)?
Please answer the question using a single word or phrase.",0.26225227740907314,0.0,3.737747722590927,0.43179931410103156,0.0,3.5682006858989683,0.48262299081878024,0.0,3.51737700918122,0.5815662341578323,0.0,3.4184337658421677,0.7585497577000284,0.0,3.2414502422999716,1.078215171219011,0.0,2.9217848287809893,1.8521870412054016,0.0,2.1478129587945984
2598,1.5,1-3m,0.9,p90,p90,p90,0.11696313613111942,17.009406049580445,1.3017267428783246,1.2059079202764331,0.668450391117694,"<image>These are frames of a video.
Measuring from the closest point of each object, what is the direct distance between the cup and the keyboard (in meters)?
Please answer the question using a single word or phrase.",0.037862850789373376,0.0,1.4621371492106265,0.08131012099055597,0.0,1.418689879009444,0.09451297283452458,0.0,1.4054870271654754,0.11899073218219683,0.0,1.3810092678178032,0.668450391117694,0.0,0.831549608882306,1.32489865245863,0.8,0.17510134754137008,1.3830368638688806,0.9,0.11696313613111942
2599,2.3,1-3m,0.0,min|p05|p10|p25|median|p75|p90,p90,p90,1.6450539247935243,3.770926722957702,0.48126301973390107,0.2625467433178997,0.4146336869780393,"<image>These are frames of a video.
Measuring from the closest point of each object, what is the direct distance between the lamp and the sofa (in meters)?
Please answer the question using a single word or phrase.",0.001400260415335094,0.0,2.298599739584665,0.17368305547257432,0.0,2.1263169445274257,0.21524995298315727,0.0,2.0847500470168425,0.2948376704288244,0.0,2.0051623295711756,0.4146336869780393,0.0,1.8853663130219604,0.5573844137467241,0.0,1.7426155862532757,0.6549460752064754,0.0,1.6450539247935243
2600,1.6,1-3m,1.0,p90,p90,p90,0.0735973347787775,4.643730689655768,1.197700859015839,0.7700210494045557,1.1382510963965535,"<image>These are frames of a video.
Measuring from the closest point of each object, what is the direct distance between the pillow and the chair (in meters)?
Please answer the question using a single word or phrase.",0.12350255715091227,0.0,1.4764974428490878,0.32870180620538364,0.0,1.2712981937946164,0.38099963004963444,0.0,1.2190003699503658,0.549952552288857,0.0,1.050047447711143,1.1382510963965535,0.5,0.46174890360344656,1.3199736016934127,0.7,0.2800263983065874,1.5264026652212226,1.0,0.0735973347787775
2601,2.3,1-3m,0.2,p90,p90,p90,0.9724160878573747,3.6672545719747762,0.9655736164058513,0.6183189775726492,1.0859079160165395,"<image>These are frames of a video.
Measuring from the closest point of each object, what is the direct distance between the chair and the dishwasher (in meters)?
Please answer the question using a single word or phrase.",0.20716451939871725,0.0,2.0928354806012828,0.36201029573677396,0.0,1.937989704263226,0.41544452280185257,0.0,1.8845554771981472,0.581365297307044,0.0,1.7186347026929558,1.0859079160165395,0.0,1.2140920839834604,1.1996842748796932,0.1,1.1003157251203066,1.3275839121426252,0.2,0.9724160878573747
2602,1.4,1-3m,0.8,median|p75,p75,p75,0.17641090760796652,13.65911110927303,1.5563674682151707,1.0405437340912596,1.2115560861814576,"<image>These are frames of a video.
Measuring from the closest point of each object, what is the direct distance between the headphones and the keyboard (in meters)?
Please answer the question using a single word or phrase.",0.04236521684989117,0.0,1.3576347831501088,0.12294445121625505,0.0,1.277055548783745,0.20428714556087926,0.0,1.1957128544391207,0.5358671735167069,0.0,0.864132826483293,1.2115560861814576,0.8,0.1884439138185423,1.5764109076079664,0.8,0.17641090760796652,1.6793119194314257,0.7,0.27931191943142575
2603,3.7,>=3m,0.0,min|p05|p10|p25|median|p75|p90,p90,p90,1.8864160297747694,16.771045498149434,1.7054461698462773,1.2286271889371219,1.3572242565396015,"<image>These are frames of a video.
Measuring from the closest point of each object, what is the direct distance between the suitcase and the trash can (in meters)?
Please answer the question using a single word or phrase.",0.003980286752539157,0.0,3.696019713247461,0.10813780037895354,0.0,3.5918621996210467,0.23274857407467608,0.0,3.467251425925324,0.32137646136486986,0.0,3.3786235386351304,1.3572242565396015,0.0,2.3427757434603986,1.5500036503019916,0.0,2.1499963496980086,1.8135839702252308,0.0,1.8864160297747694
2604,2.4,1-3m,0.9,p90,p90,p90,0.1906067588532152,6.5426455047076075,1.871702128345844,1.268123832883524,1.2970565138141816,"<image>These are frames of a video.
Measuring from the closest point of each object, what is the direct distance between the trash can and the clock (in meters)?
Please answer the question using a single word or phrase.",0.0,0.0,2.4,0.3376911128009408,0.0,2.062308887199059,0.3716440719389285,0.0,2.0283559280610715,0.7769257801501537,0.0,1.6230742198498462,1.2970565138141816,0.1,1.1029434861858183,2.0450496130336777,0.8,0.3549503869663222,2.2093932411467847,0.9,0.1906067588532152
2605,2.6,1-3m,0.3,p90,p90,p90,1.0214116390808121,1.7917577272009857,0.6975605651662447,0.10789310876249081,1.4758130957011897,"<image>These are frames of a video.
Measuring from the closest point of each object, what is the direct distance between the backpack and the tv (in meters)?
Please answer the question using a single word or phrase.",0.7764810865448588,0.0,1.8235189134551413,0.8810277957529433,0.0,1.7189722042470568,0.9282393227506635,0.0,1.6717606772493365,1.4328239321663911,0.2,1.167176067833609,1.4758130957011897,0.2,1.1241869042988104,1.540717040928882,0.2,1.0592829590711181,1.578588360919188,0.3,1.0214116390808121
2606,1.6,1-3m,0.8,median,median,median,0.19919902598203865,15.308366143596864,1.9429573899100865,1.4386065701279471,1.4008009740179614,"<image>These are frames of a video.
Measuring from the closest point of each object, what is the direct distance between the power strip and the table lamp (in meters)?
Please answer the question using a single word or phrase.",0.0004604847640452572,0.0,1.5995395152359548,0.1357917018904062,0.0,1.4642082981095939,0.17268096585052595,0.0,1.4273190341494741,0.5565943318426627,0.0,1.0434056681573374,1.4008009740179614,0.8,0.19919902598203865,1.9952009019706098,0.6,0.39520090197060975,2.0787490918004927,0.5,0.47874909180049263
2607,2.3,1-3m,0.3,p90,p90,p90,0.832295556458094,3.282842050731747,1.0206209650008795,0.7815841354958926,1.1143215982036394,"<image>These are frames of a video.
Measuring from the closest point of each object, what is the direct distance between the monitor and the sofa (in meters)?
Please answer the question using a single word or phrase.",0.356799353853726,0.0,1.9432006461462739,0.4470834785410263,0.0,1.8529165214589736,0.4809078344546311,0.0,1.8190921655453687,0.5901122504160321,0.0,1.7098877495839677,1.1143215982036394,0.0,1.1856784017963604,1.3716963859119247,0.2,0.9283036140880752,1.4677044435419058,0.3,0.832295556458094
2608,3.5,>=3m,0.0,min|p05|p10|p25|median|p75|p90,p90,p90,2.174461855733788,4.636825419935478,1.0396662331592685,0.7941834211526191,0.8354672716549981,"<image>These are frames of a video.
Measuring from the closest point of each object, what is the direct distance between the sofa and the refrigerator (in meters)?
Please answer the question using a single word or phrase.",0.1899692585655134,0.0,3.3100307414344865,0.2858719111069438,0.0,3.214128088893056,0.31908695484967897,0.0,3.180913045150321,0.4294580901300038,0.0,3.070541909869996,0.8354672716549981,0.0,2.664532728345002,1.2236415112826229,0.0,2.276358488717377,1.3255381442662124,0.0,2.174461855733788
2610,2.6,1-3m,0.1,p90,p90,p90,1.2907972910825336,8.335318463346999,1.1521357996356627,0.6424495265196306,0.7360660827297733,"<image>These are frames of a video.
Measuring from the closest point of each object, what is the direct distance between the keyboard and the printer (in meters)?
Please answer the question using a single word or phrase.",0.05745141574951711,0.0,2.542548584250483,0.1570669092818037,0.0,2.4429330907181965,0.18472642745381912,0.0,2.415273572546181,0.28422780910016704,0.0,2.315772190899833,0.7360660827297733,0.0,1.8639339172702267,0.9266773356197977,0.0,1.6733226643802024,1.3092027089174665,0.1,1.2907972910825336
2611,0.4,<1m,0.9,min,min,min,0.03285581157114509,3.338494847825778,1.2250688914857308,0.6896835966663352,0.8558186657579703,"<image>These are frames of a video.
Measuring from the closest point of each object, what is the direct distance between the door and the refrigerator (in meters)?
Please answer the question using a single word or phrase.",0.36714418842885493,0.9,0.03285581157114509,0.523870682300088,0.4,0.12387068230008802,0.5691787650135275,0.2,0.16917876501352747,0.6797789071688539,0.0,0.2797789071688539,0.8558186657579703,0.0,0.45581866575797025,1.369462503835189,0.0,0.9694625038351891,1.7489395737858189,0.0,1.348939573785819
2612,2.0,1-3m,0.5,p75|p90,p90,p90,0.5283149665141813,1.2627804907090092,0.30625284292392885,0.20013719824681364,1.3577400205669399,"<image>These are frames of a video.
Measuring from the closest point of each object, what is the direct distance between the trash can and the cutting board (in meters)?
Please answer the question using a single word or phrase.",1.109516427664791,0.2,0.8904835723352089,1.1654321905618898,0.2,0.8345678094381102,1.182224839447349,0.2,0.8177751605526511,1.2238111690355309,0.3,0.7761888309644691,1.3577400205669399,0.4,0.6422599794330601,1.4239483672823445,0.5,0.5760516327176555,1.4716850334858187,0.5,0.5283149665141813
2613,1.8,1-3m,0.8,median,median,median,0.26308394661616963,3.378374553984909,2.2238782106158093,1.9704298345605364,2.0630839466161697,"<image>These are frames of a video.
Measuring from the closest point of each object, what is the direct distance between the tv and the table (in meters)?
Please answer the question using a single word or phrase.",0.8523730239701207,0.0,0.9476269760298793,0.9350412057216786,0.1,0.8649587942783215,0.9615970581445756,0.1,0.8384029418554244,1.0347721626475064,0.2,0.7652278373524937,2.0630839466161697,0.8,0.26308394661616963,3.005201997208043,0.0,1.2052019972080428,3.1589194163374876,0.0,1.3589194163374876
2614,1.6,1-3m,0.9,p90,p90,p90,0.11191304641304578,15.024390170872538,1.3890422045713253,0.7689998010326109,0.8174554544163359,"<image>These are frames of a video.
Measuring from the closest point of each object, what is the direct distance between the plant and the trash can (in meters)?
Please answer the question using a single word or phrase.",0.0,0.0,1.6,0.09904474901562903,0.0,1.500955250984371,0.13819039406842776,0.0,1.4618096059315724,0.25926349784219566,0.0,1.3407365021578044,0.8174554544163359,0.1,0.7825445455836642,1.0282632988748066,0.3,0.5717367011251935,1.4880869535869543,0.9,0.11191304641304578
2615,2.7,1-3m,0.2,p75|p90,p90,p90,1.1042331537214343,7.018231223336418,1.3683923418632,1.1638207289696738,1.4079742800196717,"<image>These are frames of a video.
Measuring from the closest point of each object, what is the direct distance between the nightstand and the tv (in meters)?
Please answer the question using a single word or phrase.",0.04594931485508319,0.0,2.654050685144917,0.227374504415366,0.0,2.472625495584634,0.25957351666042056,0.0,2.4404264833395795,0.3747678024548632,0.0,2.325232197545137,1.4079742800196717,0.1,1.2920257199803284,1.538588531424537,0.2,1.161411468575463,1.595766846278566,0.2,1.1042331537214343
2616,1.9,1-3m,0.2,p90,p90,p90,0.8421001875721972,6.845855047686685,0.9033683762436138,0.18648476570876527,0.7953448834466775,"<image>These are frames of a video.
Measuring from the closest point of each object, what is the direct distance between the power strip and the plant (in meters)?
Please answer the question using a single word or phrase.",0.040979539184530726,0.0,1.8590204608154692,0.15453143618418894,0.0,1.745468563815811,0.21544550201844448,0.0,1.6845544979815554,0.6398189791266751,0.0,1.2601810208733248,0.7953448834466775,0.0,1.1046551165533223,0.8263037448354403,0.0,1.0736962551645597,1.0578998124278027,0.2,0.8421001875721972
2617,3.5,>=3m,0.1,p90,p90,p90,1.6878931555072019,12.04800814154282,1.6616996715224828,0.7549987708147363,1.2755221760595905,"<image>These are frames of a video.
Measuring from the closest point of each object, what is the direct distance between the radiator and the door (in meters)?
Please answer the question using a single word or phrase.",0.0017248920363337173,0.0,3.4982751079636665,0.15040717297031533,0.0,3.3495928270296846,0.2686536704483298,0.0,3.2313463295516702,0.6875297963531797,0.0,2.8124702036468205,1.2755221760595905,0.0,2.2244778239404095,1.442528567167916,0.0,2.057471432832084,1.8121068444927981,0.1,1.6878931555072019
2618,1.6,1-3m,0.7,p90,p90,p90,0.28096626490362486,6.36043763826558,1.1116527638309985,0.6694606113697452,1.0155576466504788,"<image>These are frames of a video.
Measuring from the closest point of each object, what is the direct distance between the door and the bookshelf (in meters)?
Please answer the question using a single word or phrase.",0.0009015848854832416,0.0,1.599098415114517,0.20738097126537677,0.0,1.3926190287346234,0.2972715357259485,0.0,1.3027284642740515,0.5297501298672682,0.0,1.0702498701327319,1.0155576466504788,0.3,0.5844423533495213,1.1992107412370134,0.5,0.40078925876298666,1.3190337350963752,0.7,0.28096626490362486
2619,6.2,>=3m,0.1,median|p75|p90,p90,p90,2.946340026459912,1.1050038911490208,0.30918167839415744,0.1623201350934922,3.1077754708718803,"<image>These are frames of a video.
Measuring from the closest point of each object, what is the direct distance between the washer and the tv (in meters)?
Please answer the question using a single word or phrase.",2.7866573298652875,0.0,3.4133426701347127,2.9444782951459305,0.0,3.2555217048540697,2.9709310526269297,0.0,3.2290689473730705,3.0274777202833505,0.0,3.1725222797166497,3.1077754708718803,0.1,3.09222452912812,3.1897978553768427,0.1,3.0102021446231575,3.253659973540088,0.1,2.946340026459912
2620,5.7,>=3m,0.0,min|p05|p10|p25|median|p75|p90,p90,p90,3.5931106690085075,10.891539551314093,1.913446583888096,1.8200470846541945,0.339432984770505,"<image>These are frames of a video.
Measuring from the closest point of each object, what is the direct distance between the cutting board and the kettle (in meters)?
Please answer the question using a single word or phrase.",0.15780687566120172,0.0,5.542193124338798,0.1934427471033965,0.0,5.506557252896604,0.2060412574379061,0.0,5.493958742562094,0.24307956115121288,0.0,5.456920438848787,0.339432984770505,0.0,5.3605670152294955,2.0631266458054074,0.0,3.636873354194593,2.1068893309914927,0.0,3.5931106690085075
2621,3.4,>=3m,0.0,min|p05|p10|p25|median|p75|p90,p90,p90,2.091610351609522,1.3479878908294542,0.3377654630460609,0.19542070148025625,1.203453998387538,"<image>These are frames of a video.
Measuring from the closest point of each object, what is the direct distance between the cutting board and the cushion (in meters)?
Please answer the question using a single word or phrase.",0.8832764369386454,0.0,2.5167235630613547,0.9706241853444171,0.0,2.429375814655583,1.0008282691107078,0.0,2.399171730889292,1.076538657458074,0.0,2.323461342541926,1.203453998387538,0.0,2.196546001612462,1.2719593589383302,0.0,2.12804064106167,1.308389648390478,0.0,2.091610351609522
2622,2.2,1-3m,1.0,p90,p90,p90,0.09459487675588552,6.792738954305609,1.7954557585758915,1.055661564926273,1.4880133718234565,"<image>These are frames of a video.
Measuring from the closest point of each object, what is the direct distance between the mirror and the closet (in meters)?
Please answer the question using a single word or phrase.",0.0,0.0,2.2,0.30994936466822326,0.0,1.890050635331777,0.4370102488732878,0.0,1.7629897511267123,0.7374394189157166,0.0,1.4625605810842837,1.4880133718234565,0.4,0.7119866281765437,1.7931009838419896,0.7,0.4068990161580106,2.1054051232441147,1.0,0.09459487675588552
2623,8.4,>=3m,0.0,min|p05|p10|p25|median|p75|p90,p90,p90,6.586807849935453,6.230325169783363,1.5221652613142775,0.45247241320980847,1.0782135946196902,"<image>These are frames of a video.
Measuring from the closest point of each object, what is the direct distance between the stool and the washer (in meters)?
Please answer the question using a single word or phrase.",0.1064402129079253,0.0,8.293559787092075,0.29102688875026955,0.0,8.10897311124973,0.509303834496683,0.0,7.890696165503317,0.6971454919757435,0.0,7.702854508024257,1.0782135946196902,0.0,7.32178640538031,1.149617905185552,0.0,7.250382094814448,1.8131921500645471,0.0,6.586807849935453
2624,7.6,>=3m,0.0,min|p05|p10|p25|median|p75|p90,p90,p90,6.429505722293792,4.191999161528234,0.8912732586639489,0.438900567863705,0.7161057830913498,"<image>These are frames of a video.
Measuring from the closest point of each object, what is the direct distance between the chair and the tv (in meters)?
Please answer the question using a single word or phrase.",0.0011254388338164934,0.0,7.598874561166183,0.27922101904225866,0.0,7.320778980957741,0.3924441838936425,0.0,7.207555816106357,0.5614585764797546,0.0,7.038541423520245,0.7161057830913498,0.0,6.88389421690865,1.0003591443434596,0.0,6.59964085565654,1.1704942777062075,0.0,6.429505722293792
2625,0.7,<1m,1.0,p90,p90,p90,0.01160476549365963,2.375705058188875,0.3986306308854093,0.19885305985799423,0.48585563941941873,"<image>These are frames of a video.
Measuring from the closest point of each object, what is the direct distance between the trash can and the whiteboard (in meters)?
Please answer the question using a single word or phrase.",0.18037879781195001,0.0,0.51962120218805,0.28976460362093104,0.0,0.4102353963790689,0.3194417699650843,0.0,0.3805582300349157,0.3873162201558799,0.2,0.31268377984412005,0.48585563941941873,0.4,0.21414436058058123,0.5861692800138741,0.7,0.11383071998612582,0.6883952345063403,1.0,0.01160476549365963
2626,4.0,>=3m,0.0,min|p05|p10|p25|median|p75|p90,p90,p90,2.7296600508194464,2.351826740084406,0.7301896364347426,0.30822244915757147,0.7885405218100476,"<image>These are frames of a video.
Measuring from the closest point of each object, what is the direct distance between the kettle and the slippers (in meters)?
Please answer the question using a single word or phrase.",0.47364283648425426,0.0,3.526357163515746,0.5401503127458113,0.0,3.459849687254189,0.5659116976469393,0.0,3.434088302353061,0.6503136914952535,0.0,3.3496863085047464,0.7885405218100476,0.0,3.211459478189952,0.958536140652825,0.0,3.041463859347175,1.2703399491805538,0.0,2.7296600508194464
2627,0.8,<1m,1.0,median,median,median,0.0025392830682682277,5.99625355717111,1.3318520038077577,0.7611313392568244,0.8025392830682683,"<image>These are frames of a video.
Measuring from the closest point of each object, what is the direct distance between the counter and the table (in meters)?
Please answer the question using a single word or phrase.",0.0010840871162594323,0.0,0.7989159128837406,0.26657013871847113,0.0,0.5334298612815289,0.3551620566247349,0.0,0.44483794337526517,0.5907531654696154,0.5,0.20924683453038462,0.8025392830682683,1.0,0.0025392830682682277,1.3518845047264398,0.0,0.5518845047264398,1.5984221425262288,0.0,0.7984221425262288
2628,5.1,>=3m,0.0,min|p05|p10|p25|median|p75|p90,p90,p90,3.7403507820452035,7.432941361763257,1.1767271213337813,0.8827101808794663,1.1551881441652991,"<image>These are frames of a video.
Measuring from the closest point of each object, what is the direct distance between the stove and the tv (in meters)?
Please answer the question using a single word or phrase.",0.0021967483298725426,0.0,5.097803251670127,0.18292209662101483,0.0,4.917077903378985,0.26690689303929455,0.0,4.833093106960705,0.4215858171346777,0.0,4.678414182865322,1.1551881441652991,0.0,3.9448118558347005,1.304295998014144,0.0,3.7957040019858557,1.359649217954796,0.0,3.7403507820452035
2629,0.7,<1m,1.0,p25,p25,p25,0.002611660912936742,5.749570917860188,1.2061095029894204,0.5708415719390052,1.0597656279727716,"<image>These are frames of a video.
Measuring from the closest point of each object, what is the direct distance between the bed and the table (in meters)?
Please answer the question using a single word or phrase.",0.0062509310981048,0.0,0.6937490689018951,0.2539407293517802,0.0,0.44605927064821976,0.38046763413194046,0.1,0.3195323658680595,0.6973883390870632,1.0,0.002611660912936742,1.0597656279727716,0.0,0.3597656279727717,1.2682299110260684,0.0,0.5682299110260685,1.4600502323412006,0.0,0.7600502323412006
2630,1.6,1-3m,0.9,p25|median,p25,p25,0.09428188440755259,3.3089443011510404,1.5904386088555973,0.4454418707804302,1.7382434345281714,"<image>These are frames of a video.
Measuring from the closest point of each object, what is the direct distance between the mirror and the door (in meters)?
Please answer the question using a single word or phrase.",0.3060325348004026,0.0,1.2939674651995974,0.6888163599540889,0.0,0.9111836400459112,0.8843150975174483,0.2,0.7156849024825518,1.5057181155924475,0.9,0.09428188440755259,1.7382434345281714,0.9,0.13824343452817134,1.9511599863728777,0.6,0.3511599863728776,2.279254968809686,0.2,0.679254968809686
2631,2.6,1-3m,0.0,min|p05|p10|p25|median|p75|p90,p90,p90,1.648618227150354,5.756182547392246,0.7861017865016358,0.40864462850504657,0.7211917582222965,"<image>These are frames of a video.
Measuring from the closest point of each object, what is the direct distance between the basket and the crate (in meters)?
Please answer the question using a single word or phrase.",0.08907393712910273,0.0,2.5109260628708974,0.1652799863480104,0.0,2.4347200136519898,0.20997491084532016,0.0,2.3900250891546797,0.3812458387102936,0.0,2.2187541612897066,0.7211917582222965,0.0,1.8788082417777034,0.7898904672153402,0.0,1.81010953278466,0.9513817728496461,0.0,1.648618227150354
2632,2.0,1-3m,0.5,p90,p90,p90,0.5145324341571551,7.205936946145423,1.2793226082967695,0.1746254305104893,0.9769197515395127,"<image>These are frames of a video.
Measuring from the closest point of each object, what is the direct distance between the basket and the kettle (in meters)?
Please answer the question using a single word or phrase.",0.15563471546912683,0.0,1.8443652845308731,0.20614495754607548,0.0,1.7938550424539246,0.36330373101647634,0.0,1.6366962689835236,0.8856464996429583,0.0,1.1143535003570417,0.9769197515395127,0.0,1.0230802484604873,1.0602719301534476,0.1,0.9397280698465524,1.485467565842845,0.5,0.5145324341571551
2633,2.9,1-3m,0.0,min|p05|p10|p25|median|p75|p90,p90,p90,1.8604376477907876,4.065887744349114,0.7838832932745368,0.31424129363949294,0.49794502483128167,"<image>These are frames of a video.
Measuring from the closest point of each object, what is the direct distance between the stove and the stool (in meters)?
Please answer the question using a single word or phrase.",0.13639576516929677,0.0,2.7636042348307033,0.2556790589346756,0.0,2.6443209410653243,0.2953202381092801,0.0,2.60467976189072,0.3704539974467056,0.0,2.5295460025532943,0.49794502483128167,0.0,2.4020549751687184,0.6846952910861985,0.0,2.215304708913801,1.0395623522092123,0.0,1.8604376477907876
2634,1.6,1-3m,0.9,p90,p90,p90,0.13354482278180546,1.6353302180987992,0.569721807414104,0.30670976653543347,1.1895993497777666,"<image>These are frames of a video.
Measuring from the closest point of each object, what is the direct distance between the bookshelf and the laptop (in meters)?
Please answer the question using a single word or phrase.",0.6262963447481601,0.0,0.97370365525184,0.8967333698040906,0.2,0.7032666301959095,0.9443940108943261,0.2,0.655605989105674,1.0438395020447424,0.4,0.5561604979552577,1.1895993497777666,0.5,0.4104006502222335,1.3505492685801759,0.7,0.2494507314198242,1.4664551772181946,0.9,0.13354482278180546
2635,1.5,1-3m,0.2,p75,p75,p75,0.6412012277878727,9.54360861513953,2.0148190279602614,1.7429220319032988,0.7941678830144936,"<image>These are frames of a video.
Measuring from the closest point of each object, what is the direct distance between the heater and the chair (in meters)?
Please answer the question using a single word or phrase.",0.005725596424243297,0.0,1.4942744035757567,0.23582763662534142,0.0,1.2641723633746587,0.2843629023728964,0.0,1.2156370976271036,0.39827919588457406,0.0,1.101720804115426,0.7941678830144936,0.1,0.7058321169855064,2.1412012277878727,0.2,0.6412012277878727,2.2506466645856027,0.0,0.7506466645856027
2636,3.6,>=3m,0.0,min|p05|p10|p25|median|p75|p90,p90,p90,1.97953367361962,3.321476227636879,1.132590991643064,0.6748482186954706,0.945316940727851,"<image>These are frames of a video.
Measuring from the closest point of each object, what is the direct distance between the keyboard and the door (in meters)?
Please answer the question using a single word or phrase.",0.3546262933516822,0.0,3.245373706648318,0.487875334737316,0.0,3.112124665262684,0.524968135952338,0.0,3.075031864047662,0.7125165881998076,0.0,2.8874834118001926,0.945316940727851,0.0,2.6546830592721493,1.3873648068952782,0.0,2.212635193104722,1.62046632638038,0.0,1.97953367361962
2637,0.4,<1m,0.4,p75,p75,p75,0.1278270339581764,6.500073142477542,0.5224017030233795,0.12557075456837802,0.20400796847540226,"<image>These are frames of a video.
Measuring from the closest point of each object, what is the direct distance between the microwave and the bowl (in meters)?
Please answer the question using a single word or phrase.",0.0014091961420469405,0.0,0.3985908038579531,0.09498086470683922,0.0,0.3050191352931608,0.11227551024313318,0.0,0.2877244897568668,0.1466022114734456,0.0,0.2533977885265544,0.20400796847540226,0.1,0.19599203152459777,0.2721729660418236,0.4,0.1278270339581764,0.6173825677302187,0.0,0.2173825677302187
2638,1.2,1-3m,1.0,p75,p75,p75,0.03361037556206958,2.2173827079720385,0.7337631164903283,0.4528916196031345,0.8746664218884511,"<image>These are frames of a video.
Measuring from the closest point of each object, what is the direct distance between the guitar and the bed (in meters)?
Please answer the question using a single word or phrase.",0.38715148846607006,0.0,0.8128485115339299,0.6027382446664272,0.1,0.5972617553335727,0.6360636335738243,0.1,0.5639363664261756,0.7134980048347959,0.2,0.4865019951652041,0.8746664218884511,0.5,0.32533357811154884,1.1663896244379304,1.0,0.03361037556206958,1.3365013611567556,0.8,0.1365013611567556
2639,2.4,1-3m,0.7,p90,p90,p90,0.4019219518050048,12.368575197940272,1.8365333256850223,1.0671631460990776,1.0778855116962416,"<image>These are frames of a video.
Measuring from the closest point of each object, what is the direct distance between the plant and the chair (in meters)?
Please answer the question using a single word or phrase.",0.0662292741280295,0.0,2.3337707258719704,0.16154472250997295,0.0,2.238455277490027,0.2220253801396176,0.0,2.1779746198603824,0.7077239751606913,0.0,1.6922760248393085,1.0778855116962416,0.0,1.3221144883037583,1.7748871212597688,0.5,0.6251128787402311,1.9980780481949951,0.7,0.4019219518050048
2641,1.1,1-3m,0.5,p90,p90,p90,0.30727118073701853,6.155584937405503,0.6639467737995481,0.2899643000277925,0.5671569383575468,"<image>These are frames of a video.
Measuring from the closest point of each object, what is the direct distance between the stool and the table (in meters)?
Please answer the question using a single word or phrase.",0.01543651763909826,0.0,1.0845634823609018,0.12878204546343344,0.0,0.9712179545365667,0.17269598830044958,0.0,0.9273040116995506,0.4237353992516457,0.0,0.6762646007483544,0.5671569383575468,0.1,0.5328430616424533,0.7136996992794382,0.3,0.3863003007205619,0.7927288192629816,0.5,0.30727118073701853
2642,3.0,>=3m,0.0,min|p05|p10|p25|median|p75|p90,p90,p90,1.5121481847309457,1.1134372802991819,0.1515827307012494,0.07491290686207819,1.38597539652127,"<image>These are frames of a video.
Measuring from the closest point of each object, what is the direct distance between the nightstand and the tv (in meters)?
Please answer the question using a single word or phrase.",1.258400995795103,0.0,1.741599004204897,1.336269084567805,0.0,1.663730915432195,1.3438633003214238,0.0,1.6561366996785762,1.3606374782101964,0.0,1.6393625217898036,1.38597539652127,0.0,1.61402460347873,1.4355503850722746,0.0,1.5644496149277254,1.4878518152690543,0.0,1.5121481847309457
2643,2.9,1-3m,0.2,p90,p90,p90,1.2995224405603314,1.1214294493460066,0.17330123517510398,0.09789203834830817,1.548379429638163,"<image>These are frames of a video.
Measuring from the closest point of each object, what is the direct distance between the telephone and the backpack (in meters)?
Please answer the question using a single word or phrase.",1.3471902212983695,0.0,1.5528097787016304,1.4271763242645645,0.0,1.4728236757354354,1.4444714116886288,0.0,1.455528588311371,1.4828728894141217,0.1,1.4171271105858783,1.548379429638163,0.1,1.351620570361837,1.5807649277624298,0.1,1.31923507223757,1.6004775594396685,0.2,1.2995224405603314
2644,1.7,1-3m,0.8,p75,p75,p75,0.18473459510138945,4.55665081966184,1.8659520857495149,1.1089777181484874,1.0543267780612244,"<image>These are frames of a video.
Measuring from the closest point of each object, what is the direct distance between the table and the whiteboard (in meters)?
Please answer the question using a single word or phrase.",0.1877021074998392,0.0,1.5122978925001607,0.5246374132186882,0.0,1.1753625867813118,0.6160579483081149,0.0,1.083942051691885,0.775756876952902,0.0,0.924243123047098,1.0543267780612244,0.3,0.6456732219387755,1.8847345951013894,0.8,0.18473459510138945,2.390589498968203,0.2,0.6905894989682031
2645,1.1,1-3m,1.0,p75,p75,p75,0.02748659076602311,2.258249780460235,0.6806788732408899,0.27903096825735274,0.9498627368623911,"<image>These are frames of a video.
Measuring from the closest point of each object, what is the direct distance between the whiteboard and the cushion (in meters)?
Please answer the question using a single word or phrase.",0.35572285546238747,0.0,0.7442771445376126,0.5409727733009542,0.0,0.5590272266990459,0.6102816126502446,0.2,0.4897183873497555,0.7934824409766242,0.5,0.30651755902337585,0.9498627368623911,0.8,0.150137263137609,1.072513409233977,1.0,0.02748659076602311,1.221651646541844,0.8,0.12165164654184402
2646,5.3,>=3m,0.0,min|p05|p10|p25|median|p75|p90,p90,p90,4.198485159051525,1.2502375340012553,0.22047039060055496,0.12472466617601718,0.9801841013381436,"<image>These are frames of a video.
Measuring from the closest point of each object, what is the direct distance between the dishwasher and the tv (in meters)?
Please answer the question using a single word or phrase.",0.7875394974903629,0.0,4.5124605025096365,0.88104445034792,0.0,4.41895554965208,0.8994499866568622,0.0,4.400550013343137,0.9331811466365915,0.0,4.366818853363409,0.9801841013381436,0.0,4.319815898661856,1.0579058128126086,0.0,4.242094187187391,1.101514840948475,0.0,4.198485159051525
2647,0.7,<1m,0.8,p25,p25,p25,0.09063855320690817,4.1044381484307015,1.4509310929111674,1.258805857759301,1.3998750299034102,"<image>These are frames of a video.
Measuring from the closest point of each object, what is the direct distance between the door and the slippers (in meters)?
Please answer the question using a single word or phrase.",0.34963923794677926,0.0,0.3503607620532207,0.4673731681994101,0.4,0.23262683180058985,0.5106486381125138,0.5,0.18935136188748614,0.6093614467930918,0.8,0.09063855320690817,1.3998750299034102,0.0,0.6998750299034102,1.8681673045523928,0.0,1.1681673045523928,1.9183042611105776,0.0,1.2183042611105777
2648,2.4,1-3m,0.3,p90,p90,p90,0.8975797715556295,4.988911992921335,1.2012683479188924,0.9487488284476648,0.594101414135999,"<image>These are frames of a video.
Measuring from the closest point of each object, what is the direct distance between the lamp and the chair (in meters)?
Please answer the question using a single word or phrase.",0.07620597422173217,0.0,2.323794025778268,0.30115188052547803,0.0,2.098848119474522,0.33106226520198734,0.0,2.0689377347980127,0.40829438211685565,0.0,1.9917056178831443,0.594101414135999,0.0,1.8058985858640009,1.3570432105645205,0.2,1.0429567894354794,1.5024202284443704,0.3,0.8975797715556295
2649,1.8,1-3m,0.8,p90,p90,p90,0.22472398975914376,2.0336337100489255,1.0291051721941886,0.24744596611723146,1.1527762207105843,"<image>These are frames of a video.
Measuring from the closest point of each object, what is the direct distance between the ceiling light and the headphones (in meters)?
Please answer the question using a single word or phrase.",0.9714335728017656,0.1,0.8285664271982345,0.9956188175649551,0.2,0.804381182435045,1.0041762909451568,0.2,0.7958237090548432,1.0258062792014309,0.2,0.7741937207985692,1.1527762207105843,0.3,0.6472237792894158,1.2732522453186623,0.5,0.5267477546813377,2.024723989759144,0.8,0.22472398975914376
2650,0.5,<1m,1.0,p10,p10,p10,0.008099674448240557,3.765012216152393,1.2537276171994067,0.7827178363086683,0.861257377795436,"<image>These are frames of a video.
Measuring from the closest point of each object, what is the direct distance between the door and the sofa (in meters)?
Please answer the question using a single word or phrase.",0.22070729895733113,0.0,0.2792927010426689,0.4534257063587266,0.9,0.04657429364127341,0.5080996744482406,1.0,0.008099674448240557,0.6256309949319091,0.5,0.1256309949319091,0.861257377795436,0.0,0.361257377795436,1.4083488312405774,0.0,0.9083488312405774,1.7071533235581333,0.0,1.2071533235581333
2651,5.1,>=3m,0.0,min|p05|p10|p25|median|p75|p90,p90,p90,3.0366192203737987,4.1468343468440585,1.5658010339591155,1.265303629545698,1.2360271285374624,"<image>These are frames of a video.
Measuring from the closest point of each object, what is the direct distance between the radiator and the mirror (in meters)?
Please answer the question using a single word or phrase.",0.2448170924246344,0.0,4.855182907575365,0.4975797456670854,0.0,4.602420254332914,0.5370456635842457,0.0,4.562954336415754,0.679338047807529,0.0,4.420661952192471,1.2360271285374624,0.0,3.863972871462537,1.9446416773532271,0.0,3.1553583226467725,2.063380779626201,0.0,3.0366192203737987
2652,1.6,1-3m,0.5,p90,p90,p90,0.41902632550102203,1.506053359171199,0.3968223910750738,0.2260780251300205,0.9834806960142946,"<image>These are frames of a video.
Measuring from the closest point of each object, what is the direct distance between the ceiling light and the suitcase (in meters)?
Please answer the question using a single word or phrase.",0.5551636486050103,0.0,1.0448363513949896,0.7841512834239043,0.0,0.8158487165760958,0.8244744707709666,0.1,0.7755255292290335,0.8661102293504785,0.1,0.7338897706495215,0.9834806960142946,0.3,0.6165193039857055,1.092188254480499,0.4,0.507811745519501,1.180973674498978,0.5,0.41902632550102203
2653,2.1,1-3m,0.3,p90,p90,p90,0.8146121018962902,6.491725097811164,1.087383842365566,0.2332789860652701,1.048045811718362,"<image>These are frames of a video.
Measuring from the closest point of each object, what is the direct distance between the door and the refrigerator (in meters)?
Please answer the question using a single word or phrase.",0.019996493882453323,0.0,2.0800035061175466,0.19800405573814397,0.0,1.9019959442618561,0.25545619275983616,0.0,1.8445438072401639,0.9414739165644864,0.0,1.1585260834355138,1.048045811718362,0.0,1.0519541882816381,1.1747529026297565,0.2,0.9252470973702436,1.28538789810371,0.3,0.8146121018962902
2654,1.9,1-3m,0.8,p90,p90,p90,0.28377808735447907,2.481223227977339,0.9648408138303837,0.5190897554005852,1.0433473300341465,"<image>These are frames of a video.
Measuring from the closest point of each object, what is the direct distance between the chair and the coat hanger (in meters)?
Please answer the question using a single word or phrase.",0.4095050577067216,0.0,1.4904949422932783,0.6513810988151372,0.0,1.2486189011848627,0.6870610977224335,0.0,1.2129389022775663,0.7743617133333539,0.0,1.125638286666646,1.0433473300341465,0.1,0.8566526699658534,1.2934514687339391,0.4,0.6065485312660608,1.6162219126455208,0.8,0.28377808735447907
2655,2.4,1-3m,0.0,min|p05|p10|p25|median|p75|p90,p90,p90,1.2438155739257988,2.499878053526848,0.6936880957259881,0.5375644702527705,0.8360208835020893,"<image>These are frames of a video.
Measuring from the closest point of each object, what is the direct distance between the heater and the monitor (in meters)?
Please answer the question using a single word or phrase.",0.3000710476303464,0.0,2.0999289523696536,0.4624963303482131,0.0,1.9375036696517869,0.5009733212586212,0.0,1.8990266787413788,0.5707191038948035,0.0,1.8292808961051965,0.8360208835020893,0.0,1.5639791164979107,1.108283574147574,0.0,1.2917164258524259,1.1561844260742011,0.0,1.2438155739257988
2656,0.7,<1m,0.9,p05|p10,p05,p05,0.0478230023347882,3.9400446259938047,1.91742947718238,1.2657005256067606,1.2865694705775943,"<image>These are frames of a video.
Measuring from the closest point of each object, what is the direct distance between the toilet and the bathtub (in meters)?
Please answer the question using a single word or phrase.",0.00432160341009371,0.0,0.6956783965899063,0.6521769976652118,0.9,0.0478230023347882,0.762369958246242,0.9,0.06236995824624203,1.0472831017247302,0.1,0.3472831017247302,1.2865694705775943,0.0,0.5865694705775943,2.3129836273314908,0.0,1.6129836273314908,2.5696064748475917,0.0,1.8696064748475918
2657,1.7,1-3m,0.5,p90,p90,p90,0.46583555365501206,1.4953300304192583,0.4088185887492872,0.17440485804310268,1.0917140166389556,"<image>These are frames of a video.
Measuring from the closest point of each object, what is the direct distance between the backpack and the bed (in meters)?
Please answer the question using a single word or phrase.",0.7486351041161327,0.0,0.9513648958838673,0.8253458575957007,0.0,0.8746541424042993,0.8684166080831388,0.1,0.8315833919168611,0.9988061794006186,0.2,0.7011938205993814,1.0917140166389556,0.3,0.6082859833610443,1.1732110374437212,0.4,0.5267889625562787,1.234164446344988,0.5,0.46583555365501206
2658,7.4,>=3m,0.0,min|p05|p10|p25|median|p75|p90,p90,p90,6.208979786944282,3.9428181847544765,0.8889468844754189,0.44147939687997156,0.6922660864579175,"<image>These are frames of a video.
Measuring from the closest point of each object, what is the direct distance between the chair and the refrigerator (in meters)?
Please answer the question using a single word or phrase.",0.15914592438540223,0.0,7.240854075614598,0.3020733285802993,0.0,7.097926671419701,0.3303257220271002,0.0,7.0696742779729,0.4477473311098003,0.0,6.9522526688902,0.6922660864579175,0.0,6.707733913542083,0.8892267279897719,0.0,6.510773272010228,1.1910202130557181,0.0,6.208979786944282
2659,0.7,<1m,1.0,median,median,median,0.03124749907811486,11.887207297151793,1.406204276758279,0.5662719522853946,0.6687525009218851,"<image>These are frames of a video.
Measuring from the closest point of each object, what is the direct distance between the tv and the desk (in meters)?
Please answer the question using a single word or phrase.",0.003952333918320429,0.0,0.6960476660816796,0.12916115569197958,0.0,0.5708388443080203,0.17373172433880776,0.0,0.5262682756611922,0.32800771196342804,0.0,0.3719922880365719,0.6687525009218851,1.0,0.03124749907811486,0.8942796642488227,0.5,0.1942796642488227,1.5353654324502586,0.0,0.8353654324502586
2660,0.7,<1m,0.7,median,median,median,0.13003063014498562,3.671678409387903,1.2751406796183686,0.40639672793526016,0.5699693698550143,"<image>These are frames of a video.
Measuring from the closest point of each object, what is the direct distance between the trash bin and the telephone (in meters)?
Please answer the question using a single word or phrase.",0.4142359630966067,0.2,0.28576403690339325,0.47728075173183393,0.4,0.22271924826816603,0.49234614306479474,0.5,0.20765385693520522,0.5224460556234972,0.5,0.17755394437650274,0.5699693698550143,0.7,0.13003063014498562,0.9288427835587574,0.4,0.22884278355875742,1.7524214313502027,0.0,1.0524214313502027
2661,1.9,1-3m,0.5,p90,p90,p90,0.49342247587856325,4.805651259118597,1.113885140034578,0.4154244011534262,0.6167359195519577,"<image>These are frames of a video.
Measuring from the closest point of each object, what is the direct distance between the plant and the table (in meters)?
Please answer the question using a single word or phrase.",0.00770983178682917,0.0,1.8922901682131708,0.2926923840868587,0.0,1.6073076159131412,0.35365381654371014,0.0,1.5463461834562897,0.463310513725456,0.0,1.4366894862745438,0.6167359195519577,0.0,1.2832640804480422,0.8787349148788822,0.0,1.0212650851211178,1.4065775241214367,0.5,0.49342247587856325
2662,1.5,1-3m,0.9,median,median,median,0.13892827270824792,1.9798899358040372,0.95442650266148,0.4789786146303714,1.638928272708248,"<image>These are frames of a video.
Measuring from the closest point of each object, what is the direct distance between the trash bin and the refrigerator (in meters)?
Please answer the question using a single word or phrase.",0.7236150808136415,0.0,0.7763849191863585,0.9740139864568937,0.3,0.5259860135431063,1.0612135490003152,0.5,0.43878645099968483,1.322595280326759,0.8,0.1774047196732409,1.638928272708248,0.9,0.13892827270824792,1.8015738949571305,0.6,0.3015738949571305,1.9284404891183737,0.5,0.42844048911837374
2663,1.3,1-3m,0.7,p90,p90,p90,0.20456650420261857,11.177151023424996,1.3699555911846806,0.5036347217345826,0.6656344530312914,"<image>These are frames of a video.
Measuring from the closest point of each object, what is the direct distance between the table and the bed (in meters)?
Please answer the question using a single word or phrase.",0.042029003440528644,0.0,1.2579709965594714,0.13461091301793798,0.0,1.165389086982062,0.17655340743645476,0.0,1.1234465925635453,0.3044713919735881,0.0,0.995528608026412,0.6656344530312914,0.1,0.6343655469687086,0.8081061137081706,0.3,0.4918938862918294,1.5045665042026186,0.7,0.20456650420261857
2664,2.5,1-3m,0.1,p90,p90,p90,1.2160071053178403,3.742799350960087,0.94093606093744,0.37425484537797327,0.9111659885900989,"<image>These are frames of a video.
Measuring from the closest point of each object, what is the direct distance between the monitor and the telephone (in meters)?
Please answer the question using a single word or phrase.",0.29576339764263054,0.0,2.2042366023573696,0.3430568337447198,0.0,2.1569431662552803,0.36734808856861045,0.0,2.1326519114313895,0.6388334576013985,0.0,1.8611665423986015,0.9111659885900989,0.0,1.588834011409901,1.0130883029793718,0.0,1.4869116970206282,1.2839928946821597,0.1,1.2160071053178403
2665,1.9,1-3m,0.9,p90,p90,p90,0.10006982198266479,5.722104701297207,1.4853728128560004,0.8418047164905222,0.7382220320904909,"<image>These are frames of a video.
Measuring from the closest point of each object, what is the direct distance between the mirror and the door (in meters)?
Please answer the question using a single word or phrase.",0.0,0.0,1.9,0.31455736516133465,0.0,1.5854426348386652,0.3700671744169634,0.0,1.5299328255830364,0.4864197003514578,0.0,1.413580299648542,0.7382220320904909,0.0,1.161777967909509,1.3282244168419801,0.4,0.5717755831580198,1.7999301780173351,0.9,0.10006982198266479
2666,2.7,1-3m,0.1,p75|p90,p90,p90,1.2542784703224505,1.1686004766235738,0.20858226899997478,0.10067482166844366,1.3323313569922663,"<image>These are frames of a video.
Measuring from the closest point of each object, what is the direct distance between the table lamp and the heater (in meters)?
Please answer the question using a single word or phrase.",1.1659808699081555,0.0,1.5340191300918447,1.2371392606775748,0.0,1.4628607393224253,1.2441421811800646,0.0,1.4558578188199356,1.2740453455193363,0.0,1.4259546544806638,1.3323313569922663,0.0,1.3676686430077338,1.37472016718778,0.1,1.3252798328122202,1.4457215296775496,0.1,1.2542784703224505
2667,2.5,1-3m,0.4,p75|p90,p90,p90,0.765944691713563,4.0473008913769135,1.3056079665083706,0.5300116692540813,1.4659966556500308,"<image>These are frames of a video.
Measuring from the closest point of each object, what is the direct distance between the sofa and the chair (in meters)?
Please answer the question using a single word or phrase.",0.19984459898552848,0.0,2.3001554010144716,0.4284473417780663,0.0,2.0715526582219335,0.500574344180163,0.0,1.999425655819837,1.0961087562127585,0.0,1.4038912437872415,1.4659966556500308,0.2,1.0340033443499692,1.6261204254668398,0.4,0.8738795745331602,1.734055308286437,0.4,0.765944691713563
2668,0.9,<1m,1.0,p75,p75,p75,0.03164691809772113,7.342452449731059,0.8594135707071462,0.5969689922292782,0.5278853590495902,"<image>These are frames of a video.
Measuring from the closest point of each object, what is the direct distance between the whiteboard and the computer tower (in meters)?
Please answer the question using a single word or phrase.",0.017120538059420765,0.0,0.8828794619405793,0.1355017759326817,0.0,0.7644982240673184,0.1855536091645288,0.0,0.7144463908354712,0.33467792586844286,0.0,0.5653220741315572,0.5278853590495902,0.2,0.3721146409504098,0.9316469180977212,1.0,0.03164691809772113,0.9949153466398278,0.8,0.09491534663982781
2669,1.4,1-3m,0.7,p90,p90,p90,0.26885245532999424,4.8479725915641865,0.897823712221307,0.2789161407380233,0.5006810888923605,"<image>These are frames of a video.
Measuring from the closest point of each object, what is the direct distance between the tv and the fireplace (in meters)?
Please answer the question using a single word or phrase.",0.07717974635507735,0.0,1.3228202536449225,0.23332383244869867,0.0,1.1666761675513013,0.27720758949913643,0.0,1.1227924105008635,0.3546481107977213,0.0,1.0453518892022786,0.5006810888923605,0.0,0.8993189111076394,0.6335642515357446,0.0,0.7664357484642553,1.1311475446700057,0.7,0.26885245532999424
2670,1.4,1-3m,1.0,p75,p75,p75,0.014819047049035028,4.316501191010916,1.2398631409644152,0.8509955023400506,0.9516433345228807,"<image>These are frames of a video.
Measuring from the closest point of each object, what is the direct distance between the trash bin and the backpack (in meters)?
Please answer the question using a single word or phrase.",0.3007650096674562,0.0,1.0992349903325438,0.37384673472301316,0.0,1.0261532652769867,0.40542172342315347,0.0,0.9945782765768465,0.5341854506109143,0.0,0.8658145493890856,0.9516433345228807,0.4,0.44835666547711917,1.3851809529509649,1.0,0.014819047049035028,1.6137098756874284,0.7,0.2137098756874285
2671,5.0,>=3m,0.0,min|p05|p10|p25|median|p75|p90,p90,p90,2.697141426836723,1.80156803307457,1.0246062224967298,0.46590037013511854,1.5757740185954419,"<image>These are frames of a video.
Measuring from the closest point of each object, what is the direct distance between the table and the door (in meters)?
Please answer the question using a single word or phrase.",1.123220469101635,0.0,3.8767795308983652,1.278252350666547,0.0,3.721747649333453,1.3416556213628665,0.0,3.6583443786371337,1.4892029946575613,0.0,3.5107970053424387,1.5757740185954419,0.0,3.4242259814045584,1.9551033647926799,0.0,3.04489663520732,2.302858573163277,0.0,2.697141426836723
2672,2.6,1-3m,0.2,p90,p90,p90,1.1016485796587037,2.5812457691408173,0.9178753423737066,0.49777723549644115,1.3056014036040482,"<image>These are frames of a video.
Measuring from the closest point of each object, what is the direct distance between the trash bin and the window (in meters)?
Please answer the question using a single word or phrase.",0.1809024948694458,0.0,2.419097505130554,0.5804760779675898,0.0,2.0195239220324104,0.687593160173936,0.0,1.912406839826064,0.8873180678606221,0.0,1.712681932139378,1.3056014036040482,0.1,1.294398596395952,1.3850953033570632,0.1,1.2149046966429369,1.4983514203412964,0.2,1.1016485796587037
2673,2.1,1-3m,0.0,min|p05|p10|p25|median|p75|p90,p90,p90,1.0904012591836938,2.489679716255425,0.6040852387282618,0.10406813068521326,0.9211326552526526,"<image>These are frames of a video.
Measuring from the closest point of each object, what is the direct distance between the heater and the printer (in meters)?
Please answer the question using a single word or phrase.",0.06319424674645327,0.0,2.036805753253547,0.4055135020880445,0.0,1.6944864979119556,0.6557351480802902,0.0,1.4442648519197099,0.8689509254710561,0.0,1.231049074528944,0.9211326552526526,0.0,1.1788673447473474,0.9730190561562694,0.0,1.1269809438437308,1.0095987408163063,0.0,1.0904012591836938
2674,1.5,1-3m,0.6,p90,p90,p90,0.35897922390373127,2.3931533822822466,0.6642352994344567,0.23078811306222513,0.9340053783973129,"<image>These are frames of a video.
Measuring from the closest point of each object, what is the direct distance between the chair and the ceiling light (in meters)?
Please answer the question using a single word or phrase.",0.33237325660310074,0.0,1.1676267433968992,0.4767854766618121,0.0,1.023214523338188,0.6439558738817753,0.0,0.8560441261182247,0.8066205799407711,0.1,0.6933794200592289,0.9340053783973129,0.3,0.5659946216026871,1.0374086930029962,0.4,0.4625913069970038,1.1410207760962687,0.6,0.35897922390373127
2675,3.3,>=3m,0.5,p90,p90,p90,0.8812672810392383,6.260964907766563,2.0324132371249206,1.1154676764313636,1.2348605080043764,"<image>These are frames of a video.
Measuring from the closest point of each object, what is the direct distance between the mirror and the bookshelf (in meters)?
Please answer the question using a single word or phrase.",0.08017430005088899,0.0,3.219825699949111,0.3863194818358408,0.0,2.913680518164159,0.49356248366329974,0.0,2.8064375163367,0.7074972586113972,0.0,2.5925027413886026,1.2348605080043764,0.0,2.065139491995623,1.8229649350427608,0.2,1.477035064957239,2.4187327189607615,0.5,0.8812672810392383
2676,3.2,>=3m,0.0,min|p05|p10|p25|median|p75|p90,p90,p90,1.891743358108882,5.1567195918895665,1.0545572466498623,0.5823728688668905,0.9145984156280497,"<image>These are frames of a video.
Measuring from the closest point of each object, what is the direct distance between the tv and the door (in meters)?
Please answer the question using a single word or phrase.",0.002117265594554355,0.0,3.1978827344054457,0.25369939524125573,0.0,2.9463006047587443,0.3245430760899193,0.0,2.8754569239100807,0.5410637656213355,0.0,2.6589362343786647,0.9145984156280497,0.0,2.2854015843719506,1.123436634488226,0.0,2.076563365511774,1.3082566418911181,0.0,1.891743358108882
2677,2.1,1-3m,0.0,min|p05|p10|p25|median|p75|p90,p90,p90,1.2908150637853892,2.190724536306199,0.4398162991248081,0.30072139261219644,0.459470594034593,"<image>These are frames of a video.
Measuring from the closest point of each object, what is the direct distance between the ceiling light and the keyboard (in meters)?
Please answer the question using a single word or phrase.",0.2287001140970618,0.0,1.8712998859029382,0.3693686370898028,0.0,1.7306313629101973,0.3862435442286932,0.0,1.713756455771307,0.41590066502183476,0.0,1.6840993349781654,0.459470594034593,0.0,1.640529405965407,0.7166220576340312,0.0,1.383377942365969,0.8091849362146109,0.0,1.2908150637853892
2678,2.2,1-3m,0.1,p90,p90,p90,1.0995438977515744,1.3752156670042948,0.300249902848729,0.13102459721478021,0.9429659343541902,"<image>These are frames of a video.
Measuring from the closest point of each object, what is the direct distance between the chair and the tv (in meters)?
Please answer the question using a single word or phrase.",0.15435075167817677,0.0,2.0456492483218236,0.8002061993996968,0.0,1.3997938006003032,0.8336669872652038,0.0,1.3663330127347963,0.8910083367555145,0.0,1.3089916632444858,0.9429659343541902,0.0,1.25703406564581,1.0220329339702947,0.0,1.1779670660297055,1.1004561022484258,0.1,1.0995438977515744
2679,4.8,>=3m,0.0,min|p05|p10|p25|median|p75|p90,p90,p90,3.60359609785279,4.264964844783074,0.9158848484882667,0.6301302624204391,0.8024351446321094,"<image>These are frames of a video.
Measuring from the closest point of each object, what is the direct distance between the tv and the stove (in meters)?
Please answer the question using a single word or phrase.",0.18071404717096104,0.0,4.619285952829038,0.2805190536589433,0.0,4.519480946341057,0.3416232926408417,0.0,4.458376707359158,0.5010325390048277,0.0,4.298967460995172,0.8024351446321094,0.0,3.9975648553678904,1.1311628014252668,0.0,3.668837198574733,1.19640390214721,0.0,3.60359609785279
2680,3.9,>=3m,0.0,min|p05|p10|p25|median|p75|p90,p90,p90,2.356867010308096,3.8271235145890654,1.1399233770913564,0.6880044174080686,0.8568423801115868,"<image>These are frames of a video.
Measuring from the closest point of each object, what is the direct distance between the backpack and the counter (in meters)?
Please answer the question using a single word or phrase.",0.003296729255835404,0.0,3.8967032707441644,0.40320961260054783,0.0,3.496790387399452,0.5332433029207346,0.0,3.366756697079265,0.6887111474110073,0.0,3.211288852588993,0.8568423801115868,0.0,3.0431576198884134,1.3767155648190759,0.0,2.523284435180924,1.5431329896919042,0.0,2.356867010308096
2681,1.4,1-3m,0.6,p75|p90,p75,p75,0.2801632715560436,11.486387173196546,1.5340726727121998,0.6141935309188673,0.8478497517149507,"<image>These are frames of a video.
Measuring from the closest point of each object, what is the direct distance between the basket and the heater (in meters)?
Please answer the question using a single word or phrase.",0.002633561840412455,0.0,1.3973664381595874,0.1462918207553242,0.0,1.2537081792446756,0.3283091515868428,0.0,1.071690848413157,0.505643197525089,0.0,0.8943568024749109,0.8478497517149507,0.3,0.5521502482850492,1.1198367284439563,0.6,0.2801632715560436,1.6803644934675241,0.6,0.28036449346752423
2682,7.4,>=3m,0.0,min|p05|p10|p25|median|p75|p90,p90,p90,6.344850447832172,7.703671438707474,0.918182450109688,0.3998005090136254,0.5659532429348291,"<image>These are frames of a video.
Measuring from the closest point of each object, what is the direct distance between the bed and the stool (in meters)?
Please answer the question using a single word or phrase.",0.012277123465915718,0.0,7.3877228765340845,0.13696710205814047,0.0,7.2630328979418595,0.1888241790034319,0.0,7.211175820996568,0.3245346527015489,0.0,7.075465347298452,0.5659532429348291,0.0,6.834046757065171,0.7243351617151743,0.0,6.675664838284826,1.0551495521678285,0.0,6.344850447832172
2683,3.8,>=3m,0.0,min|p05|p10|p25|median|p75|p90,p90,p90,2.407972843107132,20.603980846949362,1.3244660789034668,0.6223509682337358,0.8220861989844478,"<image>These are frames of a video.
Measuring from the closest point of each object, what is the direct distance between the trash can and the bowl (in meters)?
Please answer the question using a single word or phrase.",0.0017017377300483343,0.0,3.7982982622699515,0.06756107798940088,0.0,3.732438922010599,0.12209665989089429,0.0,3.6779033401091055,0.2667434693016597,0.0,3.53325653069834,0.8220861989844478,0.0,2.977913801015552,0.8890944375353955,0.0,2.9109055624646043,1.3920271568928677,0.0,2.407972843107132
2684,0.4,<1m,0.6,p25,p25,p25,0.09744645007023123,7.256549748128642,1.146079198007124,0.8479781731316479,0.9473336528763507,"<image>These are frames of a video.
Measuring from the closest point of each object, what is the direct distance between the tv and the chair (in meters)?
Please answer the question using a single word or phrase.",0.07562044277215357,0.0,0.32437955722784645,0.18318070568365905,0.0,0.21681929431634098,0.21326866033174355,0.1,0.18673133966825647,0.3025535499297688,0.6,0.09744645007023123,0.9473336528763507,0.0,0.5473336528763507,1.1505317230614167,0.0,0.7505317230614167,1.329259903690783,0.0,0.929259903690783
2685,2.4,1-3m,0.0,min|p05|p10|p25|median|p75|p90,p90,p90,1.542624207306483,1.2954310747572901,0.19552985630963526,0.0969185506396324,0.7592222611360082,"<image>These are frames of a video.
Measuring from the closest point of each object, what is the direct distance between the microwave and the chair (in meters)?
Please answer the question using a single word or phrase.",0.5312471040228708,0.0,1.8687528959771291,0.6618459363838817,0.0,1.7381540636161183,0.6805975536922304,0.0,1.7194024463077695,0.715822063059921,0.0,1.684177936940079,0.7592222611360082,0.0,1.6407777388639917,0.8127406136995534,0.0,1.5872593863004465,0.8573757926935169,0.0,1.542624207306483
2686,3.8,>=3m,0.0,min|p05|p10|p25|median|p75|p90,p90,p90,2.6141390272202027,3.3912366547195507,0.836177039301004,0.5599250406876052,1.0230339447730274,"<image>These are frames of a video.
Measuring from the closest point of each object, what is the direct distance between the heater and the shoes (in meters)?
Please answer the question using a single word or phrase.",0.23810519483821485,0.0,3.561894805161785,0.3496839334787934,0.0,3.4503160665212063,0.48155236758518366,0.0,3.318447632414816,0.562863910620821,0.0,3.2371360893791787,1.0230339447730274,0.0,2.776966055226972,1.1227889513084262,0.0,2.6772110486915737,1.1858609727797973,0.0,2.6141390272202027
2687,1.9,1-3m,0.9,p90,p90,p90,0.1076620903003338,2.8634206291895326,1.1663949757734784,0.3088765790801328,0.941224456206774,"<image>These are frames of a video.
Measuring from the closest point of each object, what is the direct distance between the tv and the bed (in meters)?
Please answer the question using a single word or phrase.",0.47187288346884926,0.0,1.4281271165311507,0.6259429339261876,0.0,1.2740570660738122,0.6872355370417932,0.0,1.2127644629582068,0.8104520458950969,0.0,1.0895479541049031,0.941224456206774,0.0,0.9587755437932259,1.1193286249752297,0.2,0.7806713750247702,1.792337909699666,0.9,0.1076620903003338
2688,1.7,1-3m,0.5,p90,p90,p90,0.47117241134574117,4.034744915569184,0.9242661815842639,0.5036704764791609,0.7524669369340515,"<image>These are frames of a video.
Measuring from the closest point of each object, what is the direct distance between the bed and the bookshelf (in meters)?
Please answer the question using a single word or phrase.",0.010401353112514193,0.0,1.6895986468874857,0.30456140706999496,0.0,1.395438592930005,0.37909820624635937,0.0,1.3209017937536407,0.5376250832870815,0.0,1.1623749167129185,0.7524669369340515,0.0,0.9475330630659484,1.0412955597662423,0.3,0.6587044402337576,1.2288275886542588,0.5,0.47117241134574117
2689,2.1,1-3m,0.7,p90,p90,p90,0.378888910081673,2.76304107017319,1.0982064546968004,0.3649678326361958,1.3768590423020548,"<image>These are frames of a video.
Measuring from the closest point of each object, what is the direct distance between the door and the sofa (in meters)?
Please answer the question using a single word or phrase.",0.2883092420075047,0.0,1.8116907579924955,0.6229046352215265,0.0,1.4770953647784735,0.7966307691489475,0.0,1.3033692308510525,1.2233042191211305,0.2,0.8766957808788696,1.3768590423020548,0.4,0.7231409576979453,1.5882720517573263,0.6,0.5117279482426738,1.721111089918327,0.7,0.378888910081673
2690,2.5,1-3m,0.1,p90,p90,p90,1.1453070728416415,3.6809187426169303,0.9866617311762254,0.5478425900965491,0.952178320950946,"<image>These are frames of a video.
Measuring from the closest point of each object, what is the direct distance between the table and the blanket (in meters)?
Please answer the question using a single word or phrase.",0.0024904728845276925,0.0,2.497509527115472,0.36803119598213313,0.0,2.131968804017867,0.44839816530569654,0.0,2.0516018346943037,0.6069411765845558,0.0,1.8930588234154442,0.952178320950946,0.0,1.547821679049054,1.154783766681105,0.0,1.345216233318895,1.3546929271583585,0.1,1.1453070728416415
2691,0.8,<1m,0.8,p25,p25,p25,0.10278198598652544,5.441401632044421,1.5785922081346866,0.9837564903492569,1.355460118766994,"<image>These are frames of a video.
Measuring from the closest point of each object, what is the direct distance between the refrigerator and the stool (in meters)?
Please answer the question using a single word or phrase.",0.060250538828971904,0.0,0.7397494611710281,0.35542658352382445,0.0,0.4445734164761756,0.4883109479687846,0.3,0.31168905203121544,0.6972180140134746,0.8,0.10278198598652544,1.355460118766994,0.0,0.5554601187669939,1.6809745043627315,0.0,0.8809745043627315,1.934018791658511,0.0,1.134018791658511
2692,1.1,1-3m,1.0,p90,p90,p90,0.03612007785736915,1.4902047648146843,0.3499646621314132,0.16752085302921582,0.9047392472559843,"<image>These are frames of a video.
Measuring from the closest point of each object, what is the direct distance between the monitor and the heater (in meters)?
Please answer the question using a single word or phrase.",0.58792575261076,0.1,0.5120742473892401,0.7139152600112177,0.3,0.38608473998878234,0.7504360352808022,0.4,0.34956396471919793,0.8216916890308492,0.5,0.2783083109691509,0.9047392472559843,0.7,0.19526075274401578,0.989212542060065,0.8,0.11078745793993505,1.063879922142631,1.0,0.03612007785736915
2693,4.5,>=3m,0.0,min|p05|p10|p25|median|p75|p90,p90,p90,2.6234673138712212,9.566915471621462,1.680384544996438,1.3320677391075164,1.2940152045851754,"<image>These are frames of a video.
Measuring from the closest point of each object, what is the direct distance between the trash can and the telephone (in meters)?
Please answer the question using a single word or phrase.",0.13220318921070848,0.0,4.367796810789292,0.19614814113234053,0.0,4.3038518588676595,0.21492776825375198,0.0,4.285072231746248,0.4968734734487818,0.0,4.003126526551219,1.2940152045851754,0.0,3.2059847954148246,1.8289412125562983,0.0,2.6710587874437017,1.8765326861287785,0.0,2.6234673138712212
2694,4.3,>=3m,0.0,min|p05|p10|p25|median|p75|p90,p90,p90,3.0540574837936068,6.812227031078755,1.0630445431173943,0.4329158588440366,0.771450743913545,"<image>These are frames of a video.
Measuring from the closest point of each object, what is the direct distance between the mirror and the door (in meters)?
Please answer the question using a single word or phrase.",0.0025977585035034828,0.0,4.2974022414964965,0.1828979730889989,0.0,4.117102026911001,0.22172736071845112,0.0,4.078272639281549,0.5667143621001187,0.0,3.733285637899881,0.771450743913545,0.0,3.528549256086455,0.9996302209441553,0.0,3.3003697790558446,1.245942516206393,0.0,3.0540574837936068
2695,1.5,1-3m,0.4,p90,p90,p90,0.47129786264873563,3.0683992360492427,0.6934451977504765,0.48225151041122777,0.646229182284418,"<image>These are frames of a video.
Measuring from the closest point of each object, what is the direct distance between the bathtub and the toilet (in meters)?
Please answer the question using a single word or phrase.",0.039169416609207613,0.0,1.4608305833907924,0.3352569396007878,0.0,1.1647430603992122,0.37330541883988766,0.0,1.1266945811601123,0.45451572474784724,0.0,1.0454842752521527,0.646229182284418,0.0,0.853770817715582,0.936767235159075,0.3,0.563232764840925,1.0287021373512644,0.4,0.47129786264873563
2696,1.5,1-3m,0.8,p75,p75,p75,0.1636081746376672,6.082320382769172,1.701523254826863,0.7556252906149731,0.7922893741538499,"<image>These are frames of a video.
Measuring from the closest point of each object, what is the direct distance between the refrigerator and the counter (in meters)?
Please answer the question using a single word or phrase.",0.007646386167245504,0.0,1.4923536138327544,0.33479259996981237,0.0,1.1652074000301877,0.4087575617330012,0.0,1.0912424382669987,0.5807665347473597,0.0,0.9192334652526403,0.7922893741538499,0.1,0.7077106258461501,1.3363918253623328,0.8,0.1636081746376672,2.0363158547966753,0.3,0.5363158547966753
2697,0.9,<1m,0.7,median,median,median,0.1624029259628882,2.9414653214909867,1.0287218234567255,0.7091870545097037,1.0624029259628882,"<image>These are frames of a video.
Measuring from the closest point of each object, what is the direct distance between the trash bin and the table (in meters)?
Please answer the question using a single word or phrase.",0.41217051049707404,0.0,0.487829489502926,0.52986876050235,0.2,0.37013123949765003,0.5603802077470281,0.3,0.3396197922529719,0.6779459721289591,0.6,0.2220540278710409,1.0624029259628882,0.7,0.1624029259628882,1.3871330266386628,0.0,0.48713302663866276,1.5585905839590755,0.0,0.6585905839590754
2698,2.0,1-3m,0.7,p90,p90,p90,0.381548794172466,3.807161231723021,1.1933441228015111,0.45894167599109825,1.1579937161049911,"<image>These are frames of a video.
Measuring from the closest point of each object, what is the direct distance between the fireplace and the stool (in meters)?
Please answer the question using a single word or phrase.",0.15650535788062456,0.0,1.8434946421193754,0.4251070830260229,0.0,1.5748929169739772,0.7272687504997896,0.0,1.2727312495002105,1.0324927323180009,0.1,0.9675072676819991,1.1579937161049911,0.2,0.8420062838950089,1.4914344083090991,0.5,0.5085655916909009,1.618451205827534,0.7,0.381548794172466
2699,0.7,<1m,1.0,p10,p10,p10,0.00155622151805479,1.9081414835163515,0.5630081098156925,0.24194067091595362,0.9051863662232038,"<image>These are frames of a video.
Measuring from the closest point of each object, what is the direct distance between the table and the whiteboard (in meters)?
Please answer the question using a single word or phrase.",0.3389618426425689,0.0,0.36103815735743106,0.6199563834874142,0.8,0.08004361651258574,0.7015562215180547,1.0,0.00155622151805479,0.8044331561327763,0.8,0.10443315613277637,0.9051863662232038,0.5,0.20518636622320385,1.04637382704873,0.1,0.34637382704873,1.1829644933031067,0.0,0.48296449330310676
2700,3.3,>=3m,0.0,min|p05|p10|p25|median|p75|p90,p90,p90,2.1720988860066086,2.865481279115912,0.7342844736706238,0.4248985676186067,0.46347056125656494,"<image>These are frames of a video.
Measuring from the closest point of each object, what is the direct distance between the ceiling light and the power strip (in meters)?
Please answer the question using a single word or phrase.",0.21963158742471087,0.0,3.080368412575289,0.3936166403227673,0.0,2.9063833596772324,0.40715673299818983,0.0,2.89284326700181,0.4292719572893468,0.0,2.870728042710653,0.46347056125656494,0.0,2.836529438743435,0.8541705249079535,0.0,2.4458294750920464,1.127901113993391,0.0,2.1720988860066086
2701,0.8,<1m,1.0,min,min,min,0.022600944906454812,1.7717799794492093,0.7965335494483807,0.4465543458426142,1.418706734347723,"<image>These are frames of a video.
Measuring from the closest point of each object, what is the direct distance between the bed and the bathtub (in meters)?
Please answer the question using a single word or phrase.",0.7773990550935452,1.0,0.022600944906454812,1.0320733507713393,0.5,0.23207335077133928,1.1024192937610457,0.3,0.3024192937610457,1.2347892362444621,0.0,0.4347892362444621,1.418706734347723,0.0,0.618706734347723,1.6813435820870763,0.0,0.8813435820870763,1.82860690021972,0.0,1.02860690021972
2702,1.1,1-3m,0.8,p75,p75,p75,0.14263516373351337,9.34205282419206,1.1455017553727225,0.6740614305647199,0.7123249057888044,"<image>These are frames of a video.
Measuring from the closest point of each object, what is the direct distance between the table and the stool (in meters)?
Please answer the question using a single word or phrase.",0.004814061837620237,0.0,1.0951859381623799,0.13731653101629288,0.0,0.9626834689837072,0.17906514560594858,0.0,0.9209348543940515,0.28330340570176676,0.0,0.8166965942982334,0.7123249057888044,0.3,0.3876750942111957,0.9573648362664867,0.8,0.14263516373351337,1.2828182863890154,0.7,0.18281828638901532
2703,3.6,>=3m,0.3,p75|p90,p90,p90,1.3335254114228907,4.4283494866773365,1.7546643542232525,0.9847383679368955,1.6787004189461112,"<image>These are frames of a video.
Measuring from the closest point of each object, what is the direct distance between the door and the window (in meters)?
Please answer the question using a single word or phrase.",0.0007296844442565782,0.0,3.5992703155557435,0.5118102343538569,0.0,3.0881897656461432,0.9055677417109661,0.0,2.694432258289034,1.2407007027481962,0.0,2.3592992972518037,1.6787004189461112,0.0,1.9212995810538889,2.2254390706850917,0.3,1.3745609293149084,2.2664745885771094,0.3,1.3335254114228907
2704,2.0,1-3m,0.2,median|p75|p90,p90,p90,0.8553999631457461,1.22420008504933,0.20962212692531323,0.15394592774233473,1.104462030034321,"<image>These are frames of a video.
Measuring from the closest point of each object, what is the direct distance between the computer mouse and the heater (in meters)?
Please answer the question using a single word or phrase.",0.9026816448332612,0.0,1.0973183551667387,0.9349779099289407,0.0,1.0650220900710594,0.9458886406334226,0.0,1.0541113593665774,0.9739117477949024,0.0,1.0260882522050976,1.104462030034321,0.2,0.8955379699656789,1.1278576755372371,0.2,0.8721423244627629,1.144600036854254,0.2,0.8553999631457461
2705,1.5,1-3m,0.8,p90,p90,p90,0.2206599353192138,2.646261850928021,0.7958882610612265,0.6505354449635355,1.0197197046352304,"<image>These are frames of a video.
Measuring from the closest point of each object, what is the direct distance between the microwave and the sofa (in meters)?
Please answer the question using a single word or phrase.",0.42920249147242273,0.0,1.0707975085275772,0.48345180361955975,0.0,1.0165481963804401,0.5026611870202168,0.0,0.9973388129797832,0.5539627241726183,0.0,0.9460372758273817,1.0197197046352304,0.4,0.48028029536476957,1.2044981691361538,0.7,0.2955018308638462,1.2793400646807862,0.8,0.2206599353192138
2706,0.8,<1m,1.0,median,median,median,0.003163761918641539,28.65047697278694,1.1972205701225298,0.893349384139935,0.8031637619186416,"<image>These are frames of a video.
Measuring from the closest point of each object, what is the direct distance between the sofa and the table (in meters)?
Please answer the question using a single word or phrase.",0.0,0.0,0.8,0.043298369547144194,0.0,0.7567016304528559,0.067567607373726,0.0,0.732432392626274,0.14770525934529596,0.0,0.652294740654704,0.8031637619186416,1.0,0.003163761918641539,1.041054643485231,0.4,0.24105464348523098,1.240518939669674,0.0,0.44051893966967404
2707,4.2,>=3m,0.2,p90,p90,p90,1.8796160954597134,1.1270258317529116,0.26152789683787736,0.11308324147210502,2.2202105608713913,"<image>These are frames of a video.
Measuring from the closest point of each object, what is the direct distance between the bookshelf and the heater (in meters)?
Please answer the question using a single word or phrase.",1.9008932821087374,0.0,2.299106717891263,2.0588560077024094,0.0,2.141143992297591,2.0966137748563836,0.0,2.1033862251436166,2.1651561232778542,0.1,2.034843876722146,2.2202105608713913,0.1,1.9797894391286088,2.2782393647499593,0.1,1.921760635250041,2.3203839045402868,0.2,1.8796160954597134
2708,2.3,1-3m,0.1,p90,p90,p90,1.132813178692789,5.006721607327771,0.9340628506037205,0.6240122108712387,0.5778907071436514,"<image>These are frames of a video.
Measuring from the closest point of each object, what is the direct distance between the stool and the table (in meters)?
Please answer the question using a single word or phrase.",0.04168059427633251,0.0,2.2583194057236673,0.23312397070349022,0.0,2.06687602929651,0.2764807174319757,0.0,2.023519282568024,0.39241138597255976,0.0,1.90758861402744,0.5778907071436514,0.0,1.7221092928563484,1.0164235968437985,0.0,1.2835764031562014,1.1671868213072107,0.1,1.132813178692789
2709,1.6,1-3m,0.3,p90,p90,p90,0.5695297510134796,2.497206577779409,0.6178210680353613,0.3059133464128502,0.7407130651657553,"<image>These are frames of a video.
Measuring from the closest point of each object, what is the direct distance between the computer mouse and the bed (in meters)?
Please answer the question using a single word or phrase.",0.2033065367397264,0.0,1.3966934632602737,0.41264918095115927,0.0,1.1873508190488409,0.4664095876422695,0.0,1.1335904123577305,0.5982398248058437,0.0,1.0017601751941565,0.7407130651657553,0.0,0.8592869348342448,0.9041531712186939,0.2,0.6958468287813062,1.0304702489865205,0.3,0.5695297510134796
2710,2.5,1-3m,0.3,p75|p90,p90,p90,0.977918566953522,3.915259890423886,1.1333252647090322,0.5114005061307199,1.3777300970214985,"<image>These are frames of a video.
Measuring from the closest point of each object, what is the direct distance between the coat hanger and the headphones (in meters)?
Please answer the question using a single word or phrase.",0.3571698899879737,0.0,2.142830110012026,0.38875616833744586,0.0,2.111243831662554,0.3979082385947917,0.0,2.1020917614052084,0.9925022204056002,0.0,1.5074977795943998,1.3777300970214985,0.2,1.1222699029785015,1.50390272653632,0.3,0.9960972734636799,1.522081433046478,0.3,0.977918566953522
2711,1.3,1-3m,0.3,p90,p90,p90,0.49668811156193216,5.7688573809139125,0.6640621487763109,0.21729936866184535,0.3967014787759877,"<image>These are frames of a video.
Measuring from the closest point of each object, what is the direct distance between the stool and the fireplace (in meters)?
Please answer the question using a single word or phrase.",0.006880713377068679,0.0,1.2931192866229313,0.13924973966175705,0.0,1.160750260338243,0.1920900983915287,0.0,1.1079099016084712,0.2894902776515919,0.0,1.010509722348408,0.3967014787759877,0.0,0.9032985212240123,0.5067896463134373,0.0,0.7932103536865628,0.8033118884380679,0.3,0.49668811156193216
2712,1.2,1-3m,1.0,p75,p75,p75,0.024546201987063476,8.048737804569479,1.5576618865403868,0.3289675759181727,1.0960844002207595,"<image>These are frames of a video.
Measuring from the closest point of each object, what is the direct distance between the slippers and the chair (in meters)?
Please answer the question using a single word or phrase.",0.038529618826906656,0.0,1.1614703811730933,0.22098451236625696,0.0,0.979015487633743,0.374109230226335,0.0,0.8258907697736649,0.8955786260688907,0.5,0.30442137393110924,1.0960844002207595,0.9,0.10391559977924048,1.2245462019870634,1.0,0.024546201987063476,1.7786463989066439,0.1,0.5786463989066439
2713,2.7,1-3m,0.4,p90,p90,p90,0.9260650833286217,16.218871510431274,1.6645601728409918,0.5022177606505793,1.607006869165418,"<image>These are frames of a video.
Measuring from the closest point of each object, what is the direct distance between the stool and the sofa (in meters)?
Please answer the question using a single word or phrase.",0.0018848372546009882,0.0,2.698115162745399,0.10937474383038674,0.0,2.5906252561696133,0.15767284156966033,0.0,2.5423271584303397,1.1950007492652188,0.0,1.5049992507347814,1.607006869165418,0.2,1.0929931308345822,1.6972185099157981,0.3,1.002781490084202,1.7739349166713785,0.4,0.9260650833286217
2714,1.7,1-3m,0.4,p90,p90,p90,0.5765251357345498,21.864786647434716,1.0720920228784632,0.9653077595638626,0.89221336707877,"<image>These are frames of a video.
Measuring from the closest point of each object, what is the direct distance between the trash bin and the backpack (in meters)?
Please answer the question using a single word or phrase.",0.0,0.0,1.7,0.05138284138698704,0.0,1.648617158613013,0.0662395009987394,0.0,1.6337604990012606,0.10221851164917894,0.0,1.597781488350821,0.89221336707877,0.1,0.80778663292123,1.0675262712130416,0.3,0.6324737287869584,1.1234748642654502,0.4,0.5765251357345498
2715,1.6,1-3m,0.8,p90,p90,p90,0.23983571712927398,2.185172626271011,0.7377126438018983,0.37305753688785603,1.0578742923374287,"<image>These are frames of a video.
Measuring from the closest point of each object, what is the direct distance between the fireplace and the sofa (in meters)?
Please answer the question using a single word or phrase.",0.4501235927748882,0.0,1.1498764072251118,0.6224516390688278,0.0,0.9775483609311723,0.7190912491544007,0.0,0.8809087508455994,0.8515139976225393,0.1,0.7484860023774608,1.0578742923374287,0.4,0.5421257076625714,1.2245715345103954,0.6,0.37542846548960473,1.360164282870726,0.8,0.23983571712927398
2716,0.5,<1m,1.0,p10,p10,p10,0.0009233830197151738,2.79125507214178,0.7417146725301433,0.360753051080247,0.8378254706084715,"<image>These are frames of a video.
Measuring from the closest point of each object, what is the direct distance between the desk and the window (in meters)?
Please answer the question using a single word or phrase.",0.11622714620924095,0.0,0.38377285379075904,0.41407540671652354,0.7,0.08592459328347646,0.4990766169802848,1.0,0.0009233830197151738,0.6433399916463614,0.5,0.14333999164636135,0.8378254706084715,0.0,0.33782547060847146,1.0040930427266084,0.0,0.5040930427266084,1.1557900792466669,0.0,0.6557900792466669
2717,4.8,>=3m,0.1,p90,p90,p90,2.3803439534354833,9.387761591635975,2.1619102545622666,0.6470258546817629,1.229753614224105,"<image>These are frames of a video.
Measuring from the closest point of each object, what is the direct distance between the coat hanger and the laptop (in meters)?
Please answer the question using a single word or phrase.",0.1044635595554359,0.0,4.695536440444564,0.2577457920022499,0.0,4.54225420799775,0.3472699082989303,0.0,4.45273009170107,1.0985985961292655,0.0,3.7014014038707344,1.229753614224105,0.0,3.570246385775895,1.7456244508110283,0.0,3.0543755491889715,2.4196560465645165,0.1,2.3803439534354833
2718,2.3,1-3m,0.0,min|p05|p10|p25|median|p75|p90,p90,p90,1.2771117096957756,6.0345438092666255,0.8533828027918988,0.4004623158040512,0.5640987950830192,"<image>These are frames of a video.
Measuring from the closest point of each object, what is the direct distance between the blanket and the heater (in meters)?
Please answer the question using a single word or phrase.",0.036944198405040235,0.0,2.26305580159496,0.16950548751232536,0.0,2.1304945124876746,0.19748046530073515,0.0,2.1025195346992644,0.3664286052889486,0.0,1.933571394711051,0.5640987950830192,0.0,1.7359012049169806,0.7668909210929998,0.0,1.533109078907,1.0228882903042242,0.0,1.2771117096957756
2719,2.9,1-3m,0.4,p75|p90,p90,p90,0.9473713808746402,1.3331170522034548,0.48791956308415196,0.2188814384140274,1.803347534039211,"<image>These are frames of a video.
Measuring from the closest point of each object, what is the direct distance between the heater and the sofa (in meters)?
Please answer the question using a single word or phrase.",1.3179925213790782,0.0,1.5820074786209217,1.4647090560412077,0.1,1.4352909439587922,1.5312879236514694,0.1,1.3687120763485305,1.6704239090313098,0.2,1.2295760909686901,1.803347534039211,0.3,1.0966524659607888,1.8893053474453372,0.4,1.0106946525546627,1.9526286191253597,0.4,0.9473713808746402
2720,1.9,1-3m,0.8,p90,p90,p90,0.2321202841052581,4.336073988006575,1.283227673400071,0.717628079171965,1.0253066827015163,"<image>These are frames of a video.
Measuring from the closest point of each object, what is the direct distance between the shoe rack and the bed (in meters)?
Please answer the question using a single word or phrase.",0.027556172058714933,0.0,1.872443827941285,0.38465204249467083,0.0,1.515347957505329,0.5070292752102642,0.0,1.3929707247897358,0.7641289394222229,0.0,1.1358710605777769,1.0253066827015163,0.1,0.8746933172984837,1.481757018594188,0.6,0.41824298140581195,1.6678797158947418,0.8,0.2321202841052581
2721,1.0,1-3m,0.9,p25|median,p25,p25,0.06383287831969497,2.5952149882097677,1.1413538229848745,0.3958219980288037,1.0703216568218312,"<image>These are frames of a video.
Measuring from the closest point of each object, what is the direct distance between the door and the table (in meters)?
Please answer the question using a single word or phrase.",0.4182517773615073,0.0,0.5817482226384927,0.7154858946415494,0.5,0.28451410535845056,0.8062158194245548,0.7,0.19378418057544522,0.936167121680305,0.9,0.06383287831969497,1.0703216568218312,0.9,0.07032165682183122,1.3319891197091087,0.4,0.3319891197091087,1.856839717626424,0.0,0.856839717626424
2722,2.4,1-3m,0.0,min|p05|p10|p25|median|p75|p90,p90,p90,1.2389578581769658,9.510642013304588,1.038963932991408,0.8259481869902188,0.7612757398089707,"<image>These are frames of a video.
Measuring from the closest point of each object, what is the direct distance between the stove and the dishwasher (in meters)?
Please answer the question using a single word or phrase.",0.001718251784876509,0.0,2.3982817482151235,0.12207820883162607,0.0,2.277921791168374,0.16023890536669488,0.0,2.239761094633305,0.2522554211719416,0.0,2.1477445788280582,0.7612757398089707,0.0,1.6387242601910292,1.0782036081621604,0.0,1.3217963918378395,1.1610421418230341,0.0,1.2389578581769658
2723,8.1,>=3m,0.0,min|p05|p10|p25|median|p75|p90,p90,p90,5.889677063968005,1.485615265954292,0.7225064153716585,0.604421045820853,1.8778742575809895,"<image>These are frames of a video.
Measuring from the closest point of each object, what is the direct distance between the washer and the tv (in meters)?
Please answer the question using a single word or phrase.",1.4366962536108472,0.0,6.663303746389152,1.4878165206603358,0.0,6.612183479339664,1.5070230444809725,0.0,6.592976955519028,1.5624312893410928,0.0,6.537568710658907,1.8778742575809895,0.0,6.22212574241901,2.1668523351619458,0.0,5.933147664838054,2.2103229360319943,0.0,5.889677063968005
2724,3.6,>=3m,0.0,min|p05|p10|p25|median|p75|p90,p90,p90,1.898908773506096,3.8672244790613997,1.2612172973480145,0.6831047430066107,0.8610595987219736,"<image>These are frames of a video.
Measuring from the closest point of each object, what is the direct distance between the door and the pillow (in meters)?
Please answer the question using a single word or phrase.",0.12925156605907112,0.0,3.470748433940929,0.43987392914588963,0.0,3.1601260708541106,0.5148573601026183,0.0,3.0851426398973816,0.6711594351887847,0.0,2.9288405648112152,0.8610595987219736,0.0,2.7389404012780263,1.3542641781953955,0.0,2.2457358218046046,1.701091226493904,0.0,1.898908773506096
2725,0.9,<1m,0.9,p25,p25,p25,0.0897483286012386,5.148890564769975,1.4124518294029804,0.8695701743497685,1.1815642984767019,"<image>These are frames of a video.
Measuring from the closest point of each object, what is the direct distance between the tv and the stool (in meters)?
Please answer the question using a single word or phrase.",0.03453925869718359,0.0,0.8654607413028165,0.34044084975311717,0.0,0.5595591502468829,0.7449138823462291,0.7,0.1550861176537709,0.8102516713987614,0.9,0.0897483286012386,1.1815642984767019,0.4,0.28156429847670184,1.6798218457485299,0.0,0.7798218457485299,1.7528926791560977,0.0,0.8528926791560977
2726,2.2,1-3m,0.0,min|p05|p10|p25|median|p75|p90,p90,p90,1.1110517174548926,4.907039593397911,0.8670327544922641,0.6025740793983795,0.8383691012186887,"<image>These are frames of a video.
Measuring from the closest point of each object, what is the direct distance between the sofa and the tv (in meters)?
Please answer the question using a single word or phrase.",0.0,0.0,2.2,0.2219155280528434,0.0,1.9780844719471569,0.27915361371730346,0.0,1.9208463862826968,0.4191540515980453,0.0,1.780845948401955,0.8383691012186887,0.0,1.3616308987813115,1.0217281309964248,0.0,1.1782718690035754,1.0889482825451076,0.0,1.1110517174548926
2727,1.9,1-3m,0.5,p90,p90,p90,0.5118665063455992,30.783905212738933,1.3430406607580738,0.4747640674671352,0.7597791392952717,"<image>These are frames of a video.
Measuring from the closest point of each object, what is the direct distance between the table lamp and the shoes (in meters)?
Please answer the question using a single word or phrase.",0.0,0.0,1.9,0.04509283289632682,0.0,1.854907167103673,0.14544894622885995,0.0,1.75455105377114,0.5477150609038672,0.0,1.3522849390961327,0.7597791392952717,0.0,1.1402208607047282,1.0224791283710024,0.1,0.8775208716289975,1.3881334936544008,0.5,0.5118665063455992
2728,1.1,1-3m,0.6,p90,p90,p90,0.25541913481733014,4.1640362867516325,0.6417534143581411,0.39697858104722594,0.5468335719119907,"<image>These are frames of a video.
Measuring from the closest point of each object, what is the direct distance between the tv and the table (in meters)?
Please answer the question using a single word or phrase.",0.008761294677072436,0.0,1.0912387053229275,0.20282745082452874,0.0,0.8971725491754714,0.2476571620075072,0.0,0.8523428379924929,0.3562439798794844,0.0,0.7437560201205157,0.5468335719119907,0.0,0.5531664280880094,0.7532225609267104,0.4,0.34677743907328973,0.84458086518267,0.6,0.25541913481733014
2729,0.9,<1m,0.8,p25|median,p25,p25,0.11806021783386056,2.9313138755762713,0.9303859300592703,0.4548756640063044,1.0251383486451826,"<image>These are frames of a video.
Measuring from the closest point of each object, what is the direct distance between the bathtub and the bed (in meters)?
Please answer the question using a single word or phrase.",0.17928831549280927,0.0,0.7207116845071908,0.4817372990610648,0.1,0.4182627009389352,0.6115778203230949,0.4,0.2884221796769051,0.7819397821661395,0.8,0.11806021783386056,1.0251383486451826,0.8,0.12513834864518258,1.2368154461724439,0.3,0.33681544617244386,1.4121232291203352,0.0,0.5121232291203351
2730,0.4,<1m,1.0,p05,p05,p05,0.0020519390099875134,4.237756933590167,1.2884590936791758,0.7313600284634842,0.9498474187722761,"<image>These are frames of a video.
Measuring from the closest point of each object, what is the direct distance between the door and the bookshelf (in meters)?
Please answer the question using a single word or phrase.",0.0,0.0,0.4,0.3979480609900125,1.0,0.0020519390099875134,0.5273335180735284,0.4,0.12733351807352833,0.6950669228783841,0.0,0.2950669228783841,0.9498474187722761,0.0,0.549847418772276,1.4264269513418684,0.0,1.0264269513418682,1.6864071546691883,0.0,1.2864071546691882
2732,2.3,1-3m,1.0,p90,p90,p90,0.07611740336627948,2.077168854737994,1.153251005195656,0.9010376031594438,1.718519491228981,"<image>These are frames of a video.
Measuring from the closest point of each object, what is the direct distance between the piano and the lamp (in meters)?
Please answer the question using a single word or phrase.",0.9241517048538331,0.0,1.3758482951461666,1.0706315914380644,0.0,1.2293684085619354,1.101556330675942,0.0,1.1984436693240579,1.198853674638909,0.1,1.101146325361091,1.718519491228981,0.5,0.5814805087710189,2.0998912777983527,0.9,0.2001087222016471,2.2238825966337203,1.0,0.07611740336627948
2733,1.0,1-3m,0.9,median,median,median,0.06780409776984042,5.102723371716201,1.2167058478971842,0.6454233041727022,0.9321959022301596,"<image>These are frames of a video.
Measuring from the closest point of each object, what is the direct distance between the computer mouse and the bed (in meters)?
Please answer the question using a single word or phrase.",0.027892024146336524,0.0,0.9721079758536635,0.2965605373945128,0.0,0.7034394626054872,0.36328833163369956,0.0,0.6367116683663004,0.557807348739771,0.2,0.442192651260229,0.9321959022301596,0.9,0.06780409776984042,1.2032306529124732,0.6,0.20323065291247322,1.513266385291697,0.0,0.513266385291697
2734,3.0,>=3m,0.6,p90,p90,p90,0.7215433197949559,6.600480027493907,1.933261077655795,0.747576299765875,1.4541184458101335,"<image>These are frames of a video.
Measuring from the closest point of each object, what is the direct distance between the door and the trash can (in meters)?
Please answer the question using a single word or phrase.",0.22740738951809003,0.0,2.77259261048191,0.3451956025492492,0.0,2.654804397450751,0.422862674329107,0.0,2.577137325670893,1.1359222875617665,0.0,1.8640777124382335,1.4541184458101335,0.0,1.5458815541898665,1.8834985873276415,0.3,1.1165014126723585,2.278456680205044,0.6,0.7215433197949559
2735,1.8,1-3m,0.5,p90,p90,p90,0.5249730657633898,1.5463887773262381,0.45050793039258485,0.08195836949406032,0.8859116303668317,"<image>These are frames of a video.
Measuring from the closest point of each object, what is the direct distance between the clock and the backpack (in meters)?
Please answer the question using a single word or phrase.",0.7788226967939371,0.0,1.021177303206063,0.8245190038440254,0.0,0.9754809961559746,0.8354152859634472,0.0,0.9645847140365529,0.8564302338881248,0.0,0.9435697661118753,0.8859116303668317,0.0,0.9140883696331683,0.9383886033821851,0.1,0.8616113966178149,1.2750269342366103,0.5,0.5249730657633898
2736,1.1,1-3m,1.0,p90,p90,p90,0.002105335796718677,4.605229742582588,0.8594929501581559,0.5444199705524402,0.9172342799330998,"<image>These are frames of a video.
Measuring from the closest point of each object, what is the direct distance between the towel and the bookshelf (in meters)?
Please answer the question using a single word or phrase.",0.05635062851576914,0.0,1.043649371484231,0.23840171404512558,0.0,0.8615982859548745,0.29365148253709333,0.0,0.8063485174629068,0.47122200236277245,0.0,0.6287779976372276,0.9172342799330998,0.7,0.18276572006690028,1.0156419729152126,0.9,0.08435802708478746,1.0978946642032814,1.0,0.002105335796718677
2737,6.4,>=3m,0.0,min|p05|p10|p25|median|p75|p90,p90,p90,4.568172281549957,1.1183102898742423,0.19379600664665975,0.07001776024040818,1.7325930723000862,"<image>These are frames of a video.
Measuring from the closest point of each object, what is the direct distance between the toilet and the stool (in meters)?
Please answer the question using a single word or phrase.",1.612054132089366,0.0,4.787945867910635,1.6380317118033838,0.0,4.761968288196616,1.648739859222125,0.0,4.751260140777875,1.6991587762917695,0.0,4.700841223708231,1.7325930723000862,0.0,4.667406927699914,1.7691765365321777,0.0,4.630823463467823,1.8318277184500436,0.0,4.568172281549957
2738,0.7,<1m,0.7,median,median,median,0.11878505626936187,3.1099390511609646,0.8451117525296585,0.627742400648856,0.8187850562693618,"<image>These are frames of a video.
Measuring from the closest point of each object, what is the direct distance between the chair and the tv (in meters)?
Please answer the question using a single word or phrase.",0.2384418615142272,0.0,0.46155813848577276,0.40053846676976174,0.2,0.2994615332302382,0.44915509582102897,0.3,0.250844904178971,0.5568958905365683,0.6,0.14310410946343166,0.8187850562693618,0.7,0.11878505626936187,1.1846382911854243,0.0,0.48463829118542434,1.2456502192994203,0.0,0.5456502192994204
2739,2.0,1-3m,1.0,p75,p75,p75,0.028134596088831287,6.500356703089031,1.94341510710048,1.4954069763978581,1.2554167155004836,"<image>These are frames of a video.
Measuring from the closest point of each object, what is the direct distance between the microwave and the exhaust fan (in meters)?
Please answer the question using a single word or phrase.",0.17339071332620118,0.0,1.8266092866737988,0.35332528634171073,0.0,1.6466747136582893,0.3841336210859311,0.0,1.615866378914069,0.5327276196909732,0.0,1.4672723803090268,1.2554167155004836,0.3,0.7445832844995164,2.0281345960888313,1.0,0.028134596088831287,2.2967403934421906,0.8,0.2967403934421906
2740,1.5,1-3m,0.4,p90,p90,p90,0.46753630121132117,2.175359226630395,0.5578461339518346,0.3189367098703073,0.7546737418808089,"<image>These are frames of a video.
Measuring from the closest point of each object, what is the direct distance between the plant and the bed (in meters)?
Please answer the question using a single word or phrase.",0.33112033524005136,0.0,1.1688796647599486,0.4746175648368442,0.0,1.0253824351631557,0.5096537279629336,0.0,0.9903462720370664,0.6015457067668102,0.0,0.8984542932331898,0.7546737418808089,0.1,0.7453262581191911,0.9204824166371175,0.3,0.5795175833628825,1.0324636987886788,0.4,0.46753630121132117
2741,1.8,1-3m,0.9,p75,p75,p75,0.1738079906464376,22.99248678222917,3.128226596470645,0.9132160555270961,1.3365311778855815,"<image>These are frames of a video.
Measuring from the closest point of each object, what is the direct distance between the printer and the window (in meters)?
Please answer the question using a single word or phrase.",0.0014789285300405906,0.0,1.7985210714699595,0.14224069462660222,0.0,1.6577593053733979,0.21094976039073068,0.0,1.5890502396092694,1.0605919351193416,0.2,0.7394080648806585,1.3365311778855815,0.5,0.46346882211441853,1.9738079906464376,0.9,0.1738079906464376,3.270467291097247,0.0,1.4704672910972472
2742,2.8,1-3m,0.0,min|p05|p10|p25|median|p75|p90,p90,p90,1.7561608716884307,1.6802315606274938,0.4225919426428626,0.24652275605645246,0.8000020311935168,"<image>These are frames of a video.
Measuring from the closest point of each object, what is the direct distance between the bathtub and the bed (in meters)?
Please answer the question using a single word or phrase.",0.5433942058769384,0.0,2.2566057941230615,0.6212471856687065,0.0,2.1787528143312933,0.6425347889127385,0.0,2.157465211087261,0.6735018896356344,0.0,2.1264981103643654,0.8000020311935168,0.0,1.999997968806483,0.9200246456920869,0.0,1.879975354307913,1.043839128311569,0.0,1.7561608716884307
2743,1.1,1-3m,0.9,p10|p25,p10,p10,0.06962612944488833,1.618074646279926,0.6071321102163935,0.30813823721945877,1.3357267842935214,"<image>These are frames of a video.
Measuring from the closest point of each object, what is the direct distance between the trash can and the heater (in meters)?
Please answer the question using a single word or phrase.",0.8539391660827171,0.6,0.24606083391728295,0.9822957694035929,0.8,0.11770423059640722,1.0303738705551118,0.9,0.06962612944488833,1.1710531507027095,0.9,0.07105315070270946,1.3357267842935214,0.6,0.23572678429352134,1.4791913879221683,0.4,0.3791913879221682,1.5894278796199863,0.2,0.48942787961998624
2744,1.5,1-3m,0.5,p90,p90,p90,0.38430407874834094,5.688011211117836,0.9195472359131157,0.4204282171057526,0.5628942425123187,"<image>These are frames of a video.
Measuring from the closest point of each object, what is the direct distance between the stove and the refrigerator (in meters)?
Please answer the question using a single word or phrase.",0.0,0.0,1.5,0.19614868533854332,0.0,1.3038513146614568,0.29364204756721907,0.0,1.206357952432781,0.390934476423885,0.0,1.109065523576115,0.5628942425123187,0.0,0.9371057574876813,0.8113626935296376,0.1,0.6886373064703624,1.115695921251659,0.5,0.38430407874834094
2745,3.3,>=3m,0.1,p90,p90,p90,1.6261167740187845,7.241196877707225,1.4427220996853072,0.6555545287851504,0.9395251825762861,"<image>These are frames of a video.
Measuring from the closest point of each object, what is the direct distance between the laptop and the bookshelf (in meters)?
Please answer the question using a single word or phrase.",0.019917543919182466,0.0,3.2800824560808173,0.23116112629590813,0.0,3.0688388737040917,0.319052552096667,0.0,2.9809474479033327,0.5346345096009645,0.0,2.7653654903990352,0.9395251825762861,0.0,2.3604748174237136,1.190189038386115,0.0,2.109810961613885,1.6738832259812153,0.1,1.6261167740187845
2746,5.2,>=3m,0.0,min|p05|p10|p25|median|p75|p90,p90,p90,3.651795743165329,6.807636439057725,1.3207825561175035,1.0982368513567689,0.6502287087364313,"<image>These are frames of a video.
Measuring from the closest point of each object, what is the direct distance between the slippers and the monitor (in meters)?
Please answer the question using a single word or phrase.",0.1756925786548158,0.0,5.024307421345185,0.22742170071716772,0.0,4.972578299282833,0.23978169022853893,0.0,4.960218309771461,0.32056525086532206,0.0,4.879434749134678,0.6502287087364313,0.0,4.549771291263569,1.418802102222091,0.0,3.7811978977779095,1.5482042568346712,0.0,3.651795743165329
2747,1.1,1-3m,0.8,p90,p90,p90,0.14220038716274253,2.4712143973385396,0.5702170486255917,0.3289786688246864,0.6463603741207878,"<image>These are frames of a video.
Measuring from the closest point of each object, what is the direct distance between the bathtub and the bed (in meters)?
Please answer the question using a single word or phrase.",0.15771788670955114,0.0,0.942282113290449,0.3875825642116658,0.0,0.7124174357883343,0.41389525534864047,0.0,0.6861047446513596,0.4884434408871118,0.0,0.6115565591128883,0.6463603741207878,0.2,0.45363962587921225,0.8174221097117982,0.5,0.2825778902882019,0.9577996128372576,0.8,0.14220038716274253
2749,3.1,>=3m,0.0,min|p05|p10|p25|median|p75|p90,p90,p90,2.192067997015999,5.89075154166273,0.7538036211361858,0.4425771370016526,0.7459039814044592,"<image>These are frames of a video.
Measuring from the closest point of each object, what is the direct distance between the tv and the telephone (in meters)?
Please answer the question using a single word or phrase.",0.006353117058180184,0.0,3.0936468829418198,0.15412838184781555,0.0,2.9458716181521845,0.24079059643391532,0.0,2.859209403566085,0.42596458723612274,0.0,2.6740354127638772,0.7459039814044592,0.0,2.354096018595541,0.8685417242377753,0.0,2.2314582757622246,0.9079320029840013,0.0,2.192067997015999
2750,0.9,<1m,1.0,p05,p05,p05,0.013130186346807071,1.3948765875870761,0.3605737320073781,0.18463188167649136,1.1195833222170433,"<image>These are frames of a video.
Measuring from the closest point of each object, what is the direct distance between the trash bin and the door (in meters)?
Please answer the question using a single word or phrase.",0.771638978793701,0.8,0.128361021206299,0.9131301863468071,1.0,0.013130186346807071,0.9548106835658183,0.9,0.05481068356581831,1.0285939845114351,0.8,0.1285939845114351,1.1195833222170433,0.6,0.21958332221704324,1.2132258661879265,0.4,0.31322586618792647,1.2737039183541852,0.2,0.37370391835418515
2751,2.4,1-3m,0.2,p90,p90,p90,1.0557586117625637,3.0515384558845198,0.903728706627532,0.5898386024816961,0.893750610465162,"<image>These are frames of a video.
Measuring from the closest point of each object, what is the direct distance between the trash bin and the window (in meters)?
Please answer the question using a single word or phrase.",0.29038088678965673,0.0,2.1096191132103432,0.4405126816099042,0.0,1.9594873183900958,0.488244540691188,0.0,1.911755459308812,0.5925464042487553,0.0,1.8074535957512445,0.893750610465162,0.0,1.506249389534838,1.1823850067304513,0.0,1.2176149932695486,1.3442413882374362,0.2,1.0557586117625637
2752,1.4,1-3m,0.6,p90,p90,p90,0.32204489718961105,5.448464125465973,0.880109420433211,0.26858089862901025,0.8578570802843075,"<image>These are frames of a video.
Measuring from the closest point of each object, what is the direct distance between the trash can and the table (in meters)?
Please answer the question using a single word or phrase.",0.003365062338350312,0.0,1.3966349376616496,0.19784568237717784,0.0,1.202154317622822,0.3935554845548608,0.0,1.0064445154451391,0.708228399583255,0.1,0.6917716004167449,0.8578570802843075,0.3,0.5421429197156924,0.9768092982122653,0.4,0.42319070178773466,1.0779551028103889,0.6,0.32204489718961105
2753,2.0,1-3m,0.4,p90,p90,p90,0.6743556733339955,1.9490028380874107,0.6454789104027416,0.2980689409493531,0.9135850637664839,"<image>These are frames of a video.
Measuring from the closest point of each object, what is the direct distance between the towel and the chair (in meters)?
Please answer the question using a single word or phrase.",0.5732091248686143,0.0,1.4267908751313856,0.6801654162632629,0.0,1.3198345837367371,0.7165335114892305,0.0,1.2834664885107694,0.7903099727419027,0.0,1.2096900272580973,0.9135850637664839,0.0,1.086414936233516,1.0883789136912558,0.1,0.9116210863087442,1.3256443266660045,0.4,0.6743556733339955
2755,2.8,1-3m,0.1,median|p75|p90,p90,p90,1.2617230184261294,9.632693011859663,1.378583635208533,1.1319023362145026,1.4052120004228443,"<image>These are frames of a video.
Measuring from the closest point of each object, what is the direct distance between the fan and the tv (in meters)?
Please answer the question using a single word or phrase.",0.01244064217899041,0.0,2.7875593578210096,0.1596933463653374,0.0,2.640306653634662,0.21126890638619536,0.0,2.5887310936138044,0.33458647100078087,0.0,2.465413528999219,1.4052120004228443,0.1,1.3947879995771555,1.4664888072152835,0.1,1.3335111927847163,1.5382769815738704,0.1,1.2617230184261294
2756,2.3,1-3m,0.3,p90,p90,p90,0.8241681908062588,1.967171034068971,0.7256012579939937,0.42679973568390284,1.2406551797364211,"<image>These are frames of a video.
Measuring from the closest point of each object, what is the direct distance between the keyboard and the bed (in meters)?
Please answer the question using a single word or phrase.",0.628332912506736,0.0,1.671667087493264,0.7502305511997474,0.0,1.5497694488002525,0.7928206151232366,0.0,1.5071793848767632,0.9240709015123556,0.0,1.3759290984876442,1.2406551797364211,0.1,1.0593448202635787,1.3508706371962584,0.2,0.9491293628037414,1.475831809193741,0.3,0.8241681908062588
2757,1.2,1-3m,0.7,median,median,median,0.2009554498434003,6.904983527210415,1.4942884467687267,0.8997949098294009,0.9990445501565997,"<image>These are frames of a video.
Measuring from the closest point of each object, what is the direct distance between the desk and the bookshelf (in meters)?
Please answer the question using a single word or phrase.",0.004687822223588494,0.0,1.1953121777764115,0.2530554809988854,0.0,0.9469445190011145,0.3125730888435952,0.0,0.8874269111564048,0.6186980045813573,0.1,0.5813019954186427,0.9990445501565997,0.7,0.2009554498434003,1.5184929144107582,0.5,0.3184929144107582,1.7473439277676122,0.1,0.5473439277676122
2758,0.5,<1m,0.8,p25,p25,p25,0.0534475120582113,5.059435535173593,1.0783412827610281,0.4138154925975921,0.6865708209015885,"<image>These are frames of a video.
Measuring from the closest point of each object, what is the direct distance between the bathtub and the toilet (in meters)?
Please answer the question using a single word or phrase.",0.004397836264682246,0.0,0.49560216373531774,0.2656382330542207,0.1,0.23436176694577932,0.29393794572410065,0.2,0.20606205427589935,0.4465524879417887,0.8,0.0534475120582113,0.6865708209015885,0.3,0.1865708209015885,0.8603679805393808,0.0,0.3603679805393808,1.3439795158152488,0.0,0.8439795158152488
2759,5.0,>=3m,0.0,min|p05|p10|p25|median|p75|p90,p90,p90,3.673257119614543,8.980685811828332,1.1790099668658653,0.5693175706211855,0.7384322919317667,"<image>These are frames of a video.
Measuring from the closest point of each object, what is the direct distance between the tv and the microwave (in meters)?
Please answer the question using a single word or phrase.",0.0033626856203890915,0.0,4.996637314379611,0.14773291351959145,0.0,4.852267086480409,0.4085635463813615,0.0,4.5914364536186385,0.6480698039903889,0.0,4.3519301960096115,0.7384322919317667,0.0,4.261567708068233,1.2173873746115744,0.0,3.782612625388426,1.3267428803854568,0.0,3.673257119614543
2760,0.7,<1m,0.6,p90,p90,p90,0.14975363570036293,3.131119906106881,0.3745116812469548,0.1265154567349876,0.2971870789523905,"<image>These are frames of a video.
Measuring from the closest point of each object, what is the direct distance between the chair and the table (in meters)?
Please answer the question using a single word or phrase.",0.0,0.0,0.7,0.17573468305268228,0.0,0.5242653169473177,0.1988348037842843,0.0,0.5011651962157156,0.23995757330520312,0.0,0.46004242669479684,0.2971870789523905,0.0,0.40281292104760946,0.3664730300401907,0.1,0.33352696995980924,0.550246364299637,0.6,0.14975363570036293
2761,4.0,>=3m,0.0,min|p05|p10|p25|median|p75|p90,p90,p90,2.1242934848360213,2.781844412815295,1.2014392892461503,0.9389133184125612,1.4337507565663339,"<image>These are frames of a video.
Measuring from the closest point of each object, what is the direct distance between the radiator and the tv (in meters)?
Please answer the question using a single word or phrase.",0.45951822669451386,0.0,3.540481773305486,0.6742672259178283,0.0,3.3257327740821716,0.722789146193323,0.0,3.277210853806677,0.8043766398352951,0.0,3.195623360164705,1.4337507565663339,0.0,2.566249243433666,1.7432899582478563,0.0,2.256710041752144,1.8757065151639787,0.0,2.1242934848360213
2762,0.4,<1m,0.9,p10,p10,p10,0.02938958295013583,4.296200247725978,1.0325344663692908,0.5672249952306275,0.7341190302010661,"<image>These are frames of a video.
Measuring from the closest point of each object, what is the direct distance between the window and the bed (in meters)?
Please answer the question using a single word or phrase.",0.013962459226137317,0.0,0.3860375407738627,0.3132499207478757,0.6,0.0867500792521243,0.3706104170498642,0.9,0.02938958295013583,0.5292380061808221,0.4,0.12923800618082204,0.7341190302010661,0.0,0.33411903020106604,1.0964630014114496,0.0,0.6964630014114496,1.3457843871171666,0.0,0.9457843871171666
2763,7.5,>=3m,0.0,min|p05|p10|p25|median|p75|p90,p90,p90,6.576226107455272,3.7911201610616914,0.6801060969330929,0.35501350218568195,0.5510278475268684,"<image>These are frames of a video.
Measuring from the closest point of each object, what is the direct distance between the fireplace and the stove (in meters)?
Please answer the question using a single word or phrase.",0.012026785148518631,0.0,7.487973214851482,0.24366779561163462,0.0,7.256332204388365,0.2992986459721043,0.0,7.2007013540278955,0.3919360600224632,0.0,7.108063939977537,0.5510278475268684,0.0,6.948972152473131,0.7469495622081451,0.0,6.753050437791855,0.9237738925447275,0.0,6.576226107455272
2764,0.9,<1m,0.7,p25,p25,p25,0.17022569987264402,6.315829832847956,1.5009798310090523,0.6872547300449718,1.1677846393464066,"<image>These are frames of a video.
Measuring from the closest point of each object, what is the direct distance between the radiator and the bed (in meters)?
Please answer the question using a single word or phrase.",0.001489989965302935,0.0,0.8985100100346971,0.28236039869713103,0.0,0.617639601302869,0.4110337345911938,0.0,0.4889662654088062,0.729774300127356,0.7,0.17022569987264402,1.1677846393464066,0.5,0.2677846393464066,1.4170290301723278,0.0,0.5170290301723278,1.7833402297061833,0.0,0.8833402297061833
2765,6.9,>=3m,0.0,min|p05|p10|p25|median|p75|p90,p90,p90,4.554910172742222,5.411881431367618,1.911767357614322,1.6966358313724155,2.060522902053747,"<image>These are frames of a video.
Measuring from the closest point of each object, what is the direct distance between the fireplace and the stove (in meters)?
Please answer the question using a single word or phrase.",0.3143144536110445,0.0,6.585685546388956,0.433322469643456,0.0,6.466677530356544,0.46724285783950015,0.0,6.4327571421605,0.56508837859641,0.0,6.33491162140359,2.060522902053747,0.0,4.839477097946253,2.2617242099688255,0.0,4.638275790031175,2.345089827257778,0.0,4.554910172742222
2766,3.2,>=3m,0.0,min|p05|p10|p25|median|p75|p90,p90,p90,1.8770831125843832,6.34851321024984,1.1145347286954093,0.8423162342828441,0.8043366168909288,"<image>These are frames of a video.
Measuring from the closest point of each object, what is the direct distance between the power strip and the trash can (in meters)?
Please answer the question using a single word or phrase.",0.0695229659067258,0.0,3.1304770340932744,0.2083821587202076,0.0,2.9916178412797927,0.2585282926411986,0.0,2.9414717073588017,0.3260447066080796,0.0,2.8739552933919206,0.8043366168909288,0.0,2.3956633831090715,1.1683609408909237,0.0,2.0316390591090765,1.322916887415617,0.0,1.8770831125843832
2767,3.4,>=3m,0.1,p90,p90,p90,1.5541317220279016,5.794824172694102,1.5273308689045293,0.9443635150054801,1.0910215363131064,"<image>These are frames of a video.
Measuring from the closest point of each object, what is the direct distance between the whiteboard and the paper bag (in meters)?
Please answer the question using a single word or phrase.",0.11608221658651299,0.0,3.2839177834134867,0.318537409067569,0.0,3.081462590932431,0.37521734850697425,0.0,3.024782651493026,0.6967396458819926,0.0,2.703260354118007,1.0910215363131064,0.0,2.3089784636868935,1.6411031608874727,0.0,1.7588968391125273,1.8458682779720983,0.1,1.5541317220279016
2768,2.1,1-3m,0.6,p90,p90,p90,0.5169336443079926,3.7164803942085256,1.1571078713800937,0.45191334212944523,1.0442790594099631,"<image>These are frames of a video.
Measuring from the closest point of each object, what is the direct distance between the towel and the chair (in meters)?
Please answer the question using a single word or phrase.",0.0018256885365657558,0.0,2.0981743114634344,0.4259584843119138,0.0,1.6740415156880863,0.6470562312783555,0.0,1.4529437687216444,0.8661335158689567,0.0,1.2338664841310434,1.0442790594099631,0.0,1.055720940590037,1.318046857998402,0.3,0.7819531420015982,1.5830663556920075,0.6,0.5169336443079926
2769,3.8,>=3m,0.1,p90,p90,p90,1.8540795951346074,7.555231149899013,1.688361057406989,1.4104817911083085,1.7182254579136997,"<image>These are frames of a video.
Measuring from the closest point of each object, what is the direct distance between the mirror and the lamp (in meters)?
Please answer the question using a single word or phrase.",0.01930989728811143,0.0,3.780690102711888,0.25755934745840336,0.0,3.5424406525415963,0.3573275545764685,0.0,3.4426724454235313,0.4445382594768067,0.0,3.355461740523193,1.7182254579136997,0.0,2.0817745420863,1.8550200505851153,0.0,1.9449799494148845,1.9459204048653924,0.1,1.8540795951346074
2770,2.1,1-3m,0.4,p90,p90,p90,0.6310402350321864,5.604383561667495,1.2068506946652187,0.44166319622016015,0.9033056594793538,"<image>These are frames of a video.
Measuring from the closest point of each object, what is the direct distance between the shoe rack and the file folder (in meters)?
Please answer the question using a single word or phrase.",0.03545206890322458,0.0,2.0645479310967754,0.26210907030259506,0.0,1.837890929697405,0.3365585978324098,0.0,1.7634414021675902,0.6391387644269174,0.0,1.4608612355730828,0.9033056594793538,0.0,1.1966943405206463,1.0808019606470776,0.1,1.0191980393529225,1.4689597649678137,0.4,0.6310402350321864
2771,3.2,>=3m,0.0,min|p05|p10|p25|median|p75|p90,p90,p90,2.638454465317462,8.19232250490063,0.4930001942926029,0.316283309403286,0.3017998481445096,"<image>These are frames of a video.
Measuring from the closest point of each object, what is the direct distance between the computer mouse and the nightstand (in meters)?
Please answer the question using a single word or phrase.",0.0007221208155397025,0.0,3.1992778791844603,0.06854534038993489,0.0,3.1314546596100654,0.08961351766194108,0.0,3.110386482338059,0.16453988077961848,0.0,3.0354601192203816,0.3017998481445096,0.0,2.8982001518554905,0.4808231901829045,0.0,2.7191768098170956,0.5615455346825378,0.0,2.638454465317462
2773,4.0,>=3m,0.0,min|p05|p10|p25|median|p75|p90,p90,p90,3.0223927749797803,1.615148937293549,0.3723334930148212,0.20943424552290413,0.7782154065679644,"<image>These are frames of a video.
Measuring from the closest point of each object, what is the direct distance between the fireplace and the sofa (in meters)?
Please answer the question using a single word or phrase.",0.4712837094542912,0.0,3.5287162905457086,0.6052737320053984,0.0,3.3947262679946015,0.6275425877927936,0.0,3.3724574122072064,0.6923797582463405,0.0,3.3076202417536598,0.7782154065679644,0.0,3.2217845934320355,0.9018140037692446,0.0,3.0981859962307556,0.9776072250202196,0.0,3.0223927749797803
2774,4.2,>=3m,0.0,min|p05|p10|p25|median|p75|p90,p90,p90,2.507303675960065,2.051759097588772,0.8676987275729849,0.38055091868006996,1.151675125421387,"<image>These are frames of a video.
Measuring from the closest point of each object, what is the direct distance between the nightstand and the counter (in meters)?
Please answer the question using a single word or phrase.",0.7326784356515731,0.0,3.467321564348427,0.8249975964669499,0.0,3.3750024035330504,0.8642558478635441,0.0,3.335744152136456,1.0150678975010623,0.0,3.184932102498938,1.151675125421387,0.0,3.048324874578613,1.3956188161811323,0.0,2.804381183818868,1.6926963240399349,0.0,2.507303675960065
2775,1.5,1-3m,0.6,p90,p90,p90,0.3161676909890685,2.2516713547271676,0.6580751613145817,0.2863049813291676,0.9808902175028229,"<image>These are frames of a video.
Measuring from the closest point of each object, what is the direct distance between the blanket and the door (in meters)?
Please answer the question using a single word or phrase.",0.21826239757970067,0.0,1.2817376024202993,0.5257571476963498,0.0,0.9742428523036502,0.6106256503053467,0.0,0.8893743496946533,0.8096902941008679,0.1,0.6903097058991321,0.9808902175028229,0.4,0.5191097824971771,1.0959952754300355,0.5,0.4040047245699645,1.1838323090109315,0.6,0.3161676909890685
2777,3.6,>=3m,0.0,min|p05|p10|p25|median|p75|p90,p90,p90,2.0527517478308064,5.290704922071575,1.2548017303995826,0.8293497899852698,0.8874300767727817,"<image>These are frames of a video.
Measuring from the closest point of each object, what is the direct distance between the keyboard and the tv (in meters)?
Please answer the question using a single word or phrase.",0.0020092741861707534,0.0,3.5979907258138293,0.2924465217696111,0.0,3.307553478230389,0.3891398184487067,0.0,3.2108601815512934,0.5226892588972316,0.0,3.0773107411027683,0.8874300767727817,0.0,2.7125699232272185,1.3520390488825014,0.0,2.2479609511174985,1.5472482521691937,0.0,2.0527517478308064
2779,0.7,<1m,0.9,p75,p75,p75,0.04052532740687176,3.4152506511670264,0.6278001620614121,0.27475766145643066,0.58444938344934,"<image>These are frames of a video.
Measuring from the closest point of each object, what is the direct distance between the door and the bed (in meters)?
Please answer the question using a single word or phrase.",0.0,0.0,0.7,0.2599316811106396,0.0,0.4400683188893604,0.35997407084902927,0.1,0.3400259291509707,0.46576766595044106,0.4,0.2342323340495589,0.58444938344934,0.7,0.1155506165506599,0.7405253274068717,0.9,0.04052532740687176,0.8877318431720517,0.5,0.18773184317205172
2780,2.4,1-3m,0.4,p90,p90,p90,0.8172252449939925,4.250516273542435,1.2104023999445592,0.9120242758914967,0.636161519342803,"<image>These are frames of a video.
Measuring from the closest point of each object, what is the direct distance between the table and the tv (in meters)?
Please answer the question using a single word or phrase.",0.1805205672420487,0.0,2.219479432757951,0.3723723550614482,0.0,2.0276276449385517,0.41527803910005173,0.0,1.9847219608999482,0.501088142647127,0.0,1.898911857352873,0.636161519342803,0.0,1.763838480657197,1.4131124185386237,0.2,0.9868875814613762,1.5827747550060074,0.4,0.8172252449939925
2781,0.5,<1m,0.9,p25,p25,p25,0.04777619454479953,7.132028945210367,0.974044279842315,0.560344652069568,0.6911940027930192,"<image>These are frames of a video.
Measuring from the closest point of each object, what is the direct distance between the door and the paper bag (in meters)?
Please answer the question using a single word or phrase.",0.04273341904701527,0.0,0.4572665809529847,0.15884534932000377,0.0,0.34115465067999623,0.20760959369206514,0.0,0.2923904063079349,0.45222380545520047,0.9,0.04777619454479953,0.6911940027930192,0.3,0.19119400279301924,1.0125684575247684,0.0,0.5125684575247684,1.1328896291623187,0.0,0.6328896291623187
2783,5.1,>=3m,0.0,min|p05|p10|p25|median|p75|p90,p90,p90,2.5658253083786096,5.102982261496257,2.0375680875297784,1.3001541932163607,2.058564708462669,"<image>These are frames of a video.
Measuring from the closest point of each object, what is the direct distance between the door and the window (in meters)?
Please answer the question using a single word or phrase.",0.3014697144021154,0.0,4.798530285597884,0.4966066040916119,0.0,4.6033933959083875,0.6629991314983862,0.0,4.437000868501613,1.1872820759401406,0.0,3.912717924059859,2.058564708462669,0.0,3.0414352915373306,2.4874362691565013,0.0,2.6125637308434984,2.53417469162139,0.0,2.5658253083786096
2784,4.3,>=3m,0.0,min|p05|p10|p25|median|p75|p90,p90,p90,3.512446780228372,13.375507968410117,0.7286729722601578,0.4830539506844365,0.5101940342878254,"<image>These are frames of a video.
Measuring from the closest point of each object, what is the direct distance between the chair and the stool (in meters)?
Please answer the question using a single word or phrase.",0.00043735793173508897,0.0,4.299562642068265,0.058880247511470064,0.0,4.24111975248853,0.08470305967721269,0.0,4.215296940322787,0.14940291333711347,0.0,4.150597086662886,0.5101940342878254,0.0,3.7898059657121745,0.63245686402155,0.0,3.66754313597845,0.7875532197716278,0.0,3.512446780228372
2785,1.4,1-3m,0.9,median|p75,median,median,0.11294743337981528,2.629981345229592,1.1294838816260429,0.5509900518964095,1.2870525666201846,"<image>These are frames of a video.
Measuring from the closest point of each object, what is the direct distance between the ceiling light and the suitcase (in meters)?
Please answer the question using a single word or phrase.",0.642861147578821,0.0,0.757138852421179,0.6929428271873558,0.0,0.7070571728126441,0.709982740397929,0.1,0.6900172596020709,0.9864853231332182,0.5,0.41351467686678167,1.2870525666201846,0.9,0.11294743337981528,1.5374753750296277,0.9,0.1374753750296278,1.8224267088133985,0.4,0.4224267088133986
2786,1.3,1-3m,0.4,p90,p90,p90,0.39956186506052704,5.5738183236074175,0.7388903264783062,0.35161044686151266,0.5307573761170399,"<image>These are frames of a video.
Measuring from the closest point of each object, what is the direct distance between the stool and the table (in meters)?
Please answer the question using a single word or phrase.",0.0009664803308662399,0.0,1.2990335196691338,0.16154780846116681,0.0,1.1384521915388333,0.29325342096958334,0.0,1.0067465790304166,0.3910535693607511,0.0,0.908946430639249,0.5307573761170399,0.0,0.7692426238829602,0.7426640162222637,0.2,0.5573359837777363,0.900438134939473,0.4,0.39956186506052704
2787,2.9,1-3m,0.0,min|p05|p10|p25|median|p75|p90,p90,p90,1.6297179402331052,2.0210990486541016,0.6417715171426694,0.312716397379872,0.9781943837125668,"<image>These are frames of a video.
Measuring from the closest point of each object, what is the direct distance between the door and the sofa (in meters)?
Please answer the question using a single word or phrase.",0.36853348967865934,0.0,2.5314665103213407,0.6285105426242252,0.0,2.2714894573757745,0.6932615549737363,0.0,2.2067384450262635,0.8348891522260243,0.0,2.0651108477739757,0.9781943837125668,0.0,1.921805616287433,1.1476055496058963,0.0,1.7523944503941036,1.2702820597668947,0.0,1.6297179402331052
2788,0.9,<1m,0.8,median,median,median,0.12959820228787755,2.89729081936228,0.8148092666308793,0.4795285965278284,1.0295982022878776,"<image>These are frames of a video.
Measuring from the closest point of each object, what is the direct distance between the desk and the window (in meters)?
Please answer the question using a single word or phrase.",0.19062795699377874,0.0,0.7093720430062213,0.42945934187609364,0.0,0.4705406581239064,0.48826717970443856,0.1,0.41173282029556146,0.6837082924810856,0.6,0.21629170751891447,1.0295982022878776,0.8,0.12959820228787755,1.163236889008914,0.5,0.26323688900891395,1.244268608506973,0.3,0.34426860850697294
2789,1.0,1-3m,0.8,p90,p90,p90,0.11503823952966097,11.431677299909834,1.017498901226396,0.4543441055204806,0.5605409949975717,"<image>These are frames of a video.
Measuring from the closest point of each object, what is the direct distance between the stool and the table (in meters)?
Please answer the question using a single word or phrase.",0.0,0.0,1.0,0.09753933830326506,0.0,0.902460661696735,0.16233477649590525,0.0,0.8376652235040948,0.36590474175951876,0.0,0.6340952582404813,0.5605409949975717,0.2,0.4394590050024283,0.8202488472799994,0.7,0.17975115272000064,1.115038239529661,0.8,0.11503823952966097
2790,1.3,1-3m,1.0,p75,p75,p75,0.024031980457934754,1.8401468776795018,0.6759778861623835,0.3249715093715656,1.1524391516755115,"<image>These are frames of a video.
Measuring from the closest point of each object, what is the direct distance between the window and the table (in meters)?
Please answer the question using a single word or phrase.",0.4932292732172329,0.0,0.8067707267827671,0.8045948918234922,0.3,0.49540510817650785,0.8691400571834216,0.4,0.43085994281657847,0.9990604710863692,0.6,0.30093952891363085,1.1524391516755115,0.8,0.14756084832448857,1.3240319804579348,1.0,0.024031980457934754,1.4805727779858757,0.8,0.18057277798587568
2791,0.9,<1m,0.9,median,median,median,0.06182929726703967,2.7306401561135365,0.9726396493234286,0.5371345828048419,0.9618292972670397,"<image>These are frames of a video.
Measuring from the closest point of each object, what is the direct distance between the tv and the bed (in meters)?
Please answer the question using a single word or phrase.",0.17186639884914492,0.0,0.7281336011508551,0.5620114879962486,0.3,0.33798851200375146,0.6298833097560906,0.4,0.2701166902439094,0.7371201288145934,0.7,0.1628798711854066,0.9618292972670397,0.9,0.06182929726703967,1.2742547116194354,0.2,0.37425471161943535,1.5346511373196772,0.0,0.6346511373196771
2792,0.7,<1m,0.8,median|p75,p75,p75,0.075547430154421,4.505248394409195,0.7281364929614361,0.41707550242027347,0.6072095710768575,"<image>These are frames of a video.
Measuring from the closest point of each object, what is the direct distance between the stool and the sofa (in meters)?
Please answer the question using a single word or phrase.",0.0,0.0,0.7,0.20772750202890045,0.0,0.4922724979710995,0.24428241188770447,0.0,0.45571758811229546,0.3584719277341475,0.1,0.34152807226585247,0.6072095710768575,0.8,0.09279042892314249,0.775547430154421,0.8,0.075547430154421,0.9358639949903366,0.4,0.2358639949903366
2793,1.7,1-3m,1.0,p90,p90,p90,0.04535012698502383,8.02008660894757,1.4483366555032133,1.128922422108456,0.6501208269273417,"<image>These are frames of a video.
Measuring from the closest point of each object, what is the direct distance between the microwave and the heater (in meters)?
Please answer the question using a single word or phrase.",0.0,0.0,1.7,0.2063132175117628,0.0,1.4936867824882372,0.25726901025635385,0.0,1.4427309897436462,0.37529400339774954,0.0,1.3247059966022503,0.6501208269273417,0.0,1.0498791730726582,1.5042164255062054,0.8,0.19578357449379458,1.6546498730149761,1.0,0.04535012698502383
2794,1.3,1-3m,0.5,p90,p90,p90,0.34749103762240074,7.3080808408064915,0.8221725603691502,0.4135320188520364,0.4411018502419951,"<image>These are frames of a video.
Measuring from the closest point of each object, what is the direct distance between the telephone and the table (in meters)?
Please answer the question using a single word or phrase.",0.003260592044667197,0.0,1.296739407955333,0.13033640200844906,0.0,1.169663597991551,0.17116114986600228,0.0,1.1288388501339979,0.25122772832879425,0.0,1.0487722716712058,0.4411018502419951,0.0,0.8588981497580049,0.6647597471808306,0.1,0.6352402528191694,0.9525089623775993,0.5,0.34749103762240074
2795,0.7,<1m,0.9,p75,p75,p75,0.06312391806981954,3.2845727962302504,0.7071752723926296,0.20057543707208747,0.534156531281194,"<image>These are frames of a video.
Measuring from the closest point of each object, what is the direct distance between the table and the sofa (in meters)?
Please answer the question using a single word or phrase.",0.18503914285145678,0.0,0.5149608571485431,0.30954376834020436,0.0,0.3904562316597956,0.35562252412125134,0.1,0.3443774758787486,0.43630064485809295,0.3,0.263699355141907,0.534156531281194,0.6,0.16584346871880595,0.6368760819301804,0.9,0.06312391806981954,1.016719040732834,0.1,0.31671904073283397
2796,2.5,1-3m,0.0,min|p05|p10|p25|median|p75|p90,p90,p90,1.2587869909503842,4.4950373019744925,0.9650833741510578,0.6997389931953395,1.066001901418598,"<image>These are frames of a video.
Measuring from the closest point of each object, what is the direct distance between the heater and the chair (in meters)?
Please answer the question using a single word or phrase.",0.11144388006564086,0.0,2.3885561199343592,0.276129634898558,0.0,2.223870365101442,0.3334551602595976,0.0,2.1665448397404026,0.4765931364284333,0.0,2.0234068635715667,1.066001901418598,0.0,1.433998098581402,1.1763321296237728,0.0,1.3236678703762272,1.2412130090496158,0.0,1.2587869909503842
2797,4.9,>=3m,0.0,min|p05|p10|p25|median|p75|p90,p90,p90,3.665843636693343,7.425204820195973,1.0679446030667448,0.8363720844665917,0.8392243786515543,"<image>These are frames of a video.
Measuring from the closest point of each object, what is the direct distance between the stool and the refrigerator (in meters)?
Please answer the question using a single word or phrase.",0.048696872071334954,0.0,4.851303127928666,0.16621176023991274,0.0,4.733788239760088,0.18881341307326938,0.0,4.711186586926731,0.2616315029583881,0.0,4.638368497041612,0.8392243786515543,0.0,4.060775621348446,1.0980035874249798,0.0,3.8019964125750203,1.2341563633066575,0.0,3.665843636693343
2798,0.7,<1m,0.9,p75,p75,p75,0.048791896934667345,5.777146380684824,0.695444352960943,0.3831481421519528,0.4888427624861108,"<image>These are frames of a video.
Measuring from the closest point of each object, what is the direct distance between the sofa and the toilet (in meters)?
Please answer the question using a single word or phrase.",0.0,0.0,0.7,0.14557735885439793,0.0,0.554422641145602,0.23912745960832044,0.0,0.4608725403916795,0.3656437547827145,0.1,0.33435624521728546,0.4888427624861108,0.4,0.21115723751388915,0.7487918969346673,0.9,0.048791896934667345,0.8410217118153409,0.6,0.14102171181534096
2799,3.3,>=3m,0.3,median|p75|p90,p90,p90,1.2052375840865457,1.0975979899675177,0.18626546615551365,0.10236293056524715,1.9938769900989033,"<image>These are frames of a video.
Measuring from the closest point of each object, what is the direct distance between the trash bin and the plant (in meters)?
Please answer the question using a single word or phrase.",1.854559298879316,0.2,1.4454407011206838,1.9084969497579405,0.2,1.3915030502420593,1.9216444338020993,0.2,1.3783555661979006,1.9492709525922371,0.2,1.3507290474077627,1.9938769900989033,0.3,1.3061230099010965,2.0516338831574843,0.3,1.2483661168425155,2.094762415913454,0.3,1.2052375840865457
2800,2.4,1-3m,0.0,min|p05|p10|p25|median|p75|p90,p90,p90,1.35773465868235,1.1645409812408045,0.14726434254890874,0.0694226008939478,0.9797274611090266,"<image>These are frames of a video.
Measuring from the closest point of each object, what is the direct distance between the trash bin and the backpack (in meters)?
Please answer the question using a single word or phrase.",0.8346937140172421,0.0,1.5653062859827578,0.8950009987687412,0.0,1.5049990012312588,0.9131810308760162,0.0,1.4868189691239837,0.9447761419110261,0.0,1.4552238580889738,0.9797274611090266,0.0,1.4202725388909734,1.014198742804974,0.0,1.385801257195026,1.04226534131765,0.0,1.35773465868235
2801,1.0,1-3m,1.0,p90,p90,p90,0.02819371053360109,2.889832924709157,0.635521696278644,0.3293141035171344,0.6211771875769743,"<image>These are frames of a video.
Measuring from the closest point of each object, what is the direct distance between the refrigerator and the table (in meters)?
Please answer the question using a single word or phrase.",0.006404577158908218,0.0,0.9935954228410918,0.33628459318775494,0.0,0.6637154068122451,0.36709794737799506,0.0,0.6329020526220049,0.4403459899567834,0.0,0.5596540100432166,0.6211771875769743,0.3,0.37882281242302573,0.7696600934739178,0.6,0.23033990652608216,0.9718062894663989,1.0,0.02819371053360109
2802,1.8,1-3m,1.0,p90,p90,p90,0.08561654791544426,3.708778433180844,1.3771967051322669,0.5704441077440341,1.165458950309565,"<image>These are frames of a video.
Measuring from the closest point of each object, what is the direct distance between the radiator and the refrigerator (in meters)?
Please answer the question using a single word or phrase.",0.09544269689097334,0.0,1.7045573031090266,0.5084198427831775,0.0,1.2915801572168224,0.6801754328970839,0.0,1.1198245671029161,0.9238325779965475,0.1,0.8761674220034525,1.165458950309565,0.3,0.6345410496904351,1.4942766857405816,0.7,0.30572331425941845,1.8856165479154443,1.0,0.08561654791544426
2803,1.8,1-3m,1.0,p90,p90,p90,0.031886419549721046,3.574648151026629,1.2734876744174064,0.5941286200923677,1.1953436016099444,"<image>These are frames of a video.
Measuring from the closest point of each object, what is the direct distance between the toilet and the table (in meters)?
Please answer the question using a single word or phrase.",0.3939709939237429,0.0,1.406029006076257,0.4946259060328726,0.0,1.3053740939671274,0.5238118407129431,0.0,1.276188159287057,0.8891102154387174,0.0,0.9108897845612827,1.1953436016099444,0.4,0.6046563983900557,1.483238835531085,0.7,0.316761164468915,1.768113580450279,1.0,0.031886419549721046
2804,1.6,1-3m,0.0,min|p05|p10|p25|median|p75|p90,p90,p90,0.8144628253319982,1.8524393508595314,0.361481631741043,0.1724856042979136,0.6320316478419656,"<image>These are frames of a video.
Measuring from the closest point of each object, what is the direct distance between the door and the bookshelf (in meters)?
Please answer the question using a single word or phrase.",0.2443615195645295,0.0,1.3556384804354706,0.4240555429269589,0.0,1.175944457073041,0.4698206930625439,0.0,1.1301793069374562,0.5451371755246718,0.0,1.0548628244753284,0.6320316478419656,0.0,0.9679683521580345,0.7176227798225854,0.0,0.8823772201774147,0.7855371746680019,0.0,0.8144628253319982
2805,4.4,>=3m,0.0,min|p05|p10|p25|median|p75|p90,p90,p90,2.6583796829769364,9.661678095566925,1.5613596728786299,0.7171878287301744,0.7391641371335864,"<image>These are frames of a video.
Measuring from the closest point of each object, what is the direct distance between the pillow and the counter (in meters)?
Please answer the question using a single word or phrase.",0.0028677883136374784,0.0,4.397132211686363,0.18026064414443416,0.0,4.219739355855566,0.3052445471708735,0.0,4.094755452829127,0.4492527202580917,0.0,3.9507472797419085,0.7391641371335864,0.0,3.660835862866414,1.166440548988266,0.0,3.2335594510117343,1.741620317023064,0.0,2.6583796829769364
2806,1.4,1-3m,0.5,p90,p90,p90,0.36200544942216606,5.332182330833249,0.8433285608993397,0.3344244483532037,0.4737232618614803,"<image>These are frames of a video.
Measuring from the closest point of each object, what is the direct distance between the chair and the bathtub (in meters)?
Please answer the question using a single word or phrase.",0.036838160110997144,0.0,1.3631618398890029,0.1946659896784941,0.0,1.2053340103215058,0.2266157627449413,0.0,1.1733842372550587,0.2972664678510563,0.0,1.1027335321489435,0.4737232618614803,0.0,0.9262767381385196,0.63169091620426,0.0,0.7683090837957399,1.0379945505778339,0.5,0.36200544942216606
2807,2.4,1-3m,1.0,p90,p90,p90,0.07410077603263554,6.499252050801769,1.9680273941342017,0.8262599428919163,1.2104328614710702,"<image>These are frames of a video.
Measuring from the closest point of each object, what is the direct distance between the keyboard and the door (in meters)?
Please answer the question using a single word or phrase.",0.0031304463602682573,0.0,2.3968695536397315,0.3578718298331627,0.0,2.042128170166837,0.5026456080335001,0.0,1.8973543919664997,0.8866500415220612,0.0,1.5133499584779386,1.2104328614710702,0.1,1.1895671385289297,1.7129099844139775,0.5,0.6870900155860225,2.3258992239673644,1.0,0.07410077603263554
2808,3.0,>=3m,0.0,min|p05|p10|p25|median|p75|p90,p90,p90,1.5955681265110218,1.0326734495814638,0.044435764304428194,0.021840271648658538,1.384308476320541,"<image>These are frames of a video.
Measuring from the closest point of each object, what is the direct distance between the whiteboard and the headphones (in meters)?
Please answer the question using a single word or phrase.",1.3175218846206829,0.0,1.6824781153793171,1.35999610918455,0.0,1.64000389081545,1.364425938574628,0.0,1.635574061425372,1.3732878818820367,0.0,1.6267121181179633,1.384308476320541,0.0,1.615691523679459,1.3951281535306952,0.0,1.6048718464693048,1.4044318734889782,0.0,1.5955681265110218
2809,1.0,1-3m,0.7,p75,p75,p75,0.17434329229620882,3.365134999584328,0.972879721008775,0.3652351526847772,0.5052675691938044,"<image>These are frames of a video.
Measuring from the closest point of each object, what is the direct distance between the bookshelf and the heater (in meters)?
Please answer the question using a single word or phrase.",0.33953710715225166,0.0,0.6604628928477483,0.41134215221531045,0.0,0.5886578477846895,0.4285207464382773,0.0,0.5714792535617227,0.460421555019014,0.0,0.539578444980986,0.5052675691938044,0.1,0.49473243080619556,0.8256567077037912,0.7,0.17434329229620882,1.3842218732240854,0.3,0.3842218732240854
2810,2.5,1-3m,0.7,p90,p90,p90,0.47398844870241463,9.65197584178907,1.8161051461731763,1.0913813451288643,1.3955498520163645,"<image>These are frames of a video.
Measuring from the closest point of each object, what is the direct distance between the bed and the tv (in meters)?
Please answer the question using a single word or phrase.",0.004706141998350722,0.0,2.4952938580016495,0.20990640512440903,0.0,2.290093594875591,0.3143510738679479,0.0,2.185648926132052,0.5127300256146556,0.0,1.9872699743853444,1.3955498520163645,0.2,1.1044501479836355,1.60411137074352,0.3,0.89588862925648,2.0260115512975854,0.7,0.47398844870241463
2811,1.9,1-3m,0.0,min|p05|p10|p25|median|p75|p90,p90,p90,1.0057511299776696,1.4907632826199533,0.2943891334377762,0.19690429716787194,0.724760147290193,"<image>These are frames of a video.
Measuring from the closest point of each object, what is the direct distance between the fireplace and the stool (in meters)?
Please answer the question using a single word or phrase.",0.500061757749686,0.0,1.399938242250314,0.599859736584554,0.0,1.3001402634154458,0.613902505305202,0.0,1.2860974946947978,0.6453362094881125,0.0,1.2546637905118874,0.724760147290193,0.0,1.175239852709807,0.8422405066559845,0.0,1.0577594933440153,0.8942488700223302,0.0,1.0057511299776696
2812,0.8,<1m,0.9,p75,p75,p75,0.05454254713560924,2.7070285991615144,0.6272965301465387,0.3010452928728017,0.7120809749845343,"<image>These are frames of a video.
Measuring from the closest point of each object, what is the direct distance between the door and the bed (in meters)?
Please answer the question using a single word or phrase.",0.0912507400437029,0.0,0.7087492599562971,0.36747862950548354,0.0,0.4325213704945165,0.42425126269908064,0.1,0.3757487373009194,0.5534972542628076,0.4,0.24650274573719244,0.7120809749845343,0.8,0.08791902501546578,0.8545425471356093,0.9,0.05454254713560924,0.9947751596520223,0.6,0.1947751596520223
2813,0.9,<1m,1.0,p75,p75,p75,0.0370089442569389,2.162729092569766,0.5569876857316711,0.2681822440665541,0.791889577221976,"<image>These are frames of a video.
Measuring from the closest point of each object, what is the direct distance between the closet and the bed (in meters)?
Please answer the question using a single word or phrase.",0.18571588337808131,0.0,0.7142841166219187,0.47903478917919196,0.1,0.42096521082080807,0.5537907377572377,0.3,0.3462092622427623,0.6688267001903848,0.5,0.2311732998096152,0.791889577221976,0.8,0.10811042277802407,0.9370089442569389,1.0,0.0370089442569389,1.036022474910863,0.7,0.13602247491086306
2814,1.9,1-3m,0.5,p90,p90,p90,0.5223031428585034,14.350686945778758,1.2816947032134753,0.3056499716837223,0.9064699740533446,"<image>These are frames of a video.
Measuring from the closest point of each object, what is the direct distance between the keyboard and the shoes (in meters)?
Please answer the question using a single word or phrase.",0.028263587845578583,0.0,1.8717364121544213,0.09600215392802118,0.0,1.8039978460719788,0.13229538056076245,0.0,1.7677046194392374,0.6772437300515638,0.0,1.222756269948436,0.9064699740533446,0.0,0.9935300259466553,0.9828937017352861,0.1,0.9171062982647138,1.3776968571414965,0.5,0.5223031428585034
2815,3.2,>=3m,0.2,p90,p90,p90,1.40535441263825,2.138605119718249,0.9554791742568446,0.5804000297395064,1.635772259307942,"<image>These are frames of a video.
Measuring from the closest point of each object, what is the direct distance between the door and the chair (in meters)?
Please answer the question using a single word or phrase.",0.4200971752678698,0.0,2.7799028247321305,0.8391664131049056,0.0,2.3608335868950947,0.9102437762200358,0.0,2.2897562237799645,1.1515427668690696,0.0,2.0484572331309305,1.635772259307942,0.1,1.5642277406920582,1.731942796608576,0.1,1.468057203391424,1.7946455873617502,0.2,1.40535441263825
2816,1.5,1-3m,1.0,median,median,median,0.05455114032030184,11.57336239509702,2.0589579623181455,1.2944533378081537,1.4454488596796982,"<image>These are frames of a video.
Measuring from the closest point of each object, what is the direct distance between the door and the heater (in meters)?
Please answer the question using a single word or phrase.",0.007358761500693981,0.0,1.492641238499306,0.1947306717939514,0.0,1.3052693282060486,0.24240872122400217,0.0,1.2575912787759977,0.6542328356189668,0.0,0.8457671643810332,1.4454488596796982,1.0,0.05455114032030184,1.9486861734271206,0.5,0.4486861734271206,2.253688634112097,0.0,0.753688634112097
2817,2.2,1-3m,0.7,p90,p90,p90,0.3815423078777631,1.84401733447673,0.8323185392393527,0.4958599032155673,1.5000871165504701,"<image>These are frames of a video.
Measuring from the closest point of each object, what is the direct distance between the blanket and the door (in meters)?
Please answer the question using a single word or phrase.",0.8970247922158147,0.0,1.3029752077841854,0.9861391528828843,0.0,1.213860847117116,1.0287108249021046,0.0,1.1712891750978955,1.2043075060766226,0.1,0.9956924939233776,1.5000871165504701,0.4,0.6999128834495301,1.70016740929219,0.6,0.4998325907078103,1.818457692122237,0.7,0.3815423078777631
2818,10.3,>=3m,0.0,min|p05|p10|p25|median|p75|p90,p90,p90,9.148510223868978,15.025105918122714,1.0748520617344712,0.7734692787332504,0.5460881171431534,"<image>These are frames of a video.
Measuring from the closest point of each object, what is the direct distance between the telephone and the trash can (in meters)?
Please answer the question using a single word or phrase.",0.0240165026829,0.0,10.275983497317101,0.07663771439655138,0.0,10.22336228560345,0.09387700884463925,0.0,10.206122991155361,0.17735232468499376,0.0,10.122647675315006,0.5460881171431534,0.0,9.753911882856848,0.9508216034182442,0.0,9.349178396581756,1.1514897761310225,0.0,9.148510223868978
2819,6.4,>=3m,0.0,min|p05|p10|p25|median|p75|p90,p90,p90,4.412916161650676,14.258088518550666,1.8477184643888527,0.500272091338807,1.3377492976966623,"<image>These are frames of a video.
Measuring from the closest point of each object, what is the direct distance between the computer mouse and the nightstand (in meters)?
Please answer the question using a single word or phrase.",0.0024167046224096637,0.0,6.397583295377591,0.1393653739604719,0.0,6.260634626039528,0.20159681722617862,0.0,6.198403182773822,1.1480150820608812,0.0,5.251984917939119,1.3377492976966623,0.0,5.062250702303338,1.6482871733996882,0.0,4.751712826600312,1.9870838383493246,0.0,4.412916161650676
2820,2.2,1-3m,0.4,p90,p90,p90,0.680108170125602,8.418105265475178,1.3393414825049175,0.7921611479931917,1.0749040198197428,"<image>These are frames of a video.
Measuring from the closest point of each object, what is the direct distance between the blanket and the cushion (in meters)?
Please answer the question using a single word or phrase.",0.0,0.0,2.2,0.18055034736948072,0.0,2.0194496526305192,0.24334719695706986,0.0,1.9566528030429304,0.5131676242104363,0.0,1.6868323757895638,1.0749040198197428,0.0,1.1250959801802574,1.305328772203628,0.2,0.8946712277963722,1.5198918298743982,0.4,0.680108170125602
2821,2.3,1-3m,0.2,p90,p90,p90,1.0095601123115328,3.861006090124413,0.9562161497386299,0.6116778678476722,0.9888043659312729,"<image>These are frames of a video.
Measuring from the closest point of each object, what is the direct distance between the tv and the sofa (in meters)?
Please answer the question using a single word or phrase.",0.0670597124261113,0.0,2.2329402875738884,0.3342237379498371,0.0,1.9657762620501626,0.4128236626445106,0.0,1.8871763373554893,0.6121838531251131,0.0,1.6878161468748867,0.9888043659312729,0.0,1.311195634068727,1.2238617209727853,0.1,1.0761382790272145,1.290439887688467,0.2,1.0095601123115328
2822,1.2,1-3m,0.8,p75,p75,p75,0.1687022204746924,5.912248555568739,1.2636771012949795,0.6965573843982146,0.9559963836765589,"<image>These are frames of a video.
Measuring from the closest point of each object, what is the direct distance between the counter and the table (in meters)?
Please answer the question using a single word or phrase.",0.0017618361167276617,0.0,1.1982381638832722,0.25725023622072624,0.0,0.9427497637792737,0.40016909949502666,0.0,0.7998309005049733,0.6721448360764778,0.2,0.5278551639235222,0.9559963836765589,0.6,0.24400361632344103,1.3687022204746924,0.8,0.1687022204746924,1.5209273375157057,0.5,0.3209273375157058
2823,2.3,1-3m,0.9,p90,p90,p90,0.21604228544962245,13.26615092559168,1.92686936795768,0.9431114927888242,1.56777844844164,"<image>These are frames of a video.
Measuring from the closest point of each object, what is the direct distance between the mirror and the window (in meters)?
Please answer the question using a single word or phrase.",0.004716170485323599,0.0,2.295283829514676,0.15708834659269727,0.0,2.1429116534073027,0.29540522307060807,0.0,2.004594776929392,0.8170939298687294,0.0,1.4829060701312704,1.56777844844164,0.4,0.7322215515583599,1.7602054226575536,0.6,0.5397945773424462,2.0839577145503774,0.9,0.21604228544962245
2824,1.3,1-3m,0.8,p90,p90,p90,0.17805597552229457,2.5876327651161732,0.688364716160617,0.3202895701666918,0.9140146368876378,"<image>These are frames of a video.
Measuring from the closest point of each object, what is the direct distance between the laptop and the pillow (in meters)?
Please answer the question using a single word or phrase.",0.1934032300798811,0.0,1.106596769920119,0.43357930831708846,0.0,0.8664206916829116,0.48662662982820665,0.0,0.8133733701717933,0.6760221220314977,0.1,0.6239778779685023,0.9140146368876378,0.5,0.3859853631123622,0.9963116921981895,0.6,0.30368830780181055,1.1219440244777055,0.8,0.17805597552229457
2825,3.3,>=3m,0.0,min|p05|p10|p25|median|p75|p90,p90,p90,1.8752252577238546,1.2667489877872644,0.3000256751662378,0.12881397991952737,1.2564715667627315,"<image>These are frames of a video.
Measuring from the closest point of each object, what is the direct distance between the sofa and the toilet (in meters)?
Please answer the question using a single word or phrase.",0.7936899396026204,0.0,2.5063100603973796,1.1247490671099074,0.0,2.1752509328900924,1.1643171638991825,0.0,2.135682836100817,1.216964761345182,0.0,2.083035238654818,1.2564715667627315,0.0,2.0435284332372685,1.3457787412647093,0.0,1.9542212587352905,1.4247747422761452,0.0,1.8752252577238546
2826,10.2,>=3m,0.0,min|p05|p10|p25|median|p75|p90,p90,p90,8.271493027639028,2.135215252313809,1.0253160784821647,0.8335796101473594,1.8474634406046788,"<image>These are frames of a video.
Measuring from the closest point of each object, what is the direct distance between the tv and the dishwasher (in meters)?
Please answer the question using a single word or phrase.",0.7710717475260143,0.0,9.428928252473986,0.9031908938788069,0.0,9.296809106121191,0.9400786549474449,0.0,9.259921345052554,1.052106747403069,0.0,9.14789325259693,1.8474634406046788,0.0,8.35253655939532,1.8856863575504283,0.0,8.314313642449571,1.9285069723609716,0.0,8.271493027639028
2827,1.2,1-3m,0.7,p90,p90,p90,0.2387920229942997,2.159619650888412,0.7725672910594806,0.18353164009982137,0.8445535483666347,"<image>These are frames of a video.
Measuring from the closest point of each object, what is the direct distance between the trash bin and the table (in meters)?
Please answer the question using a single word or phrase.",0.517539257508427,0.0,0.682460742491573,0.666224731934819,0.2,0.5337752680651809,0.7005791960700907,0.2,0.4994208039299093,0.7643236614261506,0.3,0.43567633857384935,0.8445535483666347,0.5,0.3554464516333653,0.947855301525972,0.6,0.252144698474028,1.4387920229942996,0.7,0.2387920229942997
2828,4.6,>=3m,0.0,min|p05|p10|p25|median|p75|p90,p90,p90,2.5771154074743974,3.617060249948225,1.4636225253387043,0.5602648681351616,1.5365285658142789,"<image>These are frames of a video.
Measuring from the closest point of each object, what is the direct distance between the door and the kettle (in meters)?
Please answer the question using a single word or phrase.",0.059363729930768175,0.0,4.540636270069231,0.559262067186898,0.0,4.0407379328131015,0.6565988563878201,0.0,3.9434011436121796,1.1566955632924674,0.0,3.4433044367075323,1.5365285658142789,0.0,3.063471434185721,1.716960431427629,0.0,2.8830395685723706,2.0228845925256023,0.0,2.5771154074743974
2829,1.0,1-3m,0.2,p25,p25,p25,0.4338806940792065,5.440112133677673,1.8507931874921844,1.62808998866653,1.6611848880812423,"<image>These are frames of a video.
Measuring from the closest point of each object, what is the direct distance between the power strip and the table lamp (in meters)?
Please answer the question using a single word or phrase.",0.29102599203197055,0.0,0.7089740079680295,0.416834785197013,0.0,0.583165214802987,0.4818872467139205,0.0,0.5181127532860794,0.5661193059207935,0.2,0.4338806940792065,1.6611848880812423,0.0,0.6611848880812423,2.1942092945873237,0.0,1.1942092945873237,2.2676279726891972,0.0,1.2676279726891972
2830,0.5,<1m,1.0,p10,p10,p10,0.017196045843509755,3.064944851298929,0.92044970002587,0.43691825405136664,0.863526233341638,"<image>These are frames of a video.
Measuring from the closest point of each object, what is the direct distance between the desk and the window (in meters)?
Please answer the question using a single word or phrase.",0.1568621970126816,0.0,0.34313780298731844,0.4457502579048889,0.8,0.054249742095111075,0.5171960458435098,1.0,0.017196045843509755,0.6752495078779605,0.3,0.17524950787796045,0.863526233341638,0.0,0.363526233341638,1.112167761929327,0.0,0.6121677619293271,1.3661999579307589,0.0,0.8661999579307589
2831,2.0,1-3m,0.7,p90,p90,p90,0.3354259426950288,4.6777661489129665,1.308725987026428,0.8586011268298595,1.1195846085914023,"<image>These are frames of a video.
Measuring from the closest point of each object, what is the direct distance between the nightstand and the window (in meters)?
Please answer the question using a single word or phrase.",0.012988428602745015,0.0,1.987011571397255,0.3558480702785431,0.0,1.6441519297214569,0.4478084254904936,0.0,1.5521915745095063,0.6697340048220235,0.0,1.3302659951779765,1.1195846085914023,0.2,0.8804153914085977,1.528335131651883,0.6,0.47166486834811705,1.6645740573049712,0.7,0.3354259426950288
2832,3.4,>=3m,0.0,min|p05|p10|p25|median|p75|p90,p90,p90,2.492721506261813,4.076883739679591,0.6847363385847777,0.383139012998055,0.7097579311570301,"<image>These are frames of a video.
Measuring from the closest point of each object, what is the direct distance between the tv and the fireplace (in meters)?
Please answer the question using a single word or phrase.",0.09706457130447362,0.0,3.3029354286955264,0.22254215515340925,0.0,3.1774578448465904,0.2934345673328782,0.0,3.1065654326671215,0.42946647160044593,0.0,2.970533528399554,0.7097579311570301,0.0,2.69024206884297,0.8126054845985009,0.0,2.587394515401499,0.9072784937381869,0.0,2.492721506261813
2833,3.0,>=3m,0.2,p75|p90,p90,p90,1.232253659344629,1.8395016836809681,0.8067543740060172,0.34575926194687856,1.5686894392756225,"<image>These are frames of a video.
Measuring from the closest point of each object, what is the direct distance between the refrigerator and the stove (in meters)?
Please answer the question using a single word or phrase.",0.7483556346075825,0.0,2.2516443653924174,0.9609919666493538,0.0,2.039008033350646,1.033167580795859,0.0,1.966832419204141,1.3357401458786258,0.0,1.6642598541213742,1.5686894392756225,0.1,1.4313105607243775,1.6814994078255043,0.2,1.3185005921744957,1.767746340655371,0.2,1.232253659344629
2834,1.6,1-3m,0.6,median|p75|p90,p75,p75,0.322232892838207,21.609006564082588,1.8862458452298934,1.1327249591397224,1.2768835671656378,"<image>These are frames of a video.
Measuring from the closest point of each object, what is the direct distance between the telephone and the chair (in meters)?
Please answer the question using a single word or phrase.",0.0023337631678197177,0.0,1.5976662368321803,0.09152531633995624,0.0,1.5084746836600438,0.13518408914995203,0.0,1.464815910850048,0.7895079336984846,0.0,0.8104920663015155,1.2768835671656378,0.6,0.3231164328343623,1.922232892838207,0.6,0.322232892838207,1.9777711615698497,0.6,0.3777711615698496
2835,3.4,>=3m,0.0,min|p05|p10|p25|median|p75|p90,p90,p90,1.9476151207943126,1.9911122712072085,0.7229509340645083,0.5294840954726838,1.1868910036997598,"<image>These are frames of a video.
Measuring from the closest point of each object, what is the direct distance between the backpack and the towel (in meters)?
Please answer the question using a single word or phrase.",0.6224871032980018,0.0,2.777512896701998,0.729433945141179,0.0,2.670566054858821,0.7653462729279668,0.0,2.634653727072033,0.8494075221243695,0.0,2.5505924778756306,1.1868910036997598,0.0,2.21310899630024,1.3788916175970534,0.0,2.0211083824029465,1.4523848792056873,0.0,1.9476151207943126
2836,2.0,1-3m,0.4,p90,p90,p90,0.6363913962282388,2.3099674625626263,0.7732935340265777,0.36348784735054496,0.8025117478160017,"<image>These are frames of a video.
Measuring from the closest point of each object, what is the direct distance between the toilet and the bed (in meters)?
Please answer the question using a single word or phrase.",0.45585979531133164,0.0,1.5441402046886683,0.5903150697451834,0.0,1.4096849302548167,0.6274851544674928,0.0,1.3725148455325074,0.6973779001397191,0.0,1.3026220998602809,0.8025117478160017,0.0,1.1974882521839985,1.060865747490264,0.1,0.9391342525097359,1.3636086037717612,0.4,0.6363913962282388
2837,1.5,1-3m,1.0,p75,p75,p75,0.015211333752559453,2.8722940318388415,1.2186156578946055,0.7777185783783154,1.036451173962956,"<image>These are frames of a video.
Measuring from the closest point of each object, what is the direct distance between the stool and the bed (in meters)?
Please answer the question using a single word or phrase.",0.5510964871170212,0.0,0.9489035128829788,0.6508676720492257,0.0,0.8491323279507743,0.6714568639928509,0.0,0.8285431360071491,0.7374927553742441,0.0,0.7625072446257559,1.036451173962956,0.4,0.46354882603704395,1.5152113337525595,1.0,0.015211333752559453,1.8694833299438312,0.6,0.36948332994383115
2838,1.0,1-3m,0.9,p90,p90,p90,0.07838441609952895,1.2303943403762698,0.17257476531329385,0.08446442668283871,0.8396031168566802,"<image>These are frames of a video.
Measuring from the closest point of each object, what is the direct distance between the heater and the keyboard (in meters)?
Please answer the question using a single word or phrase.",0.6401282804397024,0.3,0.3598717195602976,0.7490408185871772,0.5,0.2509591814128228,0.7641262005789011,0.6,0.23587379942109887,0.7988807546770118,0.6,0.2011192453229882,0.8396031168566802,0.7,0.1603968831433198,0.8833451813598505,0.8,0.11665481864014948,0.921615583900471,0.9,0.07838441609952895
2839,1.5,1-3m,1.0,p75,p75,p75,0.04299711993641697,5.132964063916408,1.5851798835169348,0.8770344305749727,0.9605526752814456,"<image>These are frames of a video.
Measuring from the closest point of each object, what is the direct distance between the stapler and the table lamp (in meters)?
Please answer the question using a single word or phrase.",0.28880118361499246,0.0,1.2111988163850076,0.3835455278589609,0.0,1.1164544721410392,0.443070412556608,0.0,1.056929587443392,0.5799684494886104,0.0,0.9200315505113896,0.9605526752814456,0.3,0.5394473247185544,1.457002880063583,1.0,0.04299711993641697,1.9687254113758956,0.4,0.46872541137589563
2840,2.3,1-3m,0.7,p90,p90,p90,0.40361985662481104,6.231670288657552,1.5920668444468347,1.1614326264846688,0.9683789731155279,"<image>These are frames of a video.
Measuring from the closest point of each object, what is the direct distance between the heater and the blanket (in meters)?
Please answer the question using a single word or phrase.",0.19341830902700452,0.0,2.1065816909729955,0.3043132989283542,0.0,1.9956867010716457,0.3506682584358497,0.0,1.94933174156415,0.6553517237144137,0.0,1.644648276285586,0.9683789731155279,0.0,1.331621026884472,1.8167843501990826,0.6,0.48321564980091725,1.8963801433751888,0.7,0.40361985662481104
2841,2.6,1-3m,0.0,min|p05|p10|p25|median|p75|p90,p90,p90,1.4163279635443071,1.8898841201638332,0.5573521347079176,0.11522443307463048,0.7349407357444597,"<image>These are frames of a video.
Measuring from the closest point of each object, what is the direct distance between the mirror and the tv (in meters)?
Please answer the question using a single word or phrase.",0.5681434214758935,0.0,2.0318565785241067,0.6263199017477754,0.0,1.9736800982522247,0.6440420990638017,0.0,1.9559579009361983,0.6819217575262231,0.0,1.918078242473777,0.7349407357444597,0.0,1.8650592642555404,0.7971461906008536,0.0,1.8028538093991466,1.183672036455693,0.0,1.4163279635443071
2843,1.3,1-3m,0.7,p90,p90,p90,0.2269063646837728,3.688963783998784,0.7822006642410249,0.5189170594901624,0.5184303471167935,"<image>These are frames of a video.
Measuring from the closest point of each object, what is the direct distance between the backpack and the chair (in meters)?
Please answer the question using a single word or phrase.",0.14449687523100493,0.0,1.155503124768995,0.29089297107520234,0.0,1.0091070289247976,0.3202577531846975,0.0,0.9797422468153025,0.38898913726035217,0.0,0.9110108627396478,0.5184303471167935,0.0,0.7815696528832066,0.9079061967505145,0.4,0.3920938032494855,1.0730936353162273,0.7,0.2269063646837728
2844,3.0,>=3m,0.2,p90,p90,p90,1.3027240009961805,13.46028429688126,1.5711808912357705,1.215905546367766,1.3849190383450847,"<image>These are frames of a video.
Measuring from the closest point of each object, what is the direct distance between the fan and the desk (in meters)?
Please answer the question using a single word or phrase.",0.014830879580245723,0.0,2.985169120419754,0.12609510776804894,0.0,2.873904892231951,0.17060094413664606,0.0,2.829399055863354,0.306523845024755,0.0,2.693476154975245,1.3849190383450847,0.0,1.6150809616549153,1.5224293913925209,0.1,1.4775706086074791,1.6972759990038195,0.2,1.3027240009961805
2845,3.0,>=3m,0.1,median|p75|p90,p90,p90,1.3862545814997809,1.1090478436720257,0.15867255784061562,0.07564155116378268,1.5354716766769778,"<image>These are frames of a video.
Measuring from the closest point of each object, what is the direct distance between the tv and the washer (in meters)?
Please answer the question using a single word or phrase.",1.4106702590273004,0.0,1.5893297409726996,1.4550728606596035,0.0,1.5449271393403965,1.4709902812138715,0.0,1.5290097187861285,1.4989327279137648,0.0,1.5010672720862352,1.5354716766769778,0.1,1.4645283233230222,1.5745742790775474,0.1,1.4254257209224526,1.6137454185002191,0.1,1.3862545814997809
2846,1.8,1-3m,0.5,p90,p90,p90,0.515975052055669,8.58603532337077,1.134476885353757,0.2853162579088566,0.7682947452982039,"<image>These are frames of a video.
Measuring from the closest point of each object, what is the direct distance between the refrigerator and the dishwasher (in meters)?
Please answer the question using a single word or phrase.",0.0028226272686555716,0.0,1.7971773727313445,0.149548062590574,0.0,1.650451937409426,0.2048602860154641,0.0,1.595139713984536,0.6577353039726175,0.0,1.1422646960273826,0.7682947452982039,0.0,1.0317052547017962,0.9430515618814741,0.1,0.856948438118526,1.284024947944331,0.5,0.515975052055669
2847,3.7,>=3m,0.1,p90,p90,p90,1.8388335666865896,2.244958019136601,1.0321235659420176,0.7342869650447594,1.508802778950272,"<image>These are frames of a video.
Measuring from the closest point of each object, what is the direct distance between the toilet and the tv (in meters)?
Please answer the question using a single word or phrase.",0.7177600801897926,0.0,2.9822399198102074,0.8290428673713931,0.0,2.870957132628607,0.8751793435267405,0.0,2.8248206564732596,1.055814861168094,0.0,2.644185138831906,1.508802778950272,0.0,2.191197221049728,1.7901018262128534,0.0,1.9098981737871468,1.8611664333134106,0.1,1.8388335666865896
2848,2.3,1-3m,0.1,p90,p90,p90,1.1288291871071854,1.8387114087645895,0.5342188652896223,0.22757179115933956,0.8214525752868678,"<image>These are frames of a video.
Measuring from the closest point of each object, what is the direct distance between the door and the window (in meters)?
Please answer the question using a single word or phrase.",0.5291292596311077,0.0,1.7708707403688921,0.6369519476031922,0.0,1.6630480523968076,0.6628226332899415,0.0,1.6371773667100582,0.7278478403345181,0.0,1.5721521596654817,0.8214525752868678,0.0,1.478547424713132,0.9554196314938577,0.0,1.3445803685061422,1.1711708128928144,0.1,1.1288291871071854
2849,2.1,1-3m,0.2,p90,p90,p90,0.859734690131853,4.169596871101698,0.9428108200914311,0.5742219845281861,1.0102787201499213,"<image>These are frames of a video.
Measuring from the closest point of each object, what is the direct distance between the computer mouse and the bed (in meters)?
Please answer the question using a single word or phrase.",0.10164671179860428,0.0,1.998353288201396,0.297454489776716,0.0,1.8025455102232841,0.37125223408785,0.0,1.72874776591215,0.5520471055975712,0.0,1.547952894402429,1.0102787201499213,0.0,1.0897212798500788,1.1262690901257573,0.1,0.9737309098742428,1.240265309868147,0.2,0.859734690131853
2850,1.6,1-3m,0.3,p90,p90,p90,0.5642675393808159,12.743799152838605,0.9544590155344442,0.5971487438006019,0.735929832515458,"<image>These are frames of a video.
Measuring from the closest point of each object, what is the direct distance between the radiator and the chair (in meters)?
Please answer the question using a single word or phrase.",0.0,0.0,1.6,0.08127344508473998,0.0,1.5187265549152602,0.13104036734311336,0.0,1.4689596326568868,0.32129010589105933,0.0,1.2787098941089408,0.735929832515458,0.0,0.8640701674845421,0.9184388496916612,0.2,0.6815611503083389,1.0357324606191842,0.3,0.5642675393808159
2851,1.0,1-3m,1.0,p75,p75,p75,0.01686651327485733,1.5016128744340973,0.36434361620393885,0.18510840266674233,0.9284839255295742,"<image>These are frames of a video.
Measuring from the closest point of each object, what is the direct distance between the trash bin and the table (in meters)?
Please answer the question using a single word or phrase.",0.5867766352834191,0.2,0.41322336471658094,0.7263442283354051,0.5,0.27365577166459487,0.7607224759520785,0.6,0.23927752404792146,0.831758110608115,0.7,0.168241889391885,0.9284839255295742,0.9,0.07151607447042585,1.0168665132748573,1.0,0.01686651327485733,1.090687844539344,0.9,0.09068784453934398
2852,5.8,>=3m,0.0,min|p05|p10|p25|median|p75|p90,p90,p90,4.512998342630262,6.872935640307136,1.0997451887041563,0.7585097472499471,0.5989943624666013,"<image>These are frames of a video.
Measuring from the closest point of each object, what is the direct distance between the plant and the tv (in meters)?
Please answer the question using a single word or phrase.",0.06422277400161613,0.0,5.735777225998383,0.18725646866558254,0.0,5.612743531334417,0.21742285907296816,0.0,5.5825771409270315,0.3415341245165259,0.0,5.458465875483474,0.5989943624666013,0.0,5.201005637533399,1.1000438717664731,0.0,4.699956128233527,1.2870016573697387,0.0,4.512998342630262
2853,0.8,<1m,0.5,p25,p25,p25,0.21857590724954268,7.158186953020965,1.7123721633412714,0.8774994692024446,1.2442435288119338,"<image>These are frames of a video.
Measuring from the closest point of each object, what is the direct distance between the chair and the file folder (in meters)?
Please answer the question using a single word or phrase.",0.03474456573607579,0.0,0.7652554342639243,0.2780643355592264,0.0,0.5219356644407737,0.4503559503178273,0.2,0.3496440496821727,0.5814240927504574,0.5,0.21857590724954268,1.2442435288119338,0.0,0.44424352881193374,1.458923561952902,0.0,0.6589235619529019,1.990436498900498,0.0,1.1904364989004979
2855,0.5,<1m,0.9,median,median,median,0.031478452049432504,2.9879474248835596,0.6127290478455512,0.1937953183483181,0.4685215479505675,"<image>These are frames of a video.
Measuring from the closest point of each object, what is the direct distance between the chair and the computer mouse (in meters)?
Please answer the question using a single word or phrase.",0.19301698598187836,0.0,0.30698301401812167,0.30822195807388647,0.3,0.19177804192611353,0.3316523237420169,0.4,0.16834767625798308,0.38124025500743763,0.6,0.11875974499256237,0.4685215479505675,0.9,0.031478452049432504,0.5750355733557557,0.7,0.07503557335575572,0.9209510059194376,0.0,0.42095100591943757
2856,4.3,>=3m,0.2,p90,p90,p90,1.8911275792663895,9.208595326557086,2.147282858448627,1.6456023901654055,1.1727381983594358,"<image>These are frames of a video.
Measuring from the closest point of each object, what is the direct distance between the door and the window (in meters)?
Please answer the question using a single word or phrase.",0.0071862485290677515,0.0,4.292813751470932,0.2615895622849832,0.0,4.038410437715017,0.37036591166502064,0.0,3.9296340883349794,0.6950747172976038,0.0,3.604925282702396,1.1727381983594358,0.0,3.127261801640564,2.3406771074630095,0.1,1.9593228925369903,2.4088724207336103,0.2,1.8911275792663895
2857,1.1,1-3m,0.6,p90,p90,p90,0.26668777500161656,2.2908146698762297,0.4695498325376235,0.15190224127245783,0.5323915973332101,"<image>These are frames of a video.
Measuring from the closest point of each object, what is the direct distance between the table and the sofa (in meters)?
Please answer the question using a single word or phrase.",0.2808640862917216,0.0,0.8191359137082785,0.36376239246076003,0.0,0.7362376075392401,0.39553738859294446,0.0,0.7044626114070556,0.4659545032005556,0.0,0.6340454967994444,0.5323915973332101,0.0,0.56760840266679,0.6178567444730134,0.2,0.48214325552698667,0.8333122249983835,0.6,0.26668777500161656
2858,3.0,>=3m,0.0,min|p05|p10|p25|median|p75|p90,p90,p90,1.7692348881954951,2.3968315125927733,0.717268395269297,0.41543774461873595,0.9169612681103387,"<image>These are frames of a video.
Measuring from the closest point of each object, what is the direct distance between the sofa and the exhaust fan (in meters)?
Please answer the question using a single word or phrase.",0.4384816688228129,0.0,2.561518331177187,0.5134967165352079,0.0,2.486503283464792,0.5349173343272263,0.0,2.4650826656727736,0.5918500954116194,0.0,2.4081499045883805,0.9169612681103387,0.0,2.083038731889661,1.0072878400303553,0.0,1.9927121599696447,1.2307651118045049,0.0,1.7692348881954951
2859,3.0,>=3m,0.0,min|p05|p10|p25|median|p75|p90,p90,p90,1.9334498395834743,1.5866394006662232,0.39434312965157325,0.3490354536573852,0.899545055227746,"<image>These are frames of a video.
Measuring from the closest point of each object, what is the direct distance between the slippers and the ceiling light (in meters)?
Please answer the question using a single word or phrase.",0.6314827714432676,0.0,2.3685172285567324,0.6722070307649525,0.0,2.3277929692350474,0.6825878829277061,0.0,2.317412117072294,0.7038631618075035,0.0,2.2961368381924965,0.899545055227746,0.0,2.1004549447722543,1.0528986154648887,0.0,1.9471013845351113,1.0665501604165257,0.0,1.9334498395834743
